review_id,flight_id,route_id,review_date,nps_score,sentiment,review_text,language,source
REV000001,FLT00001,R001,2025-01-01,5,neutral,Entertainment options limited on this aircraft type. Otherwise acceptable.,en,TripAdvisor
REV000002,FLT00001,R001,2025-01-01,7,neutral,Food could be better. Flight was on time though.,en,Email Survey
REV000003,FLT00002,R002,2025-01-01,9,positive,"Vol agréable, divertissement à bord varié. On se sent vraiment bien traité.",fr,TripAdvisor
REV000004,FLT00002,R002,2025-01-01,9,positive,"Embarquement fluide, équipage souriant, vol parfait du début à la fin.",fr,Email Survey
REV000005,FLT00002,R002,2025-01-01,10,positive,Booked through the app and everything worked seamlessly.,en,Web
REV000006,FLT00003,R003,2025-01-01,9,positive,"Vol matinal très ponctuel, idéal pour les voyages d'affaires.",fr,Web
REV000007,FLT00003,R003,2025-01-01,10,positive,"Service impeccable, départ à l'heure. Bravo à l'équipage d'Air Côte d'Ivoire.",fr,TripAdvisor
REV000008,FLT00003,R003,2025-01-01,2,negative,Meal was inedible. Vegetarian option was just a piece of bread.,en,Email Survey
REV000009,FLT00003,R003,2025-01-01,9,positive,"Le nouveau A330 est superbe, sièges confortables même en éco.",fr,Web
REV000010,FLT00004,R004,2025-01-01,7,neutral,The flight was okay. Nothing special but nothing bad either.,en,TripAdvisor
REV000011,FLT00004,R004,2025-01-01,6,neutral,Lounge in CDG was crowded but the flight crew was helpful.,en,App
REV000012,FLT00004,R004,2025-01-01,10,positive,Premium economy seat was worth every dollar on the long-haul.,en,App
REV000013,FLT00004,R004,2025-01-01,7,neutral,Lounge in CDG was crowded but the flight crew was helpful.,en,Email Survey
REV000014,FLT00004,R004,2025-01-01,6,neutral,"Vol correct, rien d'exceptionnel. Le service est moyen.",fr,App
REV000015,FLT00005,R004,2025-01-01,5,negative,Cabin was overheated for the entire flight. No working AC.,en,App
REV000016,FLT00006,R005,2025-01-01,3,negative,Meal was inedible. Vegetarian option was just a piece of bread. Recurring issue: baggage frequently mishandled on the Dakar line.,en,Web
REV000017,FLT00006,R005,2025-01-01,9,positive,"Repas africain délicieux à bord, vraie touche locale appréciable.",fr,Web
REV000018,FLT00006,R005,2025-01-01,5,neutral,Seat was a bit cramped but the crew was friendly. Average experience.,en,Web
REV000019,FLT00006,R005,2025-01-01,8,positive,Booked through the app and everything worked seamlessly.,en,TripAdvisor
REV000020,FLT00006,R005,2025-01-01,8,positive,"Great connection between ABJ and CDG, comparable to European carriers.",en,App
REV000021,FLT00007,R005,2025-01-01,8,neutral,Embarquement un peu long mais le vol s'est bien déroulé ensuite.,fr,TripAdvisor
REV000022,FLT00008,R006,2025-01-01,8,positive,"Embarquement fluide, équipage souriant, vol parfait du début à la fin.",fr,TripAdvisor
REV000023,FLT00008,R006,2025-01-01,5,negative,"Repas immangeable, je n'ai pas pu finir mon plateau.",fr,Email Survey
REV000024,FLT00009,R006,2025-01-01,8,positive,Excellente compagnie. Les hôtesses étaient attentionnées et le pilote très rassurant.,fr,TripAdvisor
REV000025,FLT00009,R006,2025-01-01,2,negative,"Comparé à Ethiopian ou Air France, le niveau de service n'y est pas.",fr,App
REV000026,FLT00010,R007,2025-01-01,8,positive,"Surclassement gratuit en Business, expérience inoubliable. Merci ACI !",fr,App
REV000027,FLT00010,R007,2025-01-01,10,positive,"Le nouveau A330 est superbe, sièges confortables même en éco.",fr,App
REV000028,FLT00010,R007,2025-01-01,8,positive,"Voyage en famille parfaitement géré, attention particulière aux enfants.",fr,App
REV000029,FLT00011,R008,2025-01-01,8,neutral,Climatisation un peu froide mais des couvertures étaient disponibles.,fr,Web
REV000030,FLT00012,R009,2025-01-01,9,positive,"Surclassement gratuit en Business, expérience inoubliable. Merci ACI !",fr,Web
REV000031,FLT00012,R009,2025-01-01,9,positive,"Clean aircraft, friendly staff. Will definitely book again.",en,Web
REV000032,FLT00012,R009,2025-01-01,8,positive,Surprised by the quality on this regional flight. Pleasant experience overall.,en,Web
REV000033,FLT00012,R009,2025-01-01,10,positive,Crew handled a minor turbulence event calmly and professionally. Reassuring.,en,Email Survey
REV000034,FLT00013,R009,2025-01-01,4,negative,Cabin was overheated for the entire flight. No working AC.,en,Email Survey
REV000035,FLT00014,R010,2025-01-01,8,neutral,"Le check-in en ligne fonctionne bien, l'embarquement aussi.",fr,TripAdvisor
REV000036,FLT00014,R010,2025-01-01,10,positive,Surprised by the quality on this regional flight. Pleasant experience overall.,en,App
REV000037,FLT00014,R010,2025-01-01,4,negative,Frequent flyer points still not credited after multiple complaints.,en,TripAdvisor
REV000038,FLT00015,R011,2025-01-01,10,positive,On-time departure and smooth landing. Great value for money on this route.,en,Web
REV000039,FLT00015,R011,2025-01-01,5,negative,Réclamation pour bagage abîmé ignorée depuis 3 semaines.,fr,App
REV000040,FLT00016,R012,2025-01-01,6,neutral,"Le check-in en ligne fonctionne bien, l'embarquement aussi.",fr,App
REV000041,FLT00016,R012,2025-01-01,7,neutral,"Le check-in en ligne fonctionne bien, l'embarquement aussi.",fr,TripAdvisor
REV000042,FLT00016,R012,2025-01-01,8,positive,Le rapport qualité-prix sur cette destination est imbattable. Continuez ainsi.,fr,Email Survey
REV000043,FLT00016,R012,2025-01-01,10,positive,"Vol matinal très ponctuel, idéal pour les voyages d'affaires.",fr,App
REV000044,FLT00016,R012,2025-01-01,2,negative,Vol annulé et rebooking chaotique. Communication désastreuse.,fr,Web
REV000045,FLT00016,R012,2025-01-01,6,neutral,Standard regional service. Aircraft was clean enough.,en,TripAdvisor
REV000046,FLT00017,R001,2025-01-02,10,positive,"Voyage en famille parfaitement géré, attention particulière aux enfants.",fr,TripAdvisor
REV000047,FLT00017,R001,2025-01-02,6,neutral,Climatisation un peu froide mais des couvertures étaient disponibles.,fr,App
REV000048,FLT00017,R001,2025-01-02,10,positive,Booked through the app and everything worked seamlessly.,en,TripAdvisor
REV000049,FLT00017,R001,2025-01-02,8,neutral,Decent flight overall. The check-in process was a little slow.,en,Email Survey
REV000050,FLT00017,R001,2025-01-02,8,positive,"Service impeccable, départ à l'heure. Bravo à l'équipage d'Air Côte d'Ivoire.",fr,Web
REV000051,FLT00017,R001,2025-01-02,2,negative,Inflight Wi-Fi did not work despite being charged for it. Recurring issue: systematic morning delays on the Bouaké rotation.,en,Web
REV000052,FLT00018,R002,2025-01-02,8,positive,"Repas africain délicieux à bord, vraie touche locale appréciable.",fr,Email Survey
REV000053,FLT00018,R002,2025-01-02,4,negative,Crew was rude when I asked about my missed connection.,en,Email Survey
REV000054,FLT00018,R002,2025-01-02,6,neutral,Départ légèrement en retard mais arrivée à l'heure. Acceptable.,fr,TripAdvisor
REV000055,FLT00018,R002,2025-01-02,4,negative,Vol annulé et rebooking chaotique. Communication désastreuse.,fr,Web
REV000056,FLT00019,R003,2025-01-02,10,positive,Excellente compagnie. Les hôtesses étaient attentionnées et le pilote très rassurant.,fr,Email Survey
REV000057,FLT00019,R003,2025-01-02,5,neutral,Boarding took longer than expected but the flight itself was fine.,en,Web
REV000058,FLT00020,R004,2025-01-02,10,positive,Business cabin on the A330 is excellent value compared to competitors.,en,TripAdvisor
REV000059,FLT00020,R004,2025-01-02,9,positive,Booked through the app and everything worked seamlessly.,en,TripAdvisor
REV000060,FLT00020,R004,2025-01-02,6,neutral,Repas basique mais consommable. Le siège était convenable.,fr,Email Survey
REV000061,FLT00020,R004,2025-01-02,8,positive,"Great connection between ABJ and CDG, comparable to European carriers.",en,TripAdvisor
REV000062,FLT00020,R004,2025-01-02,6,neutral,"Vol correct, rien d'exceptionnel. Le service est moyen.",fr,TripAdvisor
REV000063,FLT00021,R004,2025-01-02,9,positive,"Le nouveau A330 est superbe, sièges confortables même en éco.",fr,TripAdvisor
REV000064,FLT00021,R004,2025-01-02,9,positive,Excellente compagnie. Les hôtesses étaient attentionnées et le pilote très rassurant.,fr,Email Survey
REV000065,FLT00021,R004,2025-01-02,8,positive,The cabin crew was outstanding. Very attentive and professional.,en,Web
REV000066,FLT00022,R005,2025-01-02,0,negative,Cabin was overheated for the entire flight. No working AC. Recurring issue: baggage frequently mishandled on the Dakar line.,en,Email Survey
REV000067,FLT00022,R005,2025-01-02,3,negative,Aucune assistance pour ma correspondance ratée à cause du retard. Problème récurrent : bagages fréquemment perdus sur la liaison Dakar.,fr,Email Survey
REV000068,FLT00022,R005,2025-01-02,1,negative,Aucune assistance pour ma correspondance ratée à cause du retard.,fr,Web
REV000069,FLT00022,R005,2025-01-02,0,negative,Frequent flyer points still not credited after multiple complaints.,en,Email Survey
REV000070,FLT00022,R005,2025-01-02,3,negative,Réclamation pour bagage abîmé ignorée depuis 3 semaines.,fr,App
REV000071,FLT00023,R005,2025-01-02,8,positive,"Service impeccable, départ à l'heure. Bravo à l'équipage d'Air Côte d'Ivoire.",fr,Web
REV000072,FLT00024,R006,2025-01-02,10,positive,"Vol agréable, divertissement à bord varié. On se sent vraiment bien traité.",fr,Email Survey
REV000073,FLT00024,R006,2025-01-02,9,positive,Excellente compagnie. Les hôtesses étaient attentionnées et le pilote très rassurant.,fr,Email Survey
REV000074,FLT00024,R006,2025-01-02,10,positive,Premium economy seat was worth every dollar on the long-haul.,en,App
REV000075,FLT00024,R006,2025-01-02,5,negative,"Cancelled with only 2 hours notice. No rebooking offered, no hotel.",en,TripAdvisor
REV000076,FLT00024,R006,2025-01-02,8,positive,"Service impeccable, départ à l'heure. Bravo à l'équipage d'Air Côte d'Ivoire.",fr,TripAdvisor
REV000077,FLT00025,R006,2025-01-02,8,positive,Business cabin on the A330 is excellent value compared to competitors.,en,TripAdvisor
REV000078,FLT00025,R006,2025-01-02,6,neutral,"Vol sans surprise, ni bonne ni mauvaise. Je referai si nécessaire.",fr,TripAdvisor
REV000079,FLT00025,R006,2025-01-02,7,neutral,Food could be better. Flight was on time though.,en,App
REV000080,FLT00025,R006,2025-01-02,6,neutral,"Vol sans surprise, ni bonne ni mauvaise. Je referai si nécessaire.",fr,App
REV000081,FLT00025,R006,2025-01-02,8,neutral,Départ légèrement en retard mais arrivée à l'heure. Acceptable.,fr,App
REV000082,FLT00025,R006,2025-01-02,10,positive,On-time departure and smooth landing. Great value for money on this route.,en,Email Survey
REV000083,FLT00026,R007,2025-01-02,9,positive,Surprised by the quality on this regional flight. Pleasant experience overall.,en,App
REV000084,FLT00026,R007,2025-01-02,6,neutral,Départ légèrement en retard mais arrivée à l'heure. Acceptable.,fr,Web
REV000085,FLT00026,R007,2025-01-02,8,positive,Loved the African hospitality on board. Felt welcomed throughout.,en,Web
REV000086,FLT00026,R007,2025-01-02,9,positive,"Voyage en famille parfaitement géré, attention particulière aux enfants.",fr,App
REV000087,FLT00026,R007,2025-01-02,10,positive,"Le nouveau A330 est superbe, sièges confortables même en éco.",fr,Web
REV000088,FLT00027,R008,2025-01-02,9,positive,"Vol matinal très ponctuel, idéal pour les voyages d'affaires.",fr,Web
REV000089,FLT00027,R008,2025-01-02,4,negative,"Repas immangeable, je n'ai pas pu finir mon plateau. Problème récurrent : annulations répétées sur la ligne Ouagadougou.",fr,Email Survey
REV000090,FLT00027,R008,2025-01-02,5,neutral,Decent flight overall. The check-in process was a little slow.,en,App
REV000091,FLT00027,R008,2025-01-02,8,positive,"Très bon vol, siège confortable et repas savoureux. Recommandé sans hésiter.",fr,Email Survey
REV000092,FLT00027,R008,2025-01-02,10,positive,"Repas africain délicieux à bord, vraie touche locale appréciable.",fr,TripAdvisor
REV000093,FLT00027,R008,2025-01-02,9,positive,"Voyage en famille parfaitement géré, attention particulière aux enfants.",fr,Email Survey
REV000094,FLT00028,R009,2025-01-02,5,negative,Aucune assistance pour ma correspondance ratée à cause du retard. Problème récurrent : retards liés aux créneaux horaires à Paris CDG.,fr,Email Survey
REV000095,FLT00028,R009,2025-01-02,6,neutral,Service standard pour le prix payé. Pas de quoi se plaindre.,fr,Email Survey
REV000096,FLT00028,R009,2025-01-02,9,positive,"Vol agréable, divertissement à bord varié. On se sent vraiment bien traité.",fr,App
REV000097,FLT00028,R009,2025-01-02,9,positive,On-time departure and smooth landing. Great value for money on this route.,en,App
REV000098,FLT00029,R009,2025-01-02,10,positive,"Service impeccable, départ à l'heure. Bravo à l'équipage d'Air Côte d'Ivoire.",fr,Web
REV000099,FLT00029,R009,2025-01-02,6,neutral,Decent flight overall. The check-in process was a little slow.,en,Web
REV000100,FLT00029,R009,2025-01-02,8,positive,"Vol agréable, divertissement à bord varié. On se sent vraiment bien traité.",fr,App
REV000101,FLT00029,R009,2025-01-02,10,positive,Booked through the app and everything worked seamlessly.,en,Web
REV000102,FLT00029,R009,2025-01-02,5,neutral,"Le check-in en ligne fonctionne bien, l'embarquement aussi.",fr,Web
REV000103,FLT00029,R009,2025-01-02,6,negative,"Cancelled with only 2 hours notice. No rebooking offered, no hotel.",en,App
REV000104,FLT00030,R010,2025-01-02,6,neutral,Service standard pour le prix payé. Pas de quoi se plaindre.,fr,TripAdvisor
REV000105,FLT00030,R010,2025-01-02,8,positive,"Voyage en famille parfaitement géré, attention particulière aux enfants.",fr,Email Survey
REV000106,FLT00031,R011,2025-01-02,10,positive,Excellente compagnie. Les hôtesses étaient attentionnées et le pilote très rassurant.,fr,App
REV000107,FLT00031,R011,2025-01-02,7,neutral,Decent flight overall. The check-in process was a little slow.,en,TripAdvisor
REV000108,FLT00031,R011,2025-01-02,9,positive,"Great connection between ABJ and CDG, comparable to European carriers.",en,Web
REV000109,FLT00031,R011,2025-01-02,10,positive,"Embarquement fluide, équipage souriant, vol parfait du début à la fin.",fr,Web
REV000110,FLT00031,R011,2025-01-02,9,positive,Crew handled a minor turbulence event calmly and professionally. Reassuring.,en,Web
REV000111,FLT00031,R011,2025-01-02,5,neutral,Decent flight overall. The check-in process was a little slow.,en,App
REV000112,FLT00032,R012,2025-01-02,9,positive,"Personnel chaleureux, accueil africain authentique. Je recommande à 100%.",fr,TripAdvisor
REV000113,FLT00032,R012,2025-01-02,9,positive,Premium economy seat was worth every dollar on the long-haul.,en,Email Survey
REV000114,FLT00033,R001,2025-01-03,5,neutral,"Vol sans surprise, ni bonne ni mauvaise. Je referai si nécessaire.",fr,App
REV000115,FLT00033,R001,2025-01-03,2,negative,Cabin was overheated for the entire flight. No working AC. Recurring issue: systematic morning delays on the Bouaké rotation.,en,Web
REV000116,FLT00033,R001,2025-01-03,5,neutral,Climatisation un peu froide mais des couvertures étaient disponibles.,fr,TripAdvisor
REV000117,FLT00033,R001,2025-01-03,6,neutral,Food could be better. Flight was on time though.,en,App
REV000118,FLT00034,R002,2025-01-03,8,positive,Crew handled a minor turbulence event calmly and professionally. Reassuring.,en,TripAdvisor
REV000119,FLT00034,R002,2025-01-03,8,positive,"Surclassement gratuit en Business, expérience inoubliable. Merci ACI !",fr,Email Survey
REV000120,FLT00034,R002,2025-01-03,2,negative,"Cancelled with only 2 hours notice. No rebooking offered, no hotel. Recurring issue: uncomfortable ATR seat for this flight length.",en,Web
REV000121,FLT00035,R003,2025-01-03,8,neutral,Repas basique mais consommable. Le siège était convenable.,fr,Web
REV000122,FLT00035,R003,2025-01-03,6,negative,Flight delayed 3 hours. No communication from staff. Very frustrated.,en,TripAdvisor
REV000123,FLT00035,R003,2025-01-03,5,neutral,Boarding took longer than expected but the flight itself was fine.,en,App
REV000124,FLT00036,R004,2025-01-03,8,positive,"Vol excellent, équipage très professionnel. Je reviendrai certainement.",fr,Web
REV000125,FLT00036,R004,2025-01-03,9,positive,Excellent flight from check-in to landing. Staff were very helpful and friendly.,en,App
REV000126,FLT00036,R004,2025-01-03,10,positive,"Personnel chaleureux, accueil africain authentique. Je recommande à 100%.",fr,Email Survey
REV000127,FLT00036,R004,2025-01-03,2,negative,Vol annulé et rebooking chaotique. Communication désastreuse.,fr,Web
REV000128,FLT00036,R004,2025-01-03,9,positive,"Surclassement gratuit en Business, expérience inoubliable. Merci ACI !",fr,TripAdvisor
REV000129,FLT00037,R004,2025-01-03,9,positive,"Voyage en famille parfaitement géré, attention particulière aux enfants.",fr,TripAdvisor
REV000130,FLT00037,R004,2025-01-03,9,positive,"Vol excellent, équipage très professionnel. Je reviendrai certainement.",fr,Web
REV000131,FLT00038,R005,2025-01-03,8,positive,"Très bon vol, siège confortable et repas savoureux. Recommandé sans hésiter.",fr,TripAdvisor
REV000132,FLT00038,R005,2025-01-03,8,positive,"Très bon vol, siège confortable et repas savoureux. Recommandé sans hésiter.",fr,Email Survey
REV000133,FLT00038,R005,2025-01-03,4,negative,Lost my baggage and still waiting for it. Unacceptable service. Recurring issue: baggage frequently mishandled on the Dakar line.,en,TripAdvisor
REV000134,FLT00038,R005,2025-01-03,7,neutral,Entertainment options limited on this aircraft type. Otherwise acceptable.,en,TripAdvisor
REV000135,FLT00038,R005,2025-01-03,2,negative,Vol annulé et rebooking chaotique. Communication désastreuse. Problème récurrent : bagages fréquemment perdus sur la liaison Dakar.,fr,App
REV000136,FLT00038,R005,2025-01-03,10,positive,Surprised by the quality on this regional flight. Pleasant experience overall.,en,TripAdvisor
REV000137,FLT00039,R005,2025-01-03,9,positive,"Smooth flight, great food options. The lounge access in Abidjan was a nice touch.",en,TripAdvisor
REV000138,FLT00039,R005,2025-01-03,10,positive,"Très bon vol, siège confortable et repas savoureux. Recommandé sans hésiter.",fr,Email Survey
REV000139,FLT00039,R005,2025-01-03,7,neutral,Repas basique mais consommable. Le siège était convenable.,fr,TripAdvisor
REV000140,FLT00039,R005,2025-01-03,5,neutral,"Le check-in en ligne fonctionne bien, l'embarquement aussi.",fr,Email Survey
REV000141,FLT00039,R005,2025-01-03,3,negative,"Siège cassé, repas servi froid, service lent. Billet trop cher pour cette qualité. Problème récurrent : bagages fréquemment perdus sur la liaison Dakar.",fr,TripAdvisor
REV000142,FLT00040,R006,2025-01-03,8,positive,"Vol agréable, divertissement à bord varié. On se sent vraiment bien traité.",fr,App
REV000143,FLT00041,R006,2025-01-03,0,negative,"Wi-Fi annoncé mais inopérant pendant tout le vol. Décevant. Problème récurrent : encombrement chronique à Lagos, créneaux non respectés.",fr,Web
REV000144,FLT00041,R006,2025-01-03,1,negative,"The aircraft was dirty. Seat wouldn't recline. Disappointed. Recurring issue: Lagos congestion, schedule slots routinely missed.",en,TripAdvisor
REV000145,FLT00041,R006,2025-01-03,3,negative,"Réclamation pour bagage abîmé ignorée depuis 3 semaines. Problème récurrent : encombrement chronique à Lagos, créneaux non respectés.",fr,App
REV000146,FLT00041,R006,2025-01-03,2,negative,"Embarquement chaotique, file d'attente interminable au comptoir.",fr,Email Survey
REV000147,FLT00041,R006,2025-01-03,0,negative,"Vol annulé et rebooking chaotique. Communication désastreuse. Problème récurrent : encombrement chronique à Lagos, créneaux non respectés.",fr,App
REV000148,FLT00042,R007,2025-01-03,9,positive,"Smooth flight, great food options. The lounge access in Abidjan was a nice touch.",en,App
REV000149,FLT00042,R007,2025-01-03,9,positive,"Surclassement gratuit en Business, expérience inoubliable. Merci ACI !",fr,Web
REV000150,FLT00042,R007,2025-01-03,8,positive,"Voyage en famille parfaitement géré, attention particulière aux enfants.",fr,Email Survey
REV000151,FLT00042,R007,2025-01-03,7,neutral,Climatisation un peu froide mais des couvertures étaient disponibles.,fr,Web
REV000152,FLT00042,R007,2025-01-03,10,positive,"Vol agréable, divertissement à bord varié. On se sent vraiment bien traité.",fr,App
REV000153,FLT00042,R007,2025-01-03,10,positive,Business cabin on the A330 is excellent value compared to competitors.,en,App
REV000154,FLT00043,R008,2025-01-03,3,negative,"Siège cassé, repas servi froid, service lent. Billet trop cher pour cette qualité.",fr,App
REV000155,FLT00044,R009,2025-01-03,7,neutral,Lounge in CDG was crowded but the flight crew was helpful.,en,Email Survey
REV000156,FLT00045,R009,2025-01-03,8,positive,Crew handled a minor turbulence event calmly and professionally. Reassuring.,en,Web
REV000157,FLT00045,R009,2025-01-03,7,neutral,Boarding took longer than expected but the flight itself was fine.,en,TripAdvisor
REV000158,FLT00045,R009,2025-01-03,9,positive,On-time departure and smooth landing. Great value for money on this route.,en,TripAdvisor
REV000159,FLT00045,R009,2025-01-03,6,negative,Mes points fidélité n'ont pas été crédités après ce vol. Service après-vente injoignable. Problème récurrent : retards liés aux créneaux horaires à Paris CDG.,fr,Web
REV000160,FLT00045,R009,2025-01-03,8,positive,Business cabin on the A330 is excellent value compared to competitors.,en,App
REV000161,FLT00046,R010,2025-01-03,8,neutral,"Le check-in en ligne fonctionne bien, l'embarquement aussi.",fr,App
REV000162,FLT00046,R010,2025-01-03,8,neutral,"Le check-in en ligne fonctionne bien, l'embarquement aussi.",fr,TripAdvisor
REV000163,FLT00046,R010,2025-01-03,8,positive,"Vol excellent, équipage très professionnel. Je reviendrai certainement.",fr,Email Survey
REV000164,FLT00046,R010,2025-01-03,5,neutral,"Le check-in en ligne fonctionne bien, l'embarquement aussi.",fr,TripAdvisor
REV000165,FLT00046,R010,2025-01-03,7,neutral,Embarquement un peu long mais le vol s'est bien déroulé ensuite.,fr,Email Survey
REV000166,FLT00046,R010,2025-01-03,8,positive,"Très bon vol, siège confortable et repas savoureux. Recommandé sans hésiter.",fr,Email Survey
REV000167,FLT00047,R011,2025-01-03,10,positive,"Très bon vol, siège confortable et repas savoureux. Recommandé sans hésiter.",fr,Web
REV000168,FLT00048,R012,2025-01-03,6,neutral,Repas basique mais consommable. Le siège était convenable.,fr,App
REV000169,FLT00048,R012,2025-01-03,10,positive,"Surclassement gratuit en Business, expérience inoubliable. Merci ACI !",fr,Web
REV000170,FLT00049,R001,2025-01-04,4,negative,Cabin was overheated for the entire flight. No working AC. Recurring issue: systematic morning delays on the Bouaké rotation.,en,Web
REV000171,FLT00050,R002,2025-01-04,5,neutral,Boarding took longer than expected but the flight itself was fine.,en,Email Survey
REV000172,FLT00050,R002,2025-01-04,9,positive,Excellent flight from check-in to landing. Staff were very helpful and friendly.,en,App
REV000173,FLT00050,R002,2025-01-04,7,neutral,Decent flight overall. The check-in process was a little slow.,en,TripAdvisor
REV000174,FLT00051,R003,2025-01-04,10,positive,"Le nouveau A330 est superbe, sièges confortables même en éco.",fr,TripAdvisor
REV000175,FLT00051,R003,2025-01-04,10,positive,"Vol agréable, divertissement à bord varié. On se sent vraiment bien traité.",fr,Web
REV000176,FLT00052,R004,2025-01-04,8,positive,"Great connection between ABJ and CDG, comparable to European carriers.",en,Email Survey
REV000177,FLT00052,R004,2025-01-04,10,positive,"Great connection between ABJ and CDG, comparable to European carriers.",en,Email Survey
REV000178,FLT00053,R004,2025-01-04,8,positive,"Vol agréable, divertissement à bord varié. On se sent vraiment bien traité.",fr,Email Survey
REV000179,FLT00053,R004,2025-01-04,8,positive,Le rapport qualité-prix sur cette destination est imbattable. Continuez ainsi.,fr,TripAdvisor
REV000180,FLT00053,R004,2025-01-04,10,positive,"Le nouveau A330 est superbe, sièges confortables même en éco.",fr,App
REV000181,FLT00053,R004,2025-01-04,8,positive,On-time departure and smooth landing. Great value for money on this route.,en,App
REV000182,FLT00053,R004,2025-01-04,5,neutral,Food could be better. Flight was on time though.,en,Email Survey
REV000183,FLT00053,R004,2025-01-04,10,positive,Business cabin on the A330 is excellent value compared to competitors.,en,App
REV000184,FLT00054,R005,2025-01-04,10,positive,Surprised by the quality on this regional flight. Pleasant experience overall.,en,App
REV000185,FLT00055,R005,2025-01-04,8,neutral,"Avion propre, équipage poli sans plus. Vol sans incident.",fr,Web
REV000186,FLT00055,R005,2025-01-04,8,positive,"Personnel chaleureux, accueil africain authentique. Je recommande à 100%.",fr,Web
REV000187,FLT00056,R006,2025-01-04,8,positive,"Service impeccable, départ à l'heure. Bravo à l'équipage d'Air Côte d'Ivoire.",fr,Web
REV000188,FLT00056,R006,2025-01-04,5,negative,"Vol annulé et rebooking chaotique. Communication désastreuse. Problème récurrent : encombrement chronique à Lagos, créneaux non respectés.",fr,Email Survey
REV000189,FLT00056,R006,2025-01-04,8,positive,"Surclassement gratuit en Business, expérience inoubliable. Merci ACI !",fr,Web
REV000190,FLT00056,R006,2025-01-04,5,negative,Réclamation pour bagage abîmé ignorée depuis 3 semaines.,fr,App
REV000191,FLT00056,R006,2025-01-04,3,negative,Bagages perdus et aucune aide de l'équipe au sol. Très déçu.,fr,Web
REV000192,FLT00056,R006,2025-01-04,5,neutral,Service standard pour le prix payé. Pas de quoi se plaindre.,fr,App
REV000193,FLT00057,R006,2025-01-04,10,positive,Surprised by the quality on this regional flight. Pleasant experience overall.,en,Email Survey
REV000194,FLT00058,R007,2025-01-04,4,negative,"Repas immangeable, je n'ai pas pu finir mon plateau.",fr,Web
REV000195,FLT00058,R007,2025-01-04,9,positive,Premium economy seat was worth every dollar on the long-haul.,en,Web
REV000196,FLT00058,R007,2025-01-04,5,neutral,The flight was okay. Nothing special but nothing bad either.,en,Email Survey
REV000197,FLT00058,R007,2025-01-04,8,positive,Crew handled a minor turbulence event calmly and professionally. Reassuring.,en,TripAdvisor
REV000198,FLT00058,R007,2025-01-04,8,neutral,Seat was a bit cramped but the crew was friendly. Average experience.,en,App
REV000199,FLT00058,R007,2025-01-04,4,negative,Vol annulé et rebooking chaotique. Communication désastreuse. Problème récurrent : turbulences fréquentes et service perturbé.,fr,Email Survey
REV000200,FLT00059,R008,2025-01-04,9,positive,Crew handled a minor turbulence event calmly and professionally. Reassuring.,en,TripAdvisor
REV000201,FLT00059,R008,2025-01-04,10,positive,Surprised by the quality on this regional flight. Pleasant experience overall.,en,Email Survey
REV000202,FLT00060,R009,2025-01-04,10,positive,"Great connection between ABJ and CDG, comparable to European carriers.",en,TripAdvisor
REV000203,FLT00060,R009,2025-01-04,8,neutral,Départ légèrement en retard mais arrivée à l'heure. Acceptable.,fr,TripAdvisor
REV000204,FLT00060,R009,2025-01-04,6,neutral,Départ légèrement en retard mais arrivée à l'heure. Acceptable.,fr,Email Survey
REV000205,FLT00060,R009,2025-01-04,8,positive,"Surclassement gratuit en Business, expérience inoubliable. Merci ACI !",fr,TripAdvisor
REV000206,FLT00060,R009,2025-01-04,2,negative,Crew was rude when I asked about my missed connection. Recurring issue: Paris CDG slot delays affecting connections.,en,Email Survey
REV000207,FLT00060,R009,2025-01-04,10,positive,"Vol agréable, divertissement à bord varié. On se sent vraiment bien traité.",fr,Email Survey
REV000208,FLT00061,R009,2025-01-04,8,positive,On-time departure and smooth landing. Great value for money on this route.,en,Email Survey
REV000209,FLT00061,R009,2025-01-04,9,positive,"Surclassement gratuit en Business, expérience inoubliable. Merci ACI !",fr,App
REV000210,FLT00062,R010,2025-01-04,8,neutral,Climatisation un peu froide mais des couvertures étaient disponibles.,fr,Email Survey
REV000211,FLT00062,R010,2025-01-04,8,positive,"Embarquement fluide, équipage souriant, vol parfait du début à la fin.",fr,App
REV000212,FLT00062,R010,2025-01-04,8,neutral,"Avion propre, équipage poli sans plus. Vol sans incident.",fr,Email Survey
REV000213,FLT00062,R010,2025-01-04,10,positive,"Vol matinal très ponctuel, idéal pour les voyages d'affaires.",fr,Web
REV000214,FLT00062,R010,2025-01-04,8,neutral,"Vol correct, rien d'exceptionnel. Le service est moyen.",fr,Web
REV000215,FLT00062,R010,2025-01-04,10,positive,"Vol excellent, équipage très professionnel. Je reviendrai certainement.",fr,Email Survey
REV000216,FLT00063,R011,2025-01-04,9,positive,"Voyage en famille parfaitement géré, attention particulière aux enfants.",fr,TripAdvisor
REV000217,FLT00063,R011,2025-01-04,7,neutral,Repas basique mais consommable. Le siège était convenable.,fr,TripAdvisor
REV000218,FLT00063,R011,2025-01-04,8,positive,Loved the African hospitality on board. Felt welcomed throughout.,en,TripAdvisor
REV000219,FLT00063,R011,2025-01-04,8,positive,Crew handled a minor turbulence event calmly and professionally. Reassuring.,en,App
REV000220,FLT00063,R011,2025-01-04,10,positive,"Personnel chaleureux, accueil africain authentique. Je recommande à 100%.",fr,App
REV000221,FLT00064,R012,2025-01-04,10,positive,"Vol agréable, divertissement à bord varié. On se sent vraiment bien traité.",fr,TripAdvisor
REV000222,FLT00064,R012,2025-01-04,8,neutral,Repas basique mais consommable. Le siège était convenable.,fr,Web
REV000223,FLT00064,R012,2025-01-04,10,positive,"Le nouveau A330 est superbe, sièges confortables même en éco.",fr,Web
REV000224,FLT00064,R012,2025-01-04,10,positive,"Service impeccable, départ à l'heure. Bravo à l'équipage d'Air Côte d'Ivoire.",fr,App
REV000225,FLT00064,R012,2025-01-04,9,positive,"Embarquement fluide, équipage souriant, vol parfait du début à la fin.",fr,Email Survey
REV000226,FLT00064,R012,2025-01-04,9,positive,On-time departure and smooth landing. Great value for money on this route.,en,App
REV000227,FLT00065,R001,2025-01-05,8,positive,Surprised by the quality on this regional flight. Pleasant experience overall.,en,App
REV000228,FLT00065,R001,2025-01-05,9,positive,"Smooth flight, great food options. The lounge access in Abidjan was a nice touch.",en,TripAdvisor
REV000229,FLT00065,R001,2025-01-05,9,positive,"Vol matinal très ponctuel, idéal pour les voyages d'affaires.",fr,Web
REV000230,FLT00065,R001,2025-01-05,5,neutral,Boarding took longer than expected but the flight itself was fine.,en,TripAdvisor
REV000231,FLT00065,R001,2025-01-05,10,positive,The cabin crew was outstanding. Very attentive and professional.,en,App
REV000232,FLT00066,R002,2025-01-05,8,positive,"Smooth flight, great food options. The lounge access in Abidjan was a nice touch.",en,Email Survey
REV000233,FLT00066,R002,2025-01-05,10,positive,"Service impeccable, départ à l'heure. Bravo à l'équipage d'Air Côte d'Ivoire.",fr,Email Survey
REV000234,FLT00066,R002,2025-01-05,6,neutral,Food could be better. Flight was on time though.,en,Web
REV000235,FLT00066,R002,2025-01-05,9,positive,"Surclassement gratuit en Business, expérience inoubliable. Merci ACI !",fr,TripAdvisor
REV000236,FLT00066,R002,2025-01-05,8,neutral,Repas basique mais consommable. Le siège était convenable.,fr,Email Survey
REV000237,FLT00067,R003,2025-01-05,6,negative,Frequent flyer points still not credited after multiple complaints.,en,TripAdvisor
REV000238,FLT00067,R003,2025-01-05,9,positive,"Personnel chaleureux, accueil africain authentique. Je recommande à 100%.",fr,App
REV000239,FLT00067,R003,2025-01-05,8,positive,Excellente compagnie. Les hôtesses étaient attentionnées et le pilote très rassurant.,fr,Email Survey
REV000240,FLT00067,R003,2025-01-05,7,neutral,Départ légèrement en retard mais arrivée à l'heure. Acceptable.,fr,App
REV000241,FLT00067,R003,2025-01-05,7,neutral,"Personnel correct, divertissement limité. Acceptable pour la durée.",fr,Web
REV000242,FLT00068,R004,2025-01-05,8,positive,Business cabin on the A330 is excellent value compared to competitors.,en,TripAdvisor
REV000243,FLT00068,R004,2025-01-05,5,negative,Wi-Fi annoncé mais inopérant pendant tout le vol. Décevant.,fr,Email Survey
REV000244,FLT00068,R004,2025-01-05,10,positive,"Surclassement gratuit en Business, expérience inoubliable. Merci ACI !",fr,Web
REV000245,FLT00068,R004,2025-01-05,9,positive,Excellente compagnie. Les hôtesses étaient attentionnées et le pilote très rassurant.,fr,App
REV000246,FLT00069,R004,2025-01-05,8,positive,Booked through the app and everything worked seamlessly.,en,App
REV000247,FLT00069,R004,2025-01-05,9,positive,"Très bon vol, siège confortable et repas savoureux. Recommandé sans hésiter.",fr,TripAdvisor
REV000248,FLT00069,R004,2025-01-05,9,positive,Premium economy seat was worth every dollar on the long-haul.,en,App
REV000249,FLT00069,R004,2025-01-05,10,positive,Le rapport qualité-prix sur cette destination est imbattable. Continuez ainsi.,fr,App
REV000250,FLT00069,R004,2025-01-05,8,neutral,"Vol sans surprise, ni bonne ni mauvaise. Je referai si nécessaire.",fr,Email Survey
REV000251,FLT00070,R005,2025-01-05,10,positive,Le rapport qualité-prix sur cette destination est imbattable. Continuez ainsi.,fr,Email Survey
REV000252,FLT00070,R005,2025-01-05,9,positive,"Great connection between ABJ and CDG, comparable to European carriers.",en,App
REV000253,FLT00070,R005,2025-01-05,3,negative,Réclamation pour bagage abîmé ignorée depuis 3 semaines. Problème récurrent : bagages fréquemment perdus sur la liaison Dakar.,fr,App
REV000254,FLT00070,R005,2025-01-05,5,neutral,Boarding took longer than expected but the flight itself was fine.,en,TripAdvisor
REV000255,FLT00071,R005,2025-01-05,8,positive,"Le nouveau A330 est superbe, sièges confortables même en éco.",fr,TripAdvisor
REV000256,FLT00071,R005,2025-01-05,5,neutral,"Avion propre, équipage poli sans plus. Vol sans incident.",fr,App
REV000257,FLT00071,R005,2025-01-05,10,positive,Le rapport qualité-prix sur cette destination est imbattable. Continuez ainsi.,fr,TripAdvisor
REV000258,FLT00071,R005,2025-01-05,7,neutral,"Avion propre, équipage poli sans plus. Vol sans incident.",fr,App
REV000259,FLT00072,R006,2025-01-05,3,negative,Crew was rude when I asked about my missed connection.,en,Web
REV000260,FLT00073,R006,2025-01-05,5,negative,"Avion vieillissant, climatisation défaillante, sièges abîmés. Problème récurrent : encombrement chronique à Lagos, créneaux non respectés.",fr,Email Survey
REV000261,FLT00073,R006,2025-01-05,10,positive,Business cabin on the A330 is excellent value compared to competitors.,en,TripAdvisor
REV000262,FLT00074,R007,2025-01-05,3,negative,Bagages perdus et aucune aide de l'équipe au sol. Très déçu.,fr,Email Survey
REV000263,FLT00075,R008,2025-01-05,7,neutral,The flight was okay. Nothing special but nothing bad either.,en,Email Survey
REV000264,FLT00075,R008,2025-01-05,5,negative,Crew was rude when I asked about my missed connection. Recurring issue: repeated cancellations on the Ouagadougou route.,en,TripAdvisor
REV000265,FLT00075,R008,2025-01-05,8,neutral,"Avion propre, équipage poli sans plus. Vol sans incident.",fr,TripAdvisor
REV000266,FLT00076,R009,2025-01-05,8,positive,Booked through the app and everything worked seamlessly.,en,Email Survey
REV000267,FLT00076,R009,2025-01-05,8,positive,"Repas africain délicieux à bord, vraie touche locale appréciable.",fr,TripAdvisor
REV000268,FLT00076,R009,2025-01-05,8,positive,"Voyage en famille parfaitement géré, attention particulière aux enfants.",fr,App
REV000269,FLT00076,R009,2025-01-05,9,positive,Excellente compagnie. Les hôtesses étaient attentionnées et le pilote très rassurant.,fr,App
REV000270,FLT00076,R009,2025-01-05,8,neutral,Entertainment options limited on this aircraft type. Otherwise acceptable.,en,TripAdvisor
REV000271,FLT00076,R009,2025-01-05,8,neutral,"Le check-in en ligne fonctionne bien, l'embarquement aussi.",fr,Web
REV000272,FLT00077,R009,2025-01-05,9,positive,The cabin crew was outstanding. Very attentive and professional.,en,Email Survey
REV000273,FLT00078,R010,2025-01-05,10,positive,"Vol matinal très ponctuel, idéal pour les voyages d'affaires.",fr,TripAdvisor
REV000274,FLT00078,R010,2025-01-05,5,neutral,Seat was a bit cramped but the crew was friendly. Average experience.,en,App
REV000275,FLT00078,R010,2025-01-05,9,positive,"Service impeccable, départ à l'heure. Bravo à l'équipage d'Air Côte d'Ivoire.",fr,TripAdvisor
REV000276,FLT00078,R010,2025-01-05,5,neutral,Lounge in CDG was crowded but the flight crew was helpful.,en,App
REV000277,FLT00078,R010,2025-01-05,3,negative,The aircraft was dirty. Seat wouldn't recline. Disappointed.,en,TripAdvisor
REV000278,FLT00079,R011,2025-01-05,9,positive,"Service impeccable, départ à l'heure. Bravo à l'équipage d'Air Côte d'Ivoire.",fr,Web
REV000279,FLT00079,R011,2025-01-05,5,negative,Frequent flyer points still not credited after multiple complaints.,en,TripAdvisor
REV000280,FLT00079,R011,2025-01-05,8,positive,"Personnel chaleureux, accueil africain authentique. Je recommande à 100%.",fr,Web
REV000281,FLT00079,R011,2025-01-05,7,neutral,"Vol sans surprise, ni bonne ni mauvaise. Je referai si nécessaire.",fr,Email Survey
REV000282,FLT00079,R011,2025-01-05,2,negative,Retard de 2 heures sans explication. Service clientèle décevant. Problème récurrent : manque de connexions cohérentes vers l'est africain.,fr,Web
REV000283,FLT00080,R012,2025-01-05,7,neutral,Food could be better. Flight was on time though.,en,TripAdvisor
REV000284,FLT00080,R012,2025-01-05,3,negative,"Repas immangeable, je n'ai pas pu finir mon plateau.",fr,TripAdvisor
REV000285,FLT00080,R012,2025-01-05,8,neutral,Food could be better. Flight was on time though.,en,TripAdvisor
REV000286,FLT00080,R012,2025-01-05,9,positive,Loved the African hospitality on board. Felt welcomed throughout.,en,Email Survey
REV000287,FLT00080,R012,2025-01-05,8,positive,"Personnel chaleureux, accueil africain authentique. Je recommande à 100%.",fr,App
REV000288,FLT00081,R001,2025-01-06,10,positive,Excellente compagnie. Les hôtesses étaient attentionnées et le pilote très rassurant.,fr,Email Survey
REV000289,FLT00081,R001,2025-01-06,8,positive,Excellent flight from check-in to landing. Staff were very helpful and friendly.,en,TripAdvisor
REV000290,FLT00081,R001,2025-01-06,6,neutral,"Vol correct, rien d'exceptionnel. Le service est moyen.",fr,App
REV000291,FLT00081,R001,2025-01-06,10,positive,"Très bon vol, siège confortable et repas savoureux. Recommandé sans hésiter.",fr,TripAdvisor
REV000292,FLT00081,R001,2025-01-06,6,neutral,Decent flight overall. The check-in process was a little slow.,en,Email Survey
REV000293,FLT00081,R001,2025-01-06,8,positive,"Vol matinal très ponctuel, idéal pour les voyages d'affaires.",fr,TripAdvisor
REV000294,FLT00082,R002,2025-01-06,8,positive,Premium economy seat was worth every dollar on the long-haul.,en,App
REV000295,FLT00082,R002,2025-01-06,5,neutral,Seat was a bit cramped but the crew was friendly. Average experience.,en,TripAdvisor
REV000296,FLT00082,R002,2025-01-06,8,positive,"Smooth flight, great food options. The lounge access in Abidjan was a nice touch.",en,Web
REV000297,FLT00083,R003,2025-01-06,9,positive,"Embarquement fluide, équipage souriant, vol parfait du début à la fin.",fr,TripAdvisor
REV000298,FLT00083,R003,2025-01-06,8,neutral,Départ légèrement en retard mais arrivée à l'heure. Acceptable.,fr,TripAdvisor
REV000299,FLT00084,R004,2025-01-06,8,neutral,Service standard pour le prix payé. Pas de quoi se plaindre.,fr,TripAdvisor
REV000300,FLT00084,R004,2025-01-06,8,positive,The cabin crew was outstanding. Very attentive and professional.,en,App
REV000301,FLT00084,R004,2025-01-06,9,positive,Le rapport qualité-prix sur cette destination est imbattable. Continuez ainsi.,fr,App
REV000302,FLT00084,R004,2025-01-06,5,neutral,Repas basique mais consommable. Le siège était convenable.,fr,App
REV000303,FLT00084,R004,2025-01-06,8,positive,"Embarquement fluide, équipage souriant, vol parfait du début à la fin.",fr,Web
REV000304,FLT00084,R004,2025-01-06,9,positive,"Très bon vol, siège confortable et repas savoureux. Recommandé sans hésiter.",fr,Email Survey
REV000305,FLT00085,R004,2025-01-06,1,negative,"Cancelled with only 2 hours notice. No rebooking offered, no hotel.",en,Web
REV000306,FLT00086,R005,2025-01-06,10,positive,"Personnel chaleureux, accueil africain authentique. Je recommande à 100%.",fr,Web
REV000307,FLT00086,R005,2025-01-06,8,neutral,"Le check-in en ligne fonctionne bien, l'embarquement aussi.",fr,TripAdvisor
REV000308,FLT00086,R005,2025-01-06,8,positive,Premium economy seat was worth every dollar on the long-haul.,en,Web
REV000309,FLT00086,R005,2025-01-06,10,positive,"Smooth flight, great food options. The lounge access in Abidjan was a nice touch.",en,Email Survey
REV000310,FLT00087,R005,2025-01-06,9,positive,Crew handled a minor turbulence event calmly and professionally. Reassuring.,en,Web
REV000311,FLT00087,R005,2025-01-06,8,neutral,Entertainment options limited on this aircraft type. Otherwise acceptable.,en,Email Survey
REV000312,FLT00088,R006,2025-01-06,2,negative,"Avion vieillissant, climatisation défaillante, sièges abîmés. Problème récurrent : encombrement chronique à Lagos, créneaux non respectés.",fr,App
REV000313,FLT00088,R006,2025-01-06,9,positive,"Smooth flight, great food options. The lounge access in Abidjan was a nice touch.",en,Web
REV000314,FLT00088,R006,2025-01-06,9,positive,"Vol agréable, divertissement à bord varié. On se sent vraiment bien traité.",fr,Email Survey
REV000315,FLT00088,R006,2025-01-06,10,positive,"Surclassement gratuit en Business, expérience inoubliable. Merci ACI !",fr,Web
REV000316,FLT00088,R006,2025-01-06,8,positive,"Surclassement gratuit en Business, expérience inoubliable. Merci ACI !",fr,App
REV000317,FLT00089,R006,2025-01-06,9,positive,"Embarquement fluide, équipage souriant, vol parfait du début à la fin.",fr,App
REV000318,FLT00089,R006,2025-01-06,6,neutral,Départ légèrement en retard mais arrivée à l'heure. Acceptable.,fr,Web
REV000319,FLT00089,R006,2025-01-06,2,negative,Inflight Wi-Fi did not work despite being charged for it.,en,TripAdvisor
REV000320,FLT00089,R006,2025-01-06,9,positive,"Clean aircraft, friendly staff. Will definitely book again.",en,Email Survey
REV000321,FLT00089,R006,2025-01-06,8,positive,Excellente compagnie. Les hôtesses étaient attentionnées et le pilote très rassurant.,fr,TripAdvisor
REV000322,FLT00089,R006,2025-01-06,10,positive,"Surclassement gratuit en Business, expérience inoubliable. Merci ACI !",fr,TripAdvisor
REV000323,FLT00090,R007,2025-01-06,10,positive,"Le nouveau A330 est superbe, sièges confortables même en éco.",fr,App
REV000324,FLT00090,R007,2025-01-06,9,positive,Excellent flight from check-in to landing. Staff were very helpful and friendly.,en,App
REV000325,FLT00091,R008,2025-01-06,8,positive,Crew handled a minor turbulence event calmly and professionally. Reassuring.,en,Web
REV000326,FLT00091,R008,2025-01-06,8,neutral,Départ légèrement en retard mais arrivée à l'heure. Acceptable.,fr,Web
REV000327,FLT00091,R008,2025-01-06,9,positive,"Vol matinal très ponctuel, idéal pour les voyages d'affaires.",fr,TripAdvisor
REV000328,FLT00092,R009,2025-01-06,2,negative,Crew was rude when I asked about my missed connection.,en,App
REV000329,FLT00092,R009,2025-01-06,8,positive,"Très bon vol, siège confortable et repas savoureux. Recommandé sans hésiter.",fr,App
REV000330,FLT00092,R009,2025-01-06,5,negative,The aircraft was dirty. Seat wouldn't recline. Disappointed. Recurring issue: Paris CDG slot delays affecting connections.,en,Email Survey
REV000331,FLT00092,R009,2025-01-06,5,neutral,The flight was okay. Nothing special but nothing bad either.,en,Web
REV000332,FLT00093,R009,2025-01-06,2,negative,"Personnel à bord peu aimable, on a l'impression de déranger. Problème récurrent : retards liés aux créneaux horaires à Paris CDG.",fr,TripAdvisor
REV000333,FLT00094,R010,2025-01-06,6,negative,Multiple delays on this route this year. Reliability is a real issue.,en,App
REV000334,FLT00094,R010,2025-01-06,6,negative,"Comparé à Ethiopian ou Air France, le niveau de service n'y est pas.",fr,TripAdvisor
REV000335,FLT00094,R010,2025-01-06,6,neutral,Lounge in CDG was crowded but the flight crew was helpful.,en,TripAdvisor
REV000336,FLT00095,R011,2025-01-06,6,neutral,Départ légèrement en retard mais arrivée à l'heure. Acceptable.,fr,Web
REV000337,FLT00095,R011,2025-01-06,7,neutral,Decent flight overall. The check-in process was a little slow.,en,Email Survey
REV000338,FLT00095,R011,2025-01-06,9,positive,Excellent flight from check-in to landing. Staff were very helpful and friendly.,en,Email Survey
REV000339,FLT00096,R012,2025-01-06,9,positive,"Clean aircraft, friendly staff. Will definitely book again.",en,TripAdvisor
REV000340,FLT00097,R001,2025-01-07,7,neutral,Embarquement un peu long mais le vol s'est bien déroulé ensuite.,fr,TripAdvisor
REV000341,FLT00098,R002,2025-01-07,8,positive,"Embarquement fluide, équipage souriant, vol parfait du début à la fin.",fr,Web
REV000342,FLT00098,R002,2025-01-07,10,positive,"Personnel chaleureux, accueil africain authentique. Je recommande à 100%.",fr,Email Survey
REV000343,FLT00098,R002,2025-01-07,9,positive,Crew handled a minor turbulence event calmly and professionally. Reassuring.,en,Email Survey
REV000344,FLT00098,R002,2025-01-07,6,negative,Frequent flyer points still not credited after multiple complaints. Recurring issue: uncomfortable ATR seat for this flight length.,en,TripAdvisor
REV000345,FLT00098,R002,2025-01-07,6,neutral,The flight was okay. Nothing special but nothing bad either.,en,TripAdvisor
REV000346,FLT00098,R002,2025-01-07,10,positive,"Personnel chaleureux, accueil africain authentique. Je recommande à 100%.",fr,TripAdvisor
REV000347,FLT00099,R003,2025-01-07,2,negative,"Embarquement chaotique, file d'attente interminable au comptoir.",fr,TripAdvisor
REV000348,FLT00099,R003,2025-01-07,9,positive,"Personnel chaleureux, accueil africain authentique. Je recommande à 100%.",fr,Web
REV000349,FLT00099,R003,2025-01-07,8,positive,"Vol excellent, équipage très professionnel. Je reviendrai certainement.",fr,TripAdvisor
REV000350,FLT00100,R004,2025-01-07,8,positive,Crew handled a minor turbulence event calmly and professionally. Reassuring.,en,Email Survey
REV000351,FLT00100,R004,2025-01-07,9,positive,"Personnel chaleureux, accueil africain authentique. Je recommande à 100%.",fr,TripAdvisor
REV000352,FLT00100,R004,2025-01-07,8,positive,"Service impeccable, départ à l'heure. Bravo à l'équipage d'Air Côte d'Ivoire.",fr,Email Survey
REV000353,FLT00100,R004,2025-01-07,6,negative,"Personnel à bord peu aimable, on a l'impression de déranger.",fr,Email Survey
REV000354,FLT00100,R004,2025-01-07,8,positive,"Repas africain délicieux à bord, vraie touche locale appréciable.",fr,TripAdvisor
REV000355,FLT00100,R004,2025-01-07,10,positive,"Vol matinal très ponctuel, idéal pour les voyages d'affaires.",fr,Web
REV000356,FLT00101,R004,2025-01-07,7,neutral,Embarquement un peu long mais le vol s'est bien déroulé ensuite.,fr,Web
REV000357,FLT00101,R004,2025-01-07,10,positive,Booked through the app and everything worked seamlessly.,en,TripAdvisor
REV000358,FLT00101,R004,2025-01-07,3,negative,Terrible experience at check-in. Long queues and unhelpful staff.,en,Web
REV000359,FLT00101,R004,2025-01-07,9,positive,"Great connection between ABJ and CDG, comparable to European carriers.",en,Email Survey
REV000360,FLT00102,R005,2025-01-07,8,positive,The cabin crew was outstanding. Very attentive and professional.,en,Web
REV000361,FLT00103,R005,2025-01-07,0,negative,"Repas immangeable, je n'ai pas pu finir mon plateau. Problème récurrent : bagages fréquemment perdus sur la liaison Dakar.",fr,TripAdvisor
REV000362,FLT00104,R006,2025-01-07,5,negative,"Bagages perdus et aucune aide de l'équipe au sol. Très déçu. Problème récurrent : encombrement chronique à Lagos, créneaux non respectés.",fr,App
REV000363,FLT00104,R006,2025-01-07,3,negative,"Encore un retard sur cette ligne, ça devient systématique. Problème récurrent : encombrement chronique à Lagos, créneaux non respectés.",fr,Email Survey
REV000364,FLT00104,R006,2025-01-07,10,positive,Surprised by the quality on this regional flight. Pleasant experience overall.,en,TripAdvisor
REV000365,FLT00104,R006,2025-01-07,10,positive,Excellente compagnie. Les hôtesses étaient attentionnées et le pilote très rassurant.,fr,TripAdvisor
REV000366,FLT00104,R006,2025-01-07,9,positive,Excellente compagnie. Les hôtesses étaient attentionnées et le pilote très rassurant.,fr,Web
REV000367,FLT00105,R006,2025-01-07,6,negative,"Multiple delays on this route this year. Reliability is a real issue. Recurring issue: Lagos congestion, schedule slots routinely missed.",en,App
REV000368,FLT00105,R006,2025-01-07,8,positive,"Voyage en famille parfaitement géré, attention particulière aux enfants.",fr,Email Survey
REV000369,FLT00105,R006,2025-01-07,10,positive,"Vol matinal très ponctuel, idéal pour les voyages d'affaires.",fr,TripAdvisor
REV000370,FLT00105,R006,2025-01-07,6,neutral,"Vol sans surprise, ni bonne ni mauvaise. Je referai si nécessaire.",fr,App
REV000371,FLT00105,R006,2025-01-07,6,negative,Multiple delays on this route this year. Reliability is a real issue.,en,Email Survey
REV000372,FLT00106,R007,2025-01-07,9,positive,Crew handled a minor turbulence event calmly and professionally. Reassuring.,en,TripAdvisor
REV000373,FLT00106,R007,2025-01-07,8,positive,Excellent flight from check-in to landing. Staff were very helpful and friendly.,en,Web
REV000374,FLT00106,R007,2025-01-07,9,positive,Business cabin on the A330 is excellent value compared to competitors.,en,Web
REV000375,FLT00107,R008,2025-01-07,10,positive,"Très bon vol, siège confortable et repas savoureux. Recommandé sans hésiter.",fr,TripAdvisor
REV000376,FLT00107,R008,2025-01-07,9,positive,Business cabin on the A330 is excellent value compared to competitors.,en,Email Survey
REV000377,FLT00107,R008,2025-01-07,9,positive,"Vol excellent, équipage très professionnel. Je reviendrai certainement.",fr,TripAdvisor
REV000378,FLT00108,R009,2025-01-07,5,neutral,"Vol correct, rien d'exceptionnel. Le service est moyen.",fr,TripAdvisor
REV000379,FLT00109,R009,2025-01-07,8,positive,"Vol excellent, équipage très professionnel. Je reviendrai certainement.",fr,Web
REV000380,FLT00109,R009,2025-01-07,6,negative,Réclamation pour bagage abîmé ignorée depuis 3 semaines.,fr,Email Survey
REV000381,FLT00109,R009,2025-01-07,6,neutral,Decent flight overall. The check-in process was a little slow.,en,TripAdvisor
REV000382,FLT00110,R010,2025-01-07,8,positive,"Great connection between ABJ and CDG, comparable to European carriers.",en,Web
REV000383,FLT00110,R010,2025-01-07,8,neutral,"Vol sans surprise, ni bonne ni mauvaise. Je referai si nécessaire.",fr,TripAdvisor
REV000384,FLT00110,R010,2025-01-07,9,positive,"Smooth flight, great food options. The lounge access in Abidjan was a nice touch.",en,Web
REV000385,FLT00110,R010,2025-01-07,9,positive,"Le nouveau A330 est superbe, sièges confortables même en éco.",fr,Email Survey
REV000386,FLT00110,R010,2025-01-07,8,positive,Crew handled a minor turbulence event calmly and professionally. Reassuring.,en,Email Survey
REV000387,FLT00111,R011,2025-01-07,10,positive,Le rapport qualité-prix sur cette destination est imbattable. Continuez ainsi.,fr,Email Survey
REV000388,FLT00111,R011,2025-01-07,5,negative,Bagages perdus et aucune aide de l'équipe au sol. Très déçu. Problème récurrent : manque de connexions cohérentes vers l'est africain.,fr,TripAdvisor
REV000389,FLT00111,R011,2025-01-07,10,positive,Booked through the app and everything worked seamlessly.,en,Web
REV000390,FLT00112,R012,2025-01-07,9,positive,Le rapport qualité-prix sur cette destination est imbattable. Continuez ainsi.,fr,App
REV000391,FLT00112,R012,2025-01-07,9,positive,On-time departure and smooth landing. Great value for money on this route.,en,Email Survey
REV000392,FLT00112,R012,2025-01-07,8,positive,Business cabin on the A330 is excellent value compared to competitors.,en,Web
REV000393,FLT00112,R012,2025-01-07,10,positive,Excellente compagnie. Les hôtesses étaient attentionnées et le pilote très rassurant.,fr,App
REV000394,FLT00113,R001,2025-01-08,0,negative,"Avion vieillissant, climatisation défaillante, sièges abîmés.",fr,TripAdvisor
REV000395,FLT00113,R001,2025-01-08,0,negative,Flight delayed 3 hours. No communication from staff. Very frustrated. Recurring issue: systematic morning delays on the Bouaké rotation.,en,App
REV000396,FLT00113,R001,2025-01-08,0,negative,"Comparé à Ethiopian ou Air France, le niveau de service n'y est pas. Problème récurrent : retard systématique le matin sur la rotation ABJ-Bouaké.",fr,TripAdvisor
REV000397,FLT00113,R001,2025-01-08,0,negative,Lost my baggage and still waiting for it. Unacceptable service.,en,App
REV000398,FLT00114,R002,2025-01-08,10,positive,Le rapport qualité-prix sur cette destination est imbattable. Continuez ainsi.,fr,Email Survey
REV000399,FLT00114,R002,2025-01-08,6,neutral,Embarquement un peu long mais le vol s'est bien déroulé ensuite.,fr,Web
REV000400,FLT00114,R002,2025-01-08,5,negative,Inflight Wi-Fi did not work despite being charged for it.,en,App
REV000401,FLT00114,R002,2025-01-08,8,positive,"Personnel chaleureux, accueil africain authentique. Je recommande à 100%.",fr,App
REV000402,FLT00114,R002,2025-01-08,8,positive,"Personnel chaleureux, accueil africain authentique. Je recommande à 100%.",fr,TripAdvisor
REV000403,FLT00114,R002,2025-01-08,4,negative,Wi-Fi annoncé mais inopérant pendant tout le vol. Décevant. Problème récurrent : siège inconfortable sur l'ATR pour cette durée de vol.,fr,Email Survey
REV000404,FLT00115,R003,2025-01-08,10,positive,Premium economy seat was worth every dollar on the long-haul.,en,TripAdvisor
REV000405,FLT00115,R003,2025-01-08,8,neutral,Food could be better. Flight was on time though.,en,App
REV000406,FLT00116,R004,2025-01-08,6,neutral,"Avion propre, équipage poli sans plus. Vol sans incident.",fr,Email Survey
REV000407,FLT00116,R004,2025-01-08,10,positive,"Service impeccable, départ à l'heure. Bravo à l'équipage d'Air Côte d'Ivoire.",fr,TripAdvisor
REV000408,FLT00117,R004,2025-01-08,10,positive,On-time departure and smooth landing. Great value for money on this route.,en,TripAdvisor
REV000409,FLT00117,R004,2025-01-08,8,positive,Excellente compagnie. Les hôtesses étaient attentionnées et le pilote très rassurant.,fr,TripAdvisor
REV000410,FLT00117,R004,2025-01-08,10,positive,Excellente compagnie. Les hôtesses étaient attentionnées et le pilote très rassurant.,fr,App
REV000411,FLT00118,R005,2025-01-08,8,neutral,The flight was okay. Nothing special but nothing bad either.,en,Web
REV000412,FLT00118,R005,2025-01-08,10,positive,"Great connection between ABJ and CDG, comparable to European carriers.",en,Web
REV000413,FLT00118,R005,2025-01-08,10,positive,"Personnel chaleureux, accueil africain authentique. Je recommande à 100%.",fr,Email Survey
REV000414,FLT00118,R005,2025-01-08,8,neutral,"Le check-in en ligne fonctionne bien, l'embarquement aussi.",fr,App
REV000415,FLT00118,R005,2025-01-08,10,positive,"Vol matinal très ponctuel, idéal pour les voyages d'affaires.",fr,Web
REV000416,FLT00118,R005,2025-01-08,3,negative,"Personnel à bord peu aimable, on a l'impression de déranger.",fr,Web
REV000417,FLT00119,R005,2025-01-08,8,neutral,"Vol sans surprise, ni bonne ni mauvaise. Je referai si nécessaire.",fr,TripAdvisor
REV000418,FLT00119,R005,2025-01-08,10,positive,Loved the African hospitality on board. Felt welcomed throughout.,en,Web
REV000419,FLT00119,R005,2025-01-08,10,positive,"Surclassement gratuit en Business, expérience inoubliable. Merci ACI !",fr,TripAdvisor
REV000420,FLT00119,R005,2025-01-08,10,positive,"Très bon vol, siège confortable et repas savoureux. Recommandé sans hésiter.",fr,Email Survey
REV000421,FLT00120,R006,2025-01-08,10,positive,"Great connection between ABJ and CDG, comparable to European carriers.",en,Web
REV000422,FLT00121,R006,2025-01-08,6,neutral,Seat was a bit cramped but the crew was friendly. Average experience.,en,Email Survey
REV000423,FLT00121,R006,2025-01-08,9,positive,On-time departure and smooth landing. Great value for money on this route.,en,App
REV000424,FLT00122,R007,2025-01-08,10,positive,"Service impeccable, départ à l'heure. Bravo à l'équipage d'Air Côte d'Ivoire.",fr,TripAdvisor
REV000425,FLT00122,R007,2025-01-08,5,neutral,Food could be better. Flight was on time though.,en,Web
REV000426,FLT00122,R007,2025-01-08,8,positive,"Voyage en famille parfaitement géré, attention particulière aux enfants.",fr,Email Survey
REV000427,FLT00122,R007,2025-01-08,10,positive,Excellente compagnie. Les hôtesses étaient attentionnées et le pilote très rassurant.,fr,Email Survey
REV000428,FLT00122,R007,2025-01-08,10,positive,"Le nouveau A330 est superbe, sièges confortables même en éco.",fr,Email Survey
REV000429,FLT00123,R008,2025-01-08,5,neutral,Repas basique mais consommable. Le siège était convenable.,fr,App
REV000430,FLT00124,R009,2025-01-08,9,positive,Business cabin on the A330 is excellent value compared to competitors.,en,App
REV000431,FLT00124,R009,2025-01-08,8,neutral,Repas basique mais consommable. Le siège était convenable.,fr,Email Survey
REV000432,FLT00125,R009,2025-01-08,9,positive,Business cabin on the A330 is excellent value compared to competitors.,en,Email Survey
REV000433,FLT00125,R009,2025-01-08,10,positive,Crew handled a minor turbulence event calmly and professionally. Reassuring.,en,App
REV000434,FLT00125,R009,2025-01-08,10,positive,Excellente compagnie. Les hôtesses étaient attentionnées et le pilote très rassurant.,fr,App
REV000435,FLT00125,R009,2025-01-08,10,positive,"Personnel chaleureux, accueil africain authentique. Je recommande à 100%.",fr,Web
REV000436,FLT00125,R009,2025-01-08,7,neutral,Embarquement un peu long mais le vol s'est bien déroulé ensuite.,fr,TripAdvisor
REV000437,FLT00126,R010,2025-01-08,3,negative,"Personnel à bord peu aimable, on a l'impression de déranger.",fr,App
REV000438,FLT00126,R010,2025-01-08,10,positive,"Repas africain délicieux à bord, vraie touche locale appréciable.",fr,Web
REV000439,FLT00126,R010,2025-01-08,10,positive,"Service impeccable, départ à l'heure. Bravo à l'équipage d'Air Côte d'Ivoire.",fr,TripAdvisor
REV000440,FLT00126,R010,2025-01-08,2,negative,Flight delayed 3 hours. No communication from staff. Very frustrated.,en,Web
REV000441,FLT00126,R010,2025-01-08,8,positive,"Très bon vol, siège confortable et repas savoureux. Recommandé sans hésiter.",fr,Email Survey
REV000442,FLT00126,R010,2025-01-08,5,neutral,Repas basique mais consommable. Le siège était convenable.,fr,TripAdvisor
REV000443,FLT00127,R011,2025-01-08,5,neutral,Boarding took longer than expected but the flight itself was fine.,en,App
REV000444,FLT00128,R012,2025-01-08,5,neutral,"Le check-in en ligne fonctionne bien, l'embarquement aussi.",fr,TripAdvisor
REV000445,FLT00128,R012,2025-01-08,8,positive,On-time departure and smooth landing. Great value for money on this route.,en,App
REV000446,FLT00128,R012,2025-01-08,9,positive,"Vol agréable, divertissement à bord varié. On se sent vraiment bien traité.",fr,TripAdvisor
REV000447,FLT00128,R012,2025-01-08,6,neutral,"Vol correct, rien d'exceptionnel. Le service est moyen.",fr,App
REV000448,FLT00129,R001,2025-01-09,8,neutral,The flight was okay. Nothing special but nothing bad either.,en,TripAdvisor
REV000449,FLT00130,R002,2025-01-09,8,positive,"Vol agréable, divertissement à bord varié. On se sent vraiment bien traité.",fr,TripAdvisor
REV000450,FLT00131,R003,2025-01-09,10,positive,"Surclassement gratuit en Business, expérience inoubliable. Merci ACI !",fr,Web
REV000451,FLT00131,R003,2025-01-09,8,positive,"Embarquement fluide, équipage souriant, vol parfait du début à la fin.",fr,Email Survey
REV000452,FLT00131,R003,2025-01-09,9,positive,"Vol matinal très ponctuel, idéal pour les voyages d'affaires.",fr,App
REV000453,FLT00131,R003,2025-01-09,10,positive,"Clean aircraft, friendly staff. Will definitely book again.",en,App
REV000454,FLT00131,R003,2025-01-09,8,positive,Excellente compagnie. Les hôtesses étaient attentionnées et le pilote très rassurant.,fr,App
REV000455,FLT00132,R004,2025-01-09,6,neutral,Embarquement un peu long mais le vol s'est bien déroulé ensuite.,fr,Email Survey
REV000456,FLT00132,R004,2025-01-09,8,positive,Premium economy seat was worth every dollar on the long-haul.,en,App
REV000457,FLT00132,R004,2025-01-09,3,negative,"Avion vieillissant, climatisation défaillante, sièges abîmés.",fr,Web
REV000458,FLT00133,R004,2025-01-09,9,positive,"Le nouveau A330 est superbe, sièges confortables même en éco.",fr,Web
REV000459,FLT00133,R004,2025-01-09,9,positive,Surprised by the quality on this regional flight. Pleasant experience overall.,en,App
REV000460,FLT00134,R005,2025-01-09,10,positive,Le rapport qualité-prix sur cette destination est imbattable. Continuez ainsi.,fr,Web
REV000461,FLT00135,R005,2025-01-09,10,positive,"Embarquement fluide, équipage souriant, vol parfait du début à la fin.",fr,Web
REV000462,FLT00136,R006,2025-01-09,10,positive,"Le nouveau A330 est superbe, sièges confortables même en éco.",fr,Email Survey
REV000463,FLT00136,R006,2025-01-09,9,positive,"Voyage en famille parfaitement géré, attention particulière aux enfants.",fr,TripAdvisor
REV000464,FLT00136,R006,2025-01-09,8,positive,"Smooth flight, great food options. The lounge access in Abidjan was a nice touch.",en,Web
REV000465,FLT00136,R006,2025-01-09,8,positive,"Vol excellent, équipage très professionnel. Je reviendrai certainement.",fr,Web
REV000466,FLT00136,R006,2025-01-09,8,positive,Crew handled a minor turbulence event calmly and professionally. Reassuring.,en,TripAdvisor
REV000467,FLT00136,R006,2025-01-09,9,positive,"Très bon vol, siège confortable et repas savoureux. Recommandé sans hésiter.",fr,TripAdvisor
REV000468,FLT00137,R006,2025-01-09,10,positive,"Le nouveau A330 est superbe, sièges confortables même en éco.",fr,Web
REV000469,FLT00137,R006,2025-01-09,4,negative,"Cancelled with only 2 hours notice. No rebooking offered, no hotel.",en,Email Survey
REV000470,FLT00137,R006,2025-01-09,10,positive,Crew handled a minor turbulence event calmly and professionally. Reassuring.,en,TripAdvisor
REV000471,FLT00137,R006,2025-01-09,2,negative,Lost my baggage and still waiting for it. Unacceptable service.,en,Web
REV000472,FLT00137,R006,2025-01-09,5,negative,Meal was inedible. Vegetarian option was just a piece of bread.,en,Web
REV000473,FLT00138,R007,2025-01-09,8,positive,The cabin crew was outstanding. Very attentive and professional.,en,App
REV000474,FLT00138,R007,2025-01-09,7,neutral,Départ légèrement en retard mais arrivée à l'heure. Acceptable.,fr,Email Survey
REV000475,FLT00139,R008,2025-01-09,5,neutral,Climatisation un peu froide mais des couvertures étaient disponibles.,fr,Web
REV000476,FLT00139,R008,2025-01-09,5,neutral,Départ légèrement en retard mais arrivée à l'heure. Acceptable.,fr,Web
REV000477,FLT00139,R008,2025-01-09,9,positive,"Très bon vol, siège confortable et repas savoureux. Recommandé sans hésiter.",fr,TripAdvisor
REV000478,FLT00139,R008,2025-01-09,9,positive,"Vol excellent, équipage très professionnel. Je reviendrai certainement.",fr,Web
REV000479,FLT00139,R008,2025-01-09,6,neutral,"Vol sans surprise, ni bonne ni mauvaise. Je referai si nécessaire.",fr,App
REV000480,FLT00140,R009,2025-01-09,10,positive,Loved the African hospitality on board. Felt welcomed throughout.,en,Web
REV000481,FLT00140,R009,2025-01-09,9,positive,"Smooth flight, great food options. The lounge access in Abidjan was a nice touch.",en,Web
REV000482,FLT00140,R009,2025-01-09,10,positive,The cabin crew was outstanding. Very attentive and professional.,en,Email Survey
REV000483,FLT00140,R009,2025-01-09,6,neutral,Seat was a bit cramped but the crew was friendly. Average experience.,en,App
REV000484,FLT00140,R009,2025-01-09,9,positive,"Repas africain délicieux à bord, vraie touche locale appréciable.",fr,Web
REV000485,FLT00141,R009,2025-01-09,10,positive,Excellente compagnie. Les hôtesses étaient attentionnées et le pilote très rassurant.,fr,Web
REV000486,FLT00142,R010,2025-01-09,4,negative,"Compensation claim filed two months ago, still no response.",en,App
REV000487,FLT00143,R011,2025-01-09,10,positive,Le rapport qualité-prix sur cette destination est imbattable. Continuez ainsi.,fr,App
REV000488,FLT00143,R011,2025-01-09,9,positive,"Repas africain délicieux à bord, vraie touche locale appréciable.",fr,Web
REV000489,FLT00143,R011,2025-01-09,5,neutral,Entertainment options limited on this aircraft type. Otherwise acceptable.,en,Web
REV000490,FLT00143,R011,2025-01-09,9,positive,"Surclassement gratuit en Business, expérience inoubliable. Merci ACI !",fr,TripAdvisor
REV000491,FLT00143,R011,2025-01-09,9,positive,Business cabin on the A330 is excellent value compared to competitors.,en,App
REV000492,FLT00144,R012,2025-01-09,8,positive,"Repas africain délicieux à bord, vraie touche locale appréciable.",fr,App
REV000493,FLT00144,R012,2025-01-09,9,positive,"Personnel chaleureux, accueil africain authentique. Je recommande à 100%.",fr,Web
REV000494,FLT00145,R001,2025-01-10,6,neutral,"Vol sans surprise, ni bonne ni mauvaise. Je referai si nécessaire.",fr,App
REV000495,FLT00145,R001,2025-01-10,3,negative,Inflight Wi-Fi did not work despite being charged for it. Recurring issue: systematic morning delays on the Bouaké rotation.,en,TripAdvisor
REV000496,FLT00146,R002,2025-01-10,0,negative,Inflight Wi-Fi did not work despite being charged for it. Recurring issue: uncomfortable ATR seat for this flight length.,en,TripAdvisor
REV000497,FLT00146,R002,2025-01-10,1,negative,"Comparé à Ethiopian ou Air France, le niveau de service n'y est pas.",fr,Email Survey
REV000498,FLT00146,R002,2025-01-10,2,negative,"Siège cassé, repas servi froid, service lent. Billet trop cher pour cette qualité. Problème récurrent : siège inconfortable sur l'ATR pour cette durée de vol.",fr,App
REV000499,FLT00146,R002,2025-01-10,3,negative,Cabin was overheated for the entire flight. No working AC.,en,TripAdvisor
REV000500,FLT00146,R002,2025-01-10,2,negative,"Encore un retard sur cette ligne, ça devient systématique. Problème récurrent : siège inconfortable sur l'ATR pour cette durée de vol.",fr,Web
REV000501,FLT00147,R003,2025-01-10,9,positive,"Embarquement fluide, équipage souriant, vol parfait du début à la fin.",fr,Email Survey
REV000502,FLT00147,R003,2025-01-10,9,positive,Premium economy seat was worth every dollar on the long-haul.,en,Email Survey
REV000503,FLT00147,R003,2025-01-10,7,neutral,Boarding took longer than expected but the flight itself was fine.,en,App
REV000504,FLT00147,R003,2025-01-10,8,positive,"Repas africain délicieux à bord, vraie touche locale appréciable.",fr,TripAdvisor
REV000505,FLT00147,R003,2025-01-10,6,neutral,Lounge in CDG was crowded but the flight crew was helpful.,en,App
REV000506,FLT00147,R003,2025-01-10,10,positive,"Vol matinal très ponctuel, idéal pour les voyages d'affaires.",fr,TripAdvisor
REV000507,FLT00148,R004,2025-01-10,5,negative,Retard de 2 heures sans explication. Service clientèle décevant.,fr,Email Survey
REV000508,FLT00148,R004,2025-01-10,10,positive,Crew handled a minor turbulence event calmly and professionally. Reassuring.,en,TripAdvisor
REV000509,FLT00148,R004,2025-01-10,10,positive,"Embarquement fluide, équipage souriant, vol parfait du début à la fin.",fr,Web
REV000510,FLT00148,R004,2025-01-10,4,negative,"Repas immangeable, je n'ai pas pu finir mon plateau.",fr,App
REV000511,FLT00148,R004,2025-01-10,10,positive,Surprised by the quality on this regional flight. Pleasant experience overall.,en,TripAdvisor
REV000512,FLT00148,R004,2025-01-10,8,neutral,Standard regional service. Aircraft was clean enough.,en,TripAdvisor
REV000513,FLT00149,R004,2025-01-10,10,positive,"Personnel chaleureux, accueil africain authentique. Je recommande à 100%.",fr,App
REV000514,FLT00149,R004,2025-01-10,10,positive,"Surclassement gratuit en Business, expérience inoubliable. Merci ACI !",fr,TripAdvisor
REV000515,FLT00149,R004,2025-01-10,10,positive,"Vol matinal très ponctuel, idéal pour les voyages d'affaires.",fr,Web
REV000516,FLT00149,R004,2025-01-10,9,positive,"Great connection between ABJ and CDG, comparable to European carriers.",en,Web
REV000517,FLT00149,R004,2025-01-10,10,positive,"Repas africain délicieux à bord, vraie touche locale appréciable.",fr,TripAdvisor
REV000518,FLT00149,R004,2025-01-10,8,positive,"Très bon vol, siège confortable et repas savoureux. Recommandé sans hésiter.",fr,App
REV000519,FLT00150,R005,2025-01-10,8,neutral,Standard regional service. Aircraft was clean enough.,en,Web
REV000520,FLT00150,R005,2025-01-10,8,positive,Excellente compagnie. Les hôtesses étaient attentionnées et le pilote très rassurant.,fr,Web
REV000521,FLT00150,R005,2025-01-10,8,positive,Excellente compagnie. Les hôtesses étaient attentionnées et le pilote très rassurant.,fr,Web
REV000522,FLT00150,R005,2025-01-10,6,neutral,Standard regional service. Aircraft was clean enough.,en,Email Survey
REV000523,FLT00150,R005,2025-01-10,6,neutral,"Vol correct, rien d'exceptionnel. Le service est moyen.",fr,App
REV000524,FLT00150,R005,2025-01-10,8,positive,Excellent flight from check-in to landing. Staff were very helpful and friendly.,en,TripAdvisor
REV000525,FLT00151,R005,2025-01-10,10,positive,"Vol agréable, divertissement à bord varié. On se sent vraiment bien traité.",fr,TripAdvisor
REV000526,FLT00152,R006,2025-01-10,8,positive,"Vol matinal très ponctuel, idéal pour les voyages d'affaires.",fr,App
REV000527,FLT00152,R006,2025-01-10,9,positive,"Service impeccable, départ à l'heure. Bravo à l'équipage d'Air Côte d'Ivoire.",fr,Email Survey
REV000528,FLT00152,R006,2025-01-10,5,neutral,Boarding took longer than expected but the flight itself was fine.,en,App
REV000529,FLT00152,R006,2025-01-10,8,positive,Surprised by the quality on this regional flight. Pleasant experience overall.,en,Email Survey
REV000530,FLT00152,R006,2025-01-10,10,positive,"Vol matinal très ponctuel, idéal pour les voyages d'affaires.",fr,App
REV000531,FLT00153,R006,2025-01-10,2,negative,"Meal was inedible. Vegetarian option was just a piece of bread. Recurring issue: Lagos congestion, schedule slots routinely missed.",en,Web
REV000532,FLT00153,R006,2025-01-10,5,neutral,"Vol correct, rien d'exceptionnel. Le service est moyen.",fr,Email Survey
REV000533,FLT00153,R006,2025-01-10,8,positive,"Voyage en famille parfaitement géré, attention particulière aux enfants.",fr,Email Survey
REV000534,FLT00153,R006,2025-01-10,8,positive,"Vol matinal très ponctuel, idéal pour les voyages d'affaires.",fr,TripAdvisor
REV000535,FLT00153,R006,2025-01-10,8,positive,"Personnel chaleureux, accueil africain authentique. Je recommande à 100%.",fr,Email Survey
REV000536,FLT00153,R006,2025-01-10,10,positive,"Repas africain délicieux à bord, vraie touche locale appréciable.",fr,Email Survey
REV000537,FLT00154,R007,2025-01-10,9,positive,"Repas africain délicieux à bord, vraie touche locale appréciable.",fr,TripAdvisor
REV000538,FLT00154,R007,2025-01-10,9,positive,"Great connection between ABJ and CDG, comparable to European carriers.",en,Email Survey
REV000539,FLT00154,R007,2025-01-10,7,neutral,Lounge in CDG was crowded but the flight crew was helpful.,en,TripAdvisor
REV000540,FLT00154,R007,2025-01-10,9,positive,Loved the African hospitality on board. Felt welcomed throughout.,en,TripAdvisor
REV000541,FLT00154,R007,2025-01-10,9,positive,"Vol agréable, divertissement à bord varié. On se sent vraiment bien traité.",fr,TripAdvisor
REV000542,FLT00154,R007,2025-01-10,5,neutral,"Avion propre, équipage poli sans plus. Vol sans incident.",fr,TripAdvisor
REV000543,FLT00155,R008,2025-01-10,2,negative,Cabin was overheated for the entire flight. No working AC. Recurring issue: repeated cancellations on the Ouagadougou route.,en,Email Survey
REV000544,FLT00155,R008,2025-01-10,3,negative,Multiple delays on this route this year. Reliability is a real issue.,en,Email Survey
REV000545,FLT00155,R008,2025-01-10,2,negative,"Encore un retard sur cette ligne, ça devient systématique. Problème récurrent : annulations répétées sur la ligne Ouagadougou.",fr,TripAdvisor
REV000546,FLT00156,R009,2025-01-10,10,positive,"Surclassement gratuit en Business, expérience inoubliable. Merci ACI !",fr,TripAdvisor
REV000547,FLT00157,R009,2025-01-10,9,positive,Excellent flight from check-in to landing. Staff were very helpful and friendly.,en,Web
REV000548,FLT00157,R009,2025-01-10,10,positive,"Vol excellent, équipage très professionnel. Je reviendrai certainement.",fr,Web
REV000549,FLT00157,R009,2025-01-10,8,positive,"Personnel chaleureux, accueil africain authentique. Je recommande à 100%.",fr,Email Survey
REV000550,FLT00157,R009,2025-01-10,10,positive,Business cabin on the A330 is excellent value compared to competitors.,en,Web
REV000551,FLT00158,R010,2025-01-10,10,positive,Excellent flight from check-in to landing. Staff were very helpful and friendly.,en,TripAdvisor
REV000552,FLT00158,R010,2025-01-10,7,neutral,"Le check-in en ligne fonctionne bien, l'embarquement aussi.",fr,App
REV000553,FLT00159,R011,2025-01-10,10,positive,"Embarquement fluide, équipage souriant, vol parfait du début à la fin.",fr,Email Survey
REV000554,FLT00159,R011,2025-01-10,10,positive,"Clean aircraft, friendly staff. Will definitely book again.",en,Web
REV000555,FLT00159,R011,2025-01-10,4,negative,Meal was inedible. Vegetarian option was just a piece of bread. Recurring issue: lack of consistent eastward African connections.,en,Email Survey
REV000556,FLT00159,R011,2025-01-10,8,positive,Loved the African hospitality on board. Felt welcomed throughout.,en,App
REV000557,FLT00159,R011,2025-01-10,5,neutral,"Avion propre, équipage poli sans plus. Vol sans incident.",fr,Web
REV000558,FLT00159,R011,2025-01-10,10,positive,"Embarquement fluide, équipage souriant, vol parfait du début à la fin.",fr,App
REV000559,FLT00160,R012,2025-01-10,8,neutral,Entertainment options limited on this aircraft type. Otherwise acceptable.,en,Email Survey
REV000560,FLT00160,R012,2025-01-10,2,negative,Lost my baggage and still waiting for it. Unacceptable service.,en,App
REV000561,FLT00160,R012,2025-01-10,8,neutral,"Vol correct, rien d'exceptionnel. Le service est moyen.",fr,App
REV000562,FLT00161,R001,2025-01-11,6,neutral,Seat was a bit cramped but the crew was friendly. Average experience.,en,TripAdvisor
REV000563,FLT00161,R001,2025-01-11,7,neutral,Service standard pour le prix payé. Pas de quoi se plaindre.,fr,TripAdvisor
REV000564,FLT00161,R001,2025-01-11,9,positive,Le rapport qualité-prix sur cette destination est imbattable. Continuez ainsi.,fr,Email Survey
REV000565,FLT00161,R001,2025-01-11,6,negative,"Avion vieillissant, climatisation défaillante, sièges abîmés. Problème récurrent : retard systématique le matin sur la rotation ABJ-Bouaké.",fr,TripAdvisor
REV000566,FLT00161,R001,2025-01-11,6,negative,"Personnel à bord peu aimable, on a l'impression de déranger. Problème récurrent : retard systématique le matin sur la rotation ABJ-Bouaké.",fr,Email Survey
REV000567,FLT00161,R001,2025-01-11,5,negative,"Embarquement chaotique, file d'attente interminable au comptoir.",fr,App
REV000568,FLT00162,R002,2025-01-11,5,negative,Mes points fidélité n'ont pas été crédités après ce vol. Service après-vente injoignable. Problème récurrent : siège inconfortable sur l'ATR pour cette durée de vol.,fr,Web
REV000569,FLT00162,R002,2025-01-11,9,positive,"Surclassement gratuit en Business, expérience inoubliable. Merci ACI !",fr,Email Survey
REV000570,FLT00162,R002,2025-01-11,2,negative,"Compensation claim filed two months ago, still no response. Recurring issue: uncomfortable ATR seat for this flight length.",en,TripAdvisor
REV000571,FLT00162,R002,2025-01-11,9,positive,"Repas africain délicieux à bord, vraie touche locale appréciable.",fr,TripAdvisor
REV000572,FLT00163,R003,2025-01-11,6,neutral,The flight was okay. Nothing special but nothing bad either.,en,TripAdvisor
REV000573,FLT00163,R003,2025-01-11,9,positive,"Très bon vol, siège confortable et repas savoureux. Recommandé sans hésiter.",fr,App
REV000574,FLT00163,R003,2025-01-11,8,neutral,"Vol correct, rien d'exceptionnel. Le service est moyen.",fr,Web
REV000575,FLT00163,R003,2025-01-11,8,neutral,Lounge in CDG was crowded but the flight crew was helpful.,en,Web
REV000576,FLT00163,R003,2025-01-11,9,positive,Booked through the app and everything worked seamlessly.,en,TripAdvisor
REV000577,FLT00164,R004,2025-01-11,5,neutral,Départ légèrement en retard mais arrivée à l'heure. Acceptable.,fr,TripAdvisor
REV000578,FLT00164,R004,2025-01-11,8,positive,The cabin crew was outstanding. Very attentive and professional.,en,App
REV000579,FLT00164,R004,2025-01-11,8,positive,"Vol excellent, équipage très professionnel. Je reviendrai certainement.",fr,TripAdvisor
REV000580,FLT00164,R004,2025-01-11,8,neutral,"Avion propre, équipage poli sans plus. Vol sans incident.",fr,TripAdvisor
REV000581,FLT00164,R004,2025-01-11,9,positive,Excellente compagnie. Les hôtesses étaient attentionnées et le pilote très rassurant.,fr,Web
REV000582,FLT00165,R004,2025-01-11,6,negative,Réclamation pour bagage abîmé ignorée depuis 3 semaines.,fr,Email Survey
REV000583,FLT00165,R004,2025-01-11,8,positive,"Le nouveau A330 est superbe, sièges confortables même en éco.",fr,Web
REV000584,FLT00165,R004,2025-01-11,9,positive,"Embarquement fluide, équipage souriant, vol parfait du début à la fin.",fr,Web
REV000585,FLT00165,R004,2025-01-11,6,neutral,Food could be better. Flight was on time though.,en,TripAdvisor
REV000586,FLT00165,R004,2025-01-11,8,positive,Le rapport qualité-prix sur cette destination est imbattable. Continuez ainsi.,fr,App
REV000587,FLT00166,R005,2025-01-11,10,positive,"Service impeccable, départ à l'heure. Bravo à l'équipage d'Air Côte d'Ivoire.",fr,TripAdvisor
REV000588,FLT00167,R005,2025-01-11,6,neutral,Départ légèrement en retard mais arrivée à l'heure. Acceptable.,fr,Web
REV000589,FLT00167,R005,2025-01-11,4,negative,Frequent flyer points still not credited after multiple complaints. Recurring issue: baggage frequently mishandled on the Dakar line.,en,Email Survey
REV000590,FLT00167,R005,2025-01-11,8,neutral,Climatisation un peu froide mais des couvertures étaient disponibles.,fr,Web
REV000591,FLT00168,R006,2025-01-11,9,positive,Loved the African hospitality on board. Felt welcomed throughout.,en,Email Survey
REV000592,FLT00168,R006,2025-01-11,10,positive,"Embarquement fluide, équipage souriant, vol parfait du début à la fin.",fr,Web
REV000593,FLT00168,R006,2025-01-11,6,neutral,"Le check-in en ligne fonctionne bien, l'embarquement aussi.",fr,TripAdvisor
REV000594,FLT00169,R006,2025-01-11,6,negative,"Personnel à bord peu aimable, on a l'impression de déranger.",fr,TripAdvisor
REV000595,FLT00169,R006,2025-01-11,8,positive,"Embarquement fluide, équipage souriant, vol parfait du début à la fin.",fr,App
REV000596,FLT00169,R006,2025-01-11,6,neutral,Food could be better. Flight was on time though.,en,TripAdvisor
REV000597,FLT00170,R007,2025-01-11,2,negative,Vol annulé et rebooking chaotique. Communication désastreuse. Problème récurrent : turbulences fréquentes et service perturbé.,fr,TripAdvisor
REV000598,FLT00171,R008,2025-01-11,10,positive,On-time departure and smooth landing. Great value for money on this route.,en,Email Survey
REV000599,FLT00171,R008,2025-01-11,9,positive,"Vol matinal très ponctuel, idéal pour les voyages d'affaires.",fr,TripAdvisor
REV000600,FLT00171,R008,2025-01-11,7,neutral,"Le check-in en ligne fonctionne bien, l'embarquement aussi.",fr,App
REV000601,FLT00171,R008,2025-01-11,6,neutral,Standard regional service. Aircraft was clean enough.,en,Email Survey
REV000602,FLT00172,R009,2025-01-11,9,positive,"Voyage en famille parfaitement géré, attention particulière aux enfants.",fr,App
REV000603,FLT00172,R009,2025-01-11,9,positive,"Très bon vol, siège confortable et repas savoureux. Recommandé sans hésiter.",fr,App
REV000604,FLT00172,R009,2025-01-11,4,negative,Cabin was overheated for the entire flight. No working AC. Recurring issue: Paris CDG slot delays affecting connections.,en,Email Survey
REV000605,FLT00172,R009,2025-01-11,10,positive,"Vol excellent, équipage très professionnel. Je reviendrai certainement.",fr,Email Survey
REV000606,FLT00173,R009,2025-01-11,10,positive,Excellente compagnie. Les hôtesses étaient attentionnées et le pilote très rassurant.,fr,Web
REV000607,FLT00173,R009,2025-01-11,9,positive,"Personnel chaleureux, accueil africain authentique. Je recommande à 100%.",fr,App
REV000608,FLT00173,R009,2025-01-11,9,positive,Premium economy seat was worth every dollar on the long-haul.,en,TripAdvisor
REV000609,FLT00173,R009,2025-01-11,4,negative,"Personnel à bord peu aimable, on a l'impression de déranger.",fr,App
REV000610,FLT00174,R010,2025-01-11,5,negative,Multiple delays on this route this year. Reliability is a real issue.,en,Email Survey
REV000611,FLT00174,R010,2025-01-11,6,negative,Mes points fidélité n'ont pas été crédités après ce vol. Service après-vente injoignable.,fr,App
REV000612,FLT00174,R010,2025-01-11,10,positive,"Très bon vol, siège confortable et repas savoureux. Recommandé sans hésiter.",fr,Email Survey
REV000613,FLT00174,R010,2025-01-11,9,positive,On-time departure and smooth landing. Great value for money on this route.,en,App
REV000614,FLT00174,R010,2025-01-11,7,neutral,Départ légèrement en retard mais arrivée à l'heure. Acceptable.,fr,Web
REV000615,FLT00174,R010,2025-01-11,10,positive,Booked through the app and everything worked seamlessly.,en,App
REV000616,FLT00175,R011,2025-01-11,7,neutral,Food could be better. Flight was on time though.,en,Web
REV000617,FLT00175,R011,2025-01-11,5,negative,Wi-Fi annoncé mais inopérant pendant tout le vol. Décevant.,fr,App
REV000618,FLT00175,R011,2025-01-11,6,neutral,Embarquement un peu long mais le vol s'est bien déroulé ensuite.,fr,App
REV000619,FLT00176,R012,2025-01-11,8,positive,"Vol matinal très ponctuel, idéal pour les voyages d'affaires.",fr,TripAdvisor
REV000620,FLT00176,R012,2025-01-11,5,neutral,Embarquement un peu long mais le vol s'est bien déroulé ensuite.,fr,Web
REV000621,FLT00177,R001,2025-01-12,10,positive,"Vol matinal très ponctuel, idéal pour les voyages d'affaires.",fr,App
REV000622,FLT00177,R001,2025-01-12,8,positive,"Service impeccable, départ à l'heure. Bravo à l'équipage d'Air Côte d'Ivoire.",fr,Email Survey
REV000623,FLT00177,R001,2025-01-12,10,positive,Premium economy seat was worth every dollar on the long-haul.,en,App
REV000624,FLT00177,R001,2025-01-12,6,neutral,Boarding took longer than expected but the flight itself was fine.,en,TripAdvisor
REV000625,FLT00177,R001,2025-01-12,6,neutral,Embarquement un peu long mais le vol s'est bien déroulé ensuite.,fr,Email Survey
REV000626,FLT00178,R002,2025-01-12,8,positive,Crew handled a minor turbulence event calmly and professionally. Reassuring.,en,Web
REV000627,FLT00178,R002,2025-01-12,9,positive,"Vol agréable, divertissement à bord varié. On se sent vraiment bien traité.",fr,Email Survey
REV000628,FLT00178,R002,2025-01-12,8,positive,The cabin crew was outstanding. Very attentive and professional.,en,Web
REV000629,FLT00178,R002,2025-01-12,8,positive,Le rapport qualité-prix sur cette destination est imbattable. Continuez ainsi.,fr,Web
REV000630,FLT00178,R002,2025-01-12,10,positive,"Personnel chaleureux, accueil africain authentique. Je recommande à 100%.",fr,TripAdvisor
REV000631,FLT00178,R002,2025-01-12,6,neutral,The flight was okay. Nothing special but nothing bad either.,en,TripAdvisor
REV000632,FLT00179,R003,2025-01-12,10,positive,"Vol agréable, divertissement à bord varié. On se sent vraiment bien traité.",fr,Web
REV000633,FLT00179,R003,2025-01-12,7,neutral,Decent flight overall. The check-in process was a little slow.,en,Web
REV000634,FLT00180,R004,2025-01-12,7,neutral,Seat was a bit cramped but the crew was friendly. Average experience.,en,Email Survey
REV000635,FLT00180,R004,2025-01-12,8,positive,"Service impeccable, départ à l'heure. Bravo à l'équipage d'Air Côte d'Ivoire.",fr,Email Survey
REV000636,FLT00180,R004,2025-01-12,9,positive,"Surclassement gratuit en Business, expérience inoubliable. Merci ACI !",fr,TripAdvisor
REV000637,FLT00180,R004,2025-01-12,4,negative,Cabin was overheated for the entire flight. No working AC.,en,App
REV000638,FLT00180,R004,2025-01-12,2,negative,Terrible experience at check-in. Long queues and unhelpful staff.,en,TripAdvisor
REV000639,FLT00180,R004,2025-01-12,8,positive,"Très bon vol, siège confortable et repas savoureux. Recommandé sans hésiter.",fr,Web
REV000640,FLT00181,R004,2025-01-12,8,positive,Le rapport qualité-prix sur cette destination est imbattable. Continuez ainsi.,fr,TripAdvisor
REV000641,FLT00181,R004,2025-01-12,8,neutral,"Personnel correct, divertissement limité. Acceptable pour la durée.",fr,Email Survey
REV000642,FLT00181,R004,2025-01-12,9,positive,Le rapport qualité-prix sur cette destination est imbattable. Continuez ainsi.,fr,TripAdvisor
REV000643,FLT00182,R005,2025-01-12,3,negative,Mes points fidélité n'ont pas été crédités après ce vol. Service après-vente injoignable.,fr,App
REV000644,FLT00182,R005,2025-01-12,8,neutral,Climatisation un peu froide mais des couvertures étaient disponibles.,fr,App
REV000645,FLT00182,R005,2025-01-12,9,positive,"Repas africain délicieux à bord, vraie touche locale appréciable.",fr,Email Survey
REV000646,FLT00183,R005,2025-01-12,1,negative,Frequent flyer points still not credited after multiple complaints. Recurring issue: baggage frequently mishandled on the Dakar line.,en,App
REV000647,FLT00183,R005,2025-01-12,2,negative,Terrible experience at check-in. Long queues and unhelpful staff.,en,TripAdvisor
REV000648,FLT00183,R005,2025-01-12,3,negative,Retard de 2 heures sans explication. Service clientèle décevant.,fr,Email Survey
REV000649,FLT00183,R005,2025-01-12,2,negative,"Cancelled with only 2 hours notice. No rebooking offered, no hotel. Recurring issue: baggage frequently mishandled on the Dakar line.",en,Email Survey
REV000650,FLT00183,R005,2025-01-12,3,negative,Lost my baggage and still waiting for it. Unacceptable service.,en,Email Survey
REV000651,FLT00184,R006,2025-01-12,5,neutral,"Personnel correct, divertissement limité. Acceptable pour la durée.",fr,Email Survey
REV000652,FLT00184,R006,2025-01-12,10,positive,"Vol agréable, divertissement à bord varié. On se sent vraiment bien traité.",fr,Email Survey
REV000653,FLT00184,R006,2025-01-12,8,neutral,Decent flight overall. The check-in process was a little slow.,en,App
REV000654,FLT00184,R006,2025-01-12,8,positive,"Vol agréable, divertissement à bord varié. On se sent vraiment bien traité.",fr,Web
REV000655,FLT00184,R006,2025-01-12,8,neutral,Entertainment options limited on this aircraft type. Otherwise acceptable.,en,App
REV000656,FLT00184,R006,2025-01-12,5,neutral,Repas basique mais consommable. Le siège était convenable.,fr,Email Survey
REV000657,FLT00185,R006,2025-01-12,8,positive,"Repas africain délicieux à bord, vraie touche locale appréciable.",fr,TripAdvisor
REV000658,FLT00185,R006,2025-01-12,6,neutral,Lounge in CDG was crowded but the flight crew was helpful.,en,Email Survey
REV000659,FLT00186,R007,2025-01-12,9,positive,"Vol agréable, divertissement à bord varié. On se sent vraiment bien traité.",fr,Email Survey
REV000660,FLT00187,R008,2025-01-12,10,positive,Le rapport qualité-prix sur cette destination est imbattable. Continuez ainsi.,fr,App
REV000661,FLT00187,R008,2025-01-12,3,negative,Vol annulé et rebooking chaotique. Communication désastreuse. Problème récurrent : annulations répétées sur la ligne Ouagadougou.,fr,App
REV000662,FLT00187,R008,2025-01-12,10,positive,"Vol matinal très ponctuel, idéal pour les voyages d'affaires.",fr,App
REV000663,FLT00187,R008,2025-01-12,8,positive,The cabin crew was outstanding. Very attentive and professional.,en,Web
REV000664,FLT00188,R009,2025-01-12,9,positive,"Vol excellent, équipage très professionnel. Je reviendrai certainement.",fr,TripAdvisor
REV000665,FLT00188,R009,2025-01-12,8,neutral,The flight was okay. Nothing special but nothing bad either.,en,Web
REV000666,FLT00189,R009,2025-01-12,0,negative,"Repas immangeable, je n'ai pas pu finir mon plateau.",fr,TripAdvisor
REV000667,FLT00189,R009,2025-01-12,3,negative,Aucune assistance pour ma correspondance ratée à cause du retard. Problème récurrent : retards liés aux créneaux horaires à Paris CDG.,fr,Web
REV000668,FLT00189,R009,2025-01-12,1,negative,Wi-Fi annoncé mais inopérant pendant tout le vol. Décevant. Problème récurrent : retards liés aux créneaux horaires à Paris CDG.,fr,TripAdvisor
REV000669,FLT00189,R009,2025-01-12,0,negative,Terrible experience at check-in. Long queues and unhelpful staff. Recurring issue: Paris CDG slot delays affecting connections.,en,Web
REV000670,FLT00190,R010,2025-01-12,8,neutral,"Vol sans surprise, ni bonne ni mauvaise. Je referai si nécessaire.",fr,App
REV000671,FLT00190,R010,2025-01-12,9,positive,Le rapport qualité-prix sur cette destination est imbattable. Continuez ainsi.,fr,Web
REV000672,FLT00191,R011,2025-01-12,2,negative,"Cancelled with only 2 hours notice. No rebooking offered, no hotel. Recurring issue: lack of consistent eastward African connections.",en,Web
REV000673,FLT00192,R012,2025-01-12,9,positive,"Vol agréable, divertissement à bord varié. On se sent vraiment bien traité.",fr,App
REV000674,FLT00193,R001,2025-01-13,5,neutral,Service standard pour le prix payé. Pas de quoi se plaindre.,fr,App
REV000675,FLT00193,R001,2025-01-13,8,positive,"Service impeccable, départ à l'heure. Bravo à l'équipage d'Air Côte d'Ivoire.",fr,App
REV000676,FLT00193,R001,2025-01-13,9,positive,"Vol agréable, divertissement à bord varié. On se sent vraiment bien traité.",fr,Web
REV000677,FLT00193,R001,2025-01-13,10,positive,"Embarquement fluide, équipage souriant, vol parfait du début à la fin.",fr,TripAdvisor
REV000678,FLT00194,R002,2025-01-13,8,positive,"Repas africain délicieux à bord, vraie touche locale appréciable.",fr,App
REV000679,FLT00195,R003,2025-01-13,7,neutral,Embarquement un peu long mais le vol s'est bien déroulé ensuite.,fr,TripAdvisor
REV000680,FLT00195,R003,2025-01-13,10,positive,Excellente compagnie. Les hôtesses étaient attentionnées et le pilote très rassurant.,fr,App
REV000681,FLT00195,R003,2025-01-13,8,positive,"Clean aircraft, friendly staff. Will definitely book again.",en,Web
REV000682,FLT00195,R003,2025-01-13,6,neutral,The flight was okay. Nothing special but nothing bad either.,en,Web
REV000683,FLT00196,R004,2025-01-13,8,neutral,Embarquement un peu long mais le vol s'est bien déroulé ensuite.,fr,Email Survey
REV000684,FLT00196,R004,2025-01-13,8,neutral,"Avion propre, équipage poli sans plus. Vol sans incident.",fr,Web
REV000685,FLT00196,R004,2025-01-13,8,positive,"Le nouveau A330 est superbe, sièges confortables même en éco.",fr,TripAdvisor
REV000686,FLT00196,R004,2025-01-13,9,positive,Business cabin on the A330 is excellent value compared to competitors.,en,Web
REV000687,FLT00196,R004,2025-01-13,10,positive,"Surclassement gratuit en Business, expérience inoubliable. Merci ACI !",fr,Email Survey
REV000688,FLT00197,R004,2025-01-13,8,neutral,Entertainment options limited on this aircraft type. Otherwise acceptable.,en,Web
REV000689,FLT00198,R005,2025-01-13,2,negative,"Embarquement chaotique, file d'attente interminable au comptoir. Problème récurrent : bagages fréquemment perdus sur la liaison Dakar.",fr,Web
REV000690,FLT00198,R005,2025-01-13,10,positive,"Great connection between ABJ and CDG, comparable to European carriers.",en,Email Survey
REV000691,FLT00198,R005,2025-01-13,9,positive,Excellente compagnie. Les hôtesses étaient attentionnées et le pilote très rassurant.,fr,TripAdvisor
REV000692,FLT00198,R005,2025-01-13,2,negative,Réclamation pour bagage abîmé ignorée depuis 3 semaines. Problème récurrent : bagages fréquemment perdus sur la liaison Dakar.,fr,Web
REV000693,FLT00198,R005,2025-01-13,7,neutral,Embarquement un peu long mais le vol s'est bien déroulé ensuite.,fr,Web
REV000694,FLT00199,R005,2025-01-13,8,positive,"Repas africain délicieux à bord, vraie touche locale appréciable.",fr,Email Survey
REV000695,FLT00199,R005,2025-01-13,8,neutral,The flight was okay. Nothing special but nothing bad either.,en,Web
REV000696,FLT00199,R005,2025-01-13,8,positive,"Vol agréable, divertissement à bord varié. On se sent vraiment bien traité.",fr,Email Survey
REV000697,FLT00200,R006,2025-01-13,5,neutral,Entertainment options limited on this aircraft type. Otherwise acceptable.,en,Email Survey
REV000698,FLT00200,R006,2025-01-13,9,positive,"Très bon vol, siège confortable et repas savoureux. Recommandé sans hésiter.",fr,Email Survey
REV000699,FLT00200,R006,2025-01-13,5,negative,"Compensation claim filed two months ago, still no response. Recurring issue: Lagos congestion, schedule slots routinely missed.",en,Email Survey
REV000700,FLT00200,R006,2025-01-13,7,neutral,Service standard pour le prix payé. Pas de quoi se plaindre.,fr,App
REV000701,FLT00201,R006,2025-01-13,4,negative,"Compensation claim filed two months ago, still no response. Recurring issue: Lagos congestion, schedule slots routinely missed.",en,TripAdvisor
REV000702,FLT00201,R006,2025-01-13,9,positive,Excellente compagnie. Les hôtesses étaient attentionnées et le pilote très rassurant.,fr,TripAdvisor
REV000703,FLT00201,R006,2025-01-13,5,negative,"Personnel à bord peu aimable, on a l'impression de déranger. Problème récurrent : encombrement chronique à Lagos, créneaux non respectés.",fr,Web
REV000704,FLT00201,R006,2025-01-13,5,neutral,Entertainment options limited on this aircraft type. Otherwise acceptable.,en,TripAdvisor
REV000705,FLT00201,R006,2025-01-13,10,positive,Excellent flight from check-in to landing. Staff were very helpful and friendly.,en,Email Survey
REV000706,FLT00201,R006,2025-01-13,5,neutral,Climatisation un peu froide mais des couvertures étaient disponibles.,fr,TripAdvisor
REV000707,FLT00202,R007,2025-01-13,10,positive,"Voyage en famille parfaitement géré, attention particulière aux enfants.",fr,TripAdvisor
REV000708,FLT00203,R008,2025-01-13,10,positive,"Repas africain délicieux à bord, vraie touche locale appréciable.",fr,TripAdvisor
REV000709,FLT00203,R008,2025-01-13,3,negative,"Avion vieillissant, climatisation défaillante, sièges abîmés. Problème récurrent : annulations répétées sur la ligne Ouagadougou.",fr,Email Survey
REV000710,FLT00203,R008,2025-01-13,3,negative,"Embarquement chaotique, file d'attente interminable au comptoir. Problème récurrent : annulations répétées sur la ligne Ouagadougou.",fr,App
REV000711,FLT00203,R008,2025-01-13,9,positive,"Great connection between ABJ and CDG, comparable to European carriers.",en,Email Survey
REV000712,FLT00203,R008,2025-01-13,8,positive,The cabin crew was outstanding. Very attentive and professional.,en,TripAdvisor
REV000713,FLT00203,R008,2025-01-13,10,positive,"Surclassement gratuit en Business, expérience inoubliable. Merci ACI !",fr,Email Survey
REV000714,FLT00204,R009,2025-01-13,2,negative,Aucune assistance pour ma correspondance ratée à cause du retard. Problème récurrent : retards liés aux créneaux horaires à Paris CDG.,fr,TripAdvisor
REV000715,FLT00204,R009,2025-01-13,5,negative,Lost my baggage and still waiting for it. Unacceptable service.,en,Web
REV000716,FLT00205,R009,2025-01-13,5,neutral,"Personnel correct, divertissement limité. Acceptable pour la durée.",fr,TripAdvisor
REV000717,FLT00205,R009,2025-01-13,9,positive,Booked through the app and everything worked seamlessly.,en,App
REV000718,FLT00205,R009,2025-01-13,8,neutral,"Vol sans surprise, ni bonne ni mauvaise. Je referai si nécessaire.",fr,App
REV000719,FLT00205,R009,2025-01-13,5,neutral,"Avion propre, équipage poli sans plus. Vol sans incident.",fr,Web
REV000720,FLT00205,R009,2025-01-13,8,positive,"Le nouveau A330 est superbe, sièges confortables même en éco.",fr,TripAdvisor
REV000721,FLT00205,R009,2025-01-13,10,positive,"Vol matinal très ponctuel, idéal pour les voyages d'affaires.",fr,App
REV000722,FLT00206,R010,2025-01-13,8,positive,"Smooth flight, great food options. The lounge access in Abidjan was a nice touch.",en,Web
REV000723,FLT00206,R010,2025-01-13,9,positive,"Vol matinal très ponctuel, idéal pour les voyages d'affaires.",fr,Web
REV000724,FLT00206,R010,2025-01-13,6,neutral,"Avion propre, équipage poli sans plus. Vol sans incident.",fr,Web
REV000725,FLT00206,R010,2025-01-13,6,negative,"Embarquement chaotique, file d'attente interminable au comptoir.",fr,Web
REV000726,FLT00207,R011,2025-01-13,10,positive,"Smooth flight, great food options. The lounge access in Abidjan was a nice touch.",en,TripAdvisor
REV000727,FLT00207,R011,2025-01-13,6,neutral,Food could be better. Flight was on time though.,en,Email Survey
REV000728,FLT00207,R011,2025-01-13,4,negative,Frequent flyer points still not credited after multiple complaints. Recurring issue: lack of consistent eastward African connections.,en,Email Survey
REV000729,FLT00208,R012,2025-01-13,7,neutral,Service standard pour le prix payé. Pas de quoi se plaindre.,fr,TripAdvisor
REV000730,FLT00208,R012,2025-01-13,4,negative,Réclamation pour bagage abîmé ignorée depuis 3 semaines.,fr,Email Survey
REV000731,FLT00208,R012,2025-01-13,10,positive,"Surclassement gratuit en Business, expérience inoubliable. Merci ACI !",fr,TripAdvisor
REV000732,FLT00208,R012,2025-01-13,8,positive,Loved the African hospitality on board. Felt welcomed throughout.,en,TripAdvisor
REV000733,FLT00208,R012,2025-01-13,2,negative,Réclamation pour bagage abîmé ignorée depuis 3 semaines.,fr,App
REV000734,FLT00209,R001,2025-01-14,8,positive,Excellente compagnie. Les hôtesses étaient attentionnées et le pilote très rassurant.,fr,App
REV000735,FLT00209,R001,2025-01-14,9,positive,Business cabin on the A330 is excellent value compared to competitors.,en,App
REV000736,FLT00209,R001,2025-01-14,6,neutral,Decent flight overall. The check-in process was a little slow.,en,Web
REV000737,FLT00210,R002,2025-01-14,7,neutral,"Le check-in en ligne fonctionne bien, l'embarquement aussi.",fr,App
REV000738,FLT00210,R002,2025-01-14,6,negative,"Comparé à Ethiopian ou Air France, le niveau de service n'y est pas. Problème récurrent : siège inconfortable sur l'ATR pour cette durée de vol.",fr,App
REV000739,FLT00210,R002,2025-01-14,8,positive,Excellente compagnie. Les hôtesses étaient attentionnées et le pilote très rassurant.,fr,Email Survey
REV000740,FLT00210,R002,2025-01-14,6,neutral,Decent flight overall. The check-in process was a little slow.,en,TripAdvisor
REV000741,FLT00210,R002,2025-01-14,4,negative,"Encore un retard sur cette ligne, ça devient systématique. Problème récurrent : siège inconfortable sur l'ATR pour cette durée de vol.",fr,Email Survey
REV000742,FLT00210,R002,2025-01-14,3,negative,"Compensation claim filed two months ago, still no response. Recurring issue: uncomfortable ATR seat for this flight length.",en,Email Survey
REV000743,FLT00211,R003,2025-01-14,8,neutral,"Personnel correct, divertissement limité. Acceptable pour la durée.",fr,App
REV000744,FLT00211,R003,2025-01-14,7,neutral,Départ légèrement en retard mais arrivée à l'heure. Acceptable.,fr,Email Survey
REV000745,FLT00212,R004,2025-01-14,8,positive,"Service impeccable, départ à l'heure. Bravo à l'équipage d'Air Côte d'Ivoire.",fr,Email Survey
REV000746,FLT00212,R004,2025-01-14,8,positive,"Repas africain délicieux à bord, vraie touche locale appréciable.",fr,TripAdvisor
REV000747,FLT00212,R004,2025-01-14,9,positive,Premium economy seat was worth every dollar on the long-haul.,en,Email Survey
REV000748,FLT00212,R004,2025-01-14,8,neutral,"Vol correct, rien d'exceptionnel. Le service est moyen.",fr,Web
REV000749,FLT00213,R004,2025-01-14,8,positive,Surprised by the quality on this regional flight. Pleasant experience overall.,en,TripAdvisor
REV000750,FLT00213,R004,2025-01-14,4,negative,"Personnel à bord peu aimable, on a l'impression de déranger.",fr,Email Survey
REV000751,FLT00213,R004,2025-01-14,7,neutral,"Personnel correct, divertissement limité. Acceptable pour la durée.",fr,App
REV000752,FLT00213,R004,2025-01-14,5,negative,Flight delayed 3 hours. No communication from staff. Very frustrated.,en,Web
REV000753,FLT00214,R005,2025-01-14,8,positive,"Le nouveau A330 est superbe, sièges confortables même en éco.",fr,TripAdvisor
REV000754,FLT00214,R005,2025-01-14,9,positive,Surprised by the quality on this regional flight. Pleasant experience overall.,en,Email Survey
REV000755,FLT00214,R005,2025-01-14,8,positive,"Embarquement fluide, équipage souriant, vol parfait du début à la fin.",fr,Web
REV000756,FLT00214,R005,2025-01-14,10,positive,Le rapport qualité-prix sur cette destination est imbattable. Continuez ainsi.,fr,App
REV000757,FLT00214,R005,2025-01-14,3,negative,Inflight Wi-Fi did not work despite being charged for it.,en,Web
REV000758,FLT00215,R005,2025-01-14,8,positive,"Très bon vol, siège confortable et repas savoureux. Recommandé sans hésiter.",fr,Email Survey
REV000759,FLT00215,R005,2025-01-14,9,positive,"Voyage en famille parfaitement géré, attention particulière aux enfants.",fr,TripAdvisor
REV000760,FLT00216,R006,2025-01-14,5,negative,"Comparé à Ethiopian ou Air France, le niveau de service n'y est pas.",fr,Web
REV000761,FLT00216,R006,2025-01-14,9,positive,"Vol matinal très ponctuel, idéal pour les voyages d'affaires.",fr,Web
REV000762,FLT00216,R006,2025-01-14,9,positive,"Le nouveau A330 est superbe, sièges confortables même en éco.",fr,TripAdvisor
REV000763,FLT00216,R006,2025-01-14,2,negative,"Wi-Fi annoncé mais inopérant pendant tout le vol. Décevant. Problème récurrent : encombrement chronique à Lagos, créneaux non respectés.",fr,Email Survey
REV000764,FLT00216,R006,2025-01-14,5,neutral,Decent flight overall. The check-in process was a little slow.,en,Email Survey
REV000765,FLT00216,R006,2025-01-14,9,positive,Excellent flight from check-in to landing. Staff were very helpful and friendly.,en,Web
REV000766,FLT00217,R006,2025-01-14,10,positive,Booked through the app and everything worked seamlessly.,en,Email Survey
REV000767,FLT00217,R006,2025-01-14,8,neutral,Standard regional service. Aircraft was clean enough.,en,App
REV000768,FLT00217,R006,2025-01-14,10,positive,Le rapport qualité-prix sur cette destination est imbattable. Continuez ainsi.,fr,TripAdvisor
REV000769,FLT00217,R006,2025-01-14,5,negative,Cabin was overheated for the entire flight. No working AC.,en,TripAdvisor
REV000770,FLT00218,R007,2025-01-14,8,neutral,"Vol correct, rien d'exceptionnel. Le service est moyen.",fr,App
REV000771,FLT00218,R007,2025-01-14,10,positive,"Surclassement gratuit en Business, expérience inoubliable. Merci ACI !",fr,TripAdvisor
REV000772,FLT00219,R008,2025-01-14,10,positive,"Service impeccable, départ à l'heure. Bravo à l'équipage d'Air Côte d'Ivoire.",fr,Web
REV000773,FLT00219,R008,2025-01-14,6,neutral,Food could be better. Flight was on time though.,en,Web
REV000774,FLT00219,R008,2025-01-14,8,neutral,Repas basique mais consommable. Le siège était convenable.,fr,Web
REV000775,FLT00220,R009,2025-01-14,7,neutral,"Vol correct, rien d'exceptionnel. Le service est moyen.",fr,Email Survey
REV000776,FLT00220,R009,2025-01-14,10,positive,Booked through the app and everything worked seamlessly.,en,Web
REV000777,FLT00220,R009,2025-01-14,9,positive,Booked through the app and everything worked seamlessly.,en,Email Survey
REV000778,FLT00220,R009,2025-01-14,9,positive,"Surclassement gratuit en Business, expérience inoubliable. Merci ACI !",fr,Web
REV000779,FLT00220,R009,2025-01-14,4,negative,"Personnel à bord peu aimable, on a l'impression de déranger.",fr,App
REV000780,FLT00221,R009,2025-01-14,9,positive,"Le nouveau A330 est superbe, sièges confortables même en éco.",fr,TripAdvisor
REV000781,FLT00221,R009,2025-01-14,5,neutral,Boarding took longer than expected but the flight itself was fine.,en,App
REV000782,FLT00222,R010,2025-01-14,10,positive,"Le nouveau A330 est superbe, sièges confortables même en éco.",fr,Web
REV000783,FLT00222,R010,2025-01-14,10,positive,Surprised by the quality on this regional flight. Pleasant experience overall.,en,App
REV000784,FLT00222,R010,2025-01-14,5,neutral,Food could be better. Flight was on time though.,en,App
REV000785,FLT00222,R010,2025-01-14,10,positive,"Embarquement fluide, équipage souriant, vol parfait du début à la fin.",fr,App
REV000786,FLT00222,R010,2025-01-14,9,positive,"Great connection between ABJ and CDG, comparable to European carriers.",en,TripAdvisor
REV000787,FLT00223,R011,2025-01-14,8,positive,"Voyage en famille parfaitement géré, attention particulière aux enfants.",fr,Web
REV000788,FLT00223,R011,2025-01-14,8,neutral,"Vol correct, rien d'exceptionnel. Le service est moyen.",fr,TripAdvisor
REV000789,FLT00223,R011,2025-01-14,9,positive,"Vol excellent, équipage très professionnel. Je reviendrai certainement.",fr,App
REV000790,FLT00223,R011,2025-01-14,9,positive,"Embarquement fluide, équipage souriant, vol parfait du début à la fin.",fr,Web
REV000791,FLT00223,R011,2025-01-14,6,neutral,Climatisation un peu froide mais des couvertures étaient disponibles.,fr,Web
REV000792,FLT00223,R011,2025-01-14,6,neutral,Decent flight overall. The check-in process was a little slow.,en,Email Survey
REV000793,FLT00224,R012,2025-01-14,10,positive,"Repas africain délicieux à bord, vraie touche locale appréciable.",fr,App
REV000794,FLT00224,R012,2025-01-14,8,positive,Surprised by the quality on this regional flight. Pleasant experience overall.,en,Web
REV000795,FLT00225,R001,2025-01-15,8,positive,Crew handled a minor turbulence event calmly and professionally. Reassuring.,en,Web
REV000796,FLT00225,R001,2025-01-15,4,negative,Retard de 2 heures sans explication. Service clientèle décevant. Problème récurrent : retard systématique le matin sur la rotation ABJ-Bouaké.,fr,TripAdvisor
REV000797,FLT00226,R002,2025-01-15,9,positive,Booked through the app and everything worked seamlessly.,en,Email Survey
REV000798,FLT00227,R003,2025-01-15,8,positive,"Embarquement fluide, équipage souriant, vol parfait du début à la fin.",fr,TripAdvisor
REV000799,FLT00227,R003,2025-01-15,8,positive,"Personnel chaleureux, accueil africain authentique. Je recommande à 100%.",fr,App
REV000800,FLT00227,R003,2025-01-15,9,positive,"Vol matinal très ponctuel, idéal pour les voyages d'affaires.",fr,Web
REV000801,FLT00227,R003,2025-01-15,8,positive,"Clean aircraft, friendly staff. Will definitely book again.",en,App
REV000802,FLT00228,R004,2025-01-15,8,positive,Le rapport qualité-prix sur cette destination est imbattable. Continuez ainsi.,fr,App
REV000803,FLT00228,R004,2025-01-15,8,neutral,Départ légèrement en retard mais arrivée à l'heure. Acceptable.,fr,Web
REV000804,FLT00228,R004,2025-01-15,8,positive,"Vol agréable, divertissement à bord varié. On se sent vraiment bien traité.",fr,Web
REV000805,FLT00228,R004,2025-01-15,8,neutral,"Personnel correct, divertissement limité. Acceptable pour la durée.",fr,App
REV000806,FLT00228,R004,2025-01-15,10,positive,Surprised by the quality on this regional flight. Pleasant experience overall.,en,App
REV000807,FLT00229,R004,2025-01-15,8,positive,The cabin crew was outstanding. Very attentive and professional.,en,Email Survey
REV000808,FLT00229,R004,2025-01-15,8,positive,"Vol excellent, équipage très professionnel. Je reviendrai certainement.",fr,Email Survey
REV000809,FLT00230,R005,2025-01-15,9,positive,The cabin crew was outstanding. Very attentive and professional.,en,TripAdvisor
REV000810,FLT00230,R005,2025-01-15,3,negative,Aucune assistance pour ma correspondance ratée à cause du retard.,fr,Email Survey
REV000811,FLT00230,R005,2025-01-15,3,negative,Retard de 2 heures sans explication. Service clientèle décevant. Problème récurrent : bagages fréquemment perdus sur la liaison Dakar.,fr,Web
REV000812,FLT00230,R005,2025-01-15,9,positive,"Repas africain délicieux à bord, vraie touche locale appréciable.",fr,Web
REV000813,FLT00230,R005,2025-01-15,8,positive,Le rapport qualité-prix sur cette destination est imbattable. Continuez ainsi.,fr,App
REV000814,FLT00230,R005,2025-01-15,9,positive,Excellent flight from check-in to landing. Staff were very helpful and friendly.,en,TripAdvisor
REV000815,FLT00231,R005,2025-01-15,8,positive,Excellent flight from check-in to landing. Staff were very helpful and friendly.,en,Web
REV000816,FLT00231,R005,2025-01-15,8,positive,On-time departure and smooth landing. Great value for money on this route.,en,TripAdvisor
REV000817,FLT00231,R005,2025-01-15,10,positive,Le rapport qualité-prix sur cette destination est imbattable. Continuez ainsi.,fr,Email Survey
REV000818,FLT00231,R005,2025-01-15,5,neutral,Standard regional service. Aircraft was clean enough.,en,TripAdvisor
REV000819,FLT00231,R005,2025-01-15,3,negative,"Embarquement chaotique, file d'attente interminable au comptoir.",fr,Web
REV000820,FLT00232,R006,2025-01-15,9,positive,Booked through the app and everything worked seamlessly.,en,Email Survey
REV000821,FLT00232,R006,2025-01-15,8,positive,"Embarquement fluide, équipage souriant, vol parfait du début à la fin.",fr,App
REV000822,FLT00232,R006,2025-01-15,7,neutral,Seat was a bit cramped but the crew was friendly. Average experience.,en,Email Survey
REV000823,FLT00232,R006,2025-01-15,10,positive,Excellente compagnie. Les hôtesses étaient attentionnées et le pilote très rassurant.,fr,Web
REV000824,FLT00232,R006,2025-01-15,10,positive,Loved the African hospitality on board. Felt welcomed throughout.,en,Web
REV000825,FLT00233,R006,2025-01-15,8,positive,"Repas africain délicieux à bord, vraie touche locale appréciable.",fr,App
REV000826,FLT00233,R006,2025-01-15,5,neutral,Decent flight overall. The check-in process was a little slow.,en,Email Survey
REV000827,FLT00234,R007,2025-01-15,8,positive,"Très bon vol, siège confortable et repas savoureux. Recommandé sans hésiter.",fr,TripAdvisor
REV000828,FLT00235,R008,2025-01-15,9,positive,"Embarquement fluide, équipage souriant, vol parfait du début à la fin.",fr,TripAdvisor
REV000829,FLT00235,R008,2025-01-15,10,positive,Excellente compagnie. Les hôtesses étaient attentionnées et le pilote très rassurant.,fr,TripAdvisor
REV000830,FLT00235,R008,2025-01-15,10,positive,"Surclassement gratuit en Business, expérience inoubliable. Merci ACI !",fr,Web
REV000831,FLT00236,R009,2025-01-15,8,neutral,"Le check-in en ligne fonctionne bien, l'embarquement aussi.",fr,TripAdvisor
REV000832,FLT00236,R009,2025-01-15,7,neutral,Standard regional service. Aircraft was clean enough.,en,App
REV000833,FLT00237,R009,2025-01-15,10,positive,"Très bon vol, siège confortable et repas savoureux. Recommandé sans hésiter.",fr,App
REV000834,FLT00237,R009,2025-01-15,8,positive,"Service impeccable, départ à l'heure. Bravo à l'équipage d'Air Côte d'Ivoire.",fr,Web
REV000835,FLT00237,R009,2025-01-15,9,positive,"Vol agréable, divertissement à bord varié. On se sent vraiment bien traité.",fr,App
REV000836,FLT00238,R010,2025-01-15,6,neutral,"Avion propre, équipage poli sans plus. Vol sans incident.",fr,Email Survey
REV000837,FLT00238,R010,2025-01-15,10,positive,Surprised by the quality on this regional flight. Pleasant experience overall.,en,Email Survey
REV000838,FLT00238,R010,2025-01-15,8,positive,"Le nouveau A330 est superbe, sièges confortables même en éco.",fr,Web
REV000839,FLT00238,R010,2025-01-15,6,neutral,Service standard pour le prix payé. Pas de quoi se plaindre.,fr,Email Survey
REV000840,FLT00238,R010,2025-01-15,10,positive,"Repas africain délicieux à bord, vraie touche locale appréciable.",fr,Email Survey
REV000841,FLT00239,R011,2025-01-15,6,negative,Wi-Fi annoncé mais inopérant pendant tout le vol. Décevant.,fr,Web
REV000842,FLT00239,R011,2025-01-15,5,negative,"Personnel à bord peu aimable, on a l'impression de déranger. Problème récurrent : manque de connexions cohérentes vers l'est africain.",fr,TripAdvisor
REV000843,FLT00239,R011,2025-01-15,8,positive,Booked through the app and everything worked seamlessly.,en,Web
REV000844,FLT00239,R011,2025-01-15,10,positive,"Voyage en famille parfaitement géré, attention particulière aux enfants.",fr,Web
REV000845,FLT00239,R011,2025-01-15,5,neutral,"Vol correct, rien d'exceptionnel. Le service est moyen.",fr,TripAdvisor
REV000846,FLT00239,R011,2025-01-15,8,positive,"Le nouveau A330 est superbe, sièges confortables même en éco.",fr,Email Survey
REV000847,FLT00240,R012,2025-01-15,8,neutral,Decent flight overall. The check-in process was a little slow.,en,Email Survey
REV000848,FLT00240,R012,2025-01-15,9,positive,The cabin crew was outstanding. Very attentive and professional.,en,TripAdvisor
REV000849,FLT00240,R012,2025-01-15,6,neutral,Repas basique mais consommable. Le siège était convenable.,fr,TripAdvisor
REV000850,FLT00240,R012,2025-01-15,9,positive,"Vol excellent, équipage très professionnel. Je reviendrai certainement.",fr,App
REV000851,FLT00241,R001,2025-01-16,10,positive,"Repas africain délicieux à bord, vraie touche locale appréciable.",fr,TripAdvisor
REV000852,FLT00241,R001,2025-01-16,8,positive,"Personnel chaleureux, accueil africain authentique. Je recommande à 100%.",fr,TripAdvisor
REV000853,FLT00241,R001,2025-01-16,4,negative,"Personnel à bord peu aimable, on a l'impression de déranger.",fr,App
REV000854,FLT00241,R001,2025-01-16,2,negative,Réclamation pour bagage abîmé ignorée depuis 3 semaines. Problème récurrent : retard systématique le matin sur la rotation ABJ-Bouaké.,fr,Email Survey
REV000855,FLT00241,R001,2025-01-16,8,neutral,Standard regional service. Aircraft was clean enough.,en,Email Survey
REV000856,FLT00242,R002,2025-01-16,6,negative,"Repas immangeable, je n'ai pas pu finir mon plateau.",fr,Email Survey
REV000857,FLT00242,R002,2025-01-16,8,neutral,Entertainment options limited on this aircraft type. Otherwise acceptable.,en,App
REV000858,FLT00242,R002,2025-01-16,4,negative,Cabin was overheated for the entire flight. No working AC.,en,Web
REV000859,FLT00242,R002,2025-01-16,10,positive,"Smooth flight, great food options. The lounge access in Abidjan was a nice touch.",en,Web
REV000860,FLT00242,R002,2025-01-16,9,positive,"Embarquement fluide, équipage souriant, vol parfait du début à la fin.",fr,TripAdvisor
REV000861,FLT00243,R003,2025-01-16,5,neutral,"Personnel correct, divertissement limité. Acceptable pour la durée.",fr,TripAdvisor
REV000862,FLT00243,R003,2025-01-16,5,negative,Flight delayed 3 hours. No communication from staff. Very frustrated.,en,App
REV000863,FLT00244,R004,2025-01-16,5,neutral,Seat was a bit cramped but the crew was friendly. Average experience.,en,App
REV000864,FLT00244,R004,2025-01-16,10,positive,Premium economy seat was worth every dollar on the long-haul.,en,TripAdvisor
REV000865,FLT00244,R004,2025-01-16,5,neutral,Boarding took longer than expected but the flight itself was fine.,en,TripAdvisor
REV000866,FLT00244,R004,2025-01-16,5,neutral,Entertainment options limited on this aircraft type. Otherwise acceptable.,en,TripAdvisor
REV000867,FLT00244,R004,2025-01-16,10,positive,The cabin crew was outstanding. Very attentive and professional.,en,App
REV000868,FLT00245,R004,2025-01-16,9,positive,Excellent flight from check-in to landing. Staff were very helpful and friendly.,en,TripAdvisor
REV000869,FLT00245,R004,2025-01-16,10,positive,Surprised by the quality on this regional flight. Pleasant experience overall.,en,Web
REV000870,FLT00245,R004,2025-01-16,9,positive,Excellent flight from check-in to landing. Staff were very helpful and friendly.,en,Web
REV000871,FLT00245,R004,2025-01-16,4,negative,Mes points fidélité n'ont pas été crédités après ce vol. Service après-vente injoignable.,fr,Email Survey
REV000872,FLT00245,R004,2025-01-16,7,neutral,"Vol sans surprise, ni bonne ni mauvaise. Je referai si nécessaire.",fr,Web
REV000873,FLT00245,R004,2025-01-16,9,positive,On-time departure and smooth landing. Great value for money on this route.,en,Web
REV000874,FLT00246,R005,2025-01-16,6,neutral,Boarding took longer than expected but the flight itself was fine.,en,Web
REV000875,FLT00246,R005,2025-01-16,8,neutral,Service standard pour le prix payé. Pas de quoi se plaindre.,fr,TripAdvisor
REV000876,FLT00246,R005,2025-01-16,6,neutral,Standard regional service. Aircraft was clean enough.,en,TripAdvisor
REV000877,FLT00247,R005,2025-01-16,9,positive,"Le nouveau A330 est superbe, sièges confortables même en éco.",fr,Email Survey
REV000878,FLT00247,R005,2025-01-16,8,positive,"Clean aircraft, friendly staff. Will definitely book again.",en,Web
REV000879,FLT00247,R005,2025-01-16,7,neutral,Food could be better. Flight was on time though.,en,TripAdvisor
REV000880,FLT00248,R006,2025-01-16,1,negative,"Lost my baggage and still waiting for it. Unacceptable service. Recurring issue: Lagos congestion, schedule slots routinely missed.",en,TripAdvisor
REV000881,FLT00248,R006,2025-01-16,1,negative,"Cabin was overheated for the entire flight. No working AC. Recurring issue: Lagos congestion, schedule slots routinely missed.",en,Web
REV000882,FLT00248,R006,2025-01-16,3,negative,Bagages perdus et aucune aide de l'équipe au sol. Très déçu.,fr,Web
REV000883,FLT00248,R006,2025-01-16,0,negative,Crew was rude when I asked about my missed connection.,en,TripAdvisor
REV000884,FLT00248,R006,2025-01-16,1,negative,"Compensation claim filed two months ago, still no response. Recurring issue: Lagos congestion, schedule slots routinely missed.",en,Web
REV000885,FLT00249,R006,2025-01-16,6,neutral,Repas basique mais consommable. Le siège était convenable.,fr,Email Survey
REV000886,FLT00250,R007,2025-01-16,8,positive,"Smooth flight, great food options. The lounge access in Abidjan was a nice touch.",en,Email Survey
REV000887,FLT00250,R007,2025-01-16,5,negative,Multiple delays on this route this year. Reliability is a real issue. Recurring issue: frequent turbulence and disrupted service.,en,Email Survey
REV000888,FLT00250,R007,2025-01-16,8,neutral,Climatisation un peu froide mais des couvertures étaient disponibles.,fr,TripAdvisor
REV000889,FLT00250,R007,2025-01-16,7,neutral,Standard regional service. Aircraft was clean enough.,en,TripAdvisor
REV000890,FLT00251,R008,2025-01-16,3,negative,"Embarquement chaotique, file d'attente interminable au comptoir. Problème récurrent : annulations répétées sur la ligne Ouagadougou.",fr,App
REV000891,FLT00251,R008,2025-01-16,10,positive,"Clean aircraft, friendly staff. Will definitely book again.",en,Email Survey
REV000892,FLT00251,R008,2025-01-16,6,negative,Aucune assistance pour ma correspondance ratée à cause du retard. Problème récurrent : annulations répétées sur la ligne Ouagadougou.,fr,Web
REV000893,FLT00252,R009,2025-01-16,7,neutral,Decent flight overall. The check-in process was a little slow.,en,TripAdvisor
REV000894,FLT00253,R009,2025-01-16,10,positive,Le rapport qualité-prix sur cette destination est imbattable. Continuez ainsi.,fr,TripAdvisor
REV000895,FLT00253,R009,2025-01-16,8,positive,"Vol excellent, équipage très professionnel. Je reviendrai certainement.",fr,TripAdvisor
REV000896,FLT00253,R009,2025-01-16,9,positive,Le rapport qualité-prix sur cette destination est imbattable. Continuez ainsi.,fr,Email Survey
REV000897,FLT00254,R010,2025-01-16,0,negative,Cabin was overheated for the entire flight. No working AC.,en,Web
REV000898,FLT00255,R011,2025-01-16,2,negative,Aucune assistance pour ma correspondance ratée à cause du retard.,fr,TripAdvisor
REV000899,FLT00255,R011,2025-01-16,5,negative,The aircraft was dirty. Seat wouldn't recline. Disappointed.,en,Web
REV000900,FLT00255,R011,2025-01-16,7,neutral,Repas basique mais consommable. Le siège était convenable.,fr,TripAdvisor
REV000901,FLT00255,R011,2025-01-16,10,positive,"Repas africain délicieux à bord, vraie touche locale appréciable.",fr,Web
REV000902,FLT00255,R011,2025-01-16,2,negative,Cabin was overheated for the entire flight. No working AC.,en,App
REV000903,FLT00256,R012,2025-01-16,10,positive,The cabin crew was outstanding. Very attentive and professional.,en,Email Survey
REV000904,FLT00257,R001,2025-01-17,6,neutral,Food could be better. Flight was on time though.,en,App
REV000905,FLT00257,R001,2025-01-17,8,positive,Surprised by the quality on this regional flight. Pleasant experience overall.,en,App
REV000906,FLT00258,R002,2025-01-17,8,neutral,Entertainment options limited on this aircraft type. Otherwise acceptable.,en,TripAdvisor
REV000907,FLT00259,R003,2025-01-17,6,neutral,Départ légèrement en retard mais arrivée à l'heure. Acceptable.,fr,Web
REV000908,FLT00259,R003,2025-01-17,7,neutral,"Personnel correct, divertissement limité. Acceptable pour la durée.",fr,App
REV000909,FLT00259,R003,2025-01-17,8,positive,"Surclassement gratuit en Business, expérience inoubliable. Merci ACI !",fr,App
REV000910,FLT00259,R003,2025-01-17,7,neutral,"Vol correct, rien d'exceptionnel. Le service est moyen.",fr,App
REV000911,FLT00259,R003,2025-01-17,9,positive,On-time departure and smooth landing. Great value for money on this route.,en,Email Survey
REV000912,FLT00259,R003,2025-01-17,2,negative,Retard de 2 heures sans explication. Service clientèle décevant.,fr,Web
REV000913,FLT00260,R004,2025-01-17,7,neutral,Départ légèrement en retard mais arrivée à l'heure. Acceptable.,fr,Email Survey
REV000914,FLT00260,R004,2025-01-17,6,neutral,"Le check-in en ligne fonctionne bien, l'embarquement aussi.",fr,Email Survey
REV000915,FLT00260,R004,2025-01-17,10,positive,The cabin crew was outstanding. Very attentive and professional.,en,Web
REV000916,FLT00260,R004,2025-01-17,3,negative,"Encore un retard sur cette ligne, ça devient systématique.",fr,Email Survey
REV000917,FLT00261,R004,2025-01-17,10,positive,"Le nouveau A330 est superbe, sièges confortables même en éco.",fr,App
REV000918,FLT00261,R004,2025-01-17,9,positive,On-time departure and smooth landing. Great value for money on this route.,en,Web
REV000919,FLT00261,R004,2025-01-17,6,neutral,Seat was a bit cramped but the crew was friendly. Average experience.,en,TripAdvisor
REV000920,FLT00261,R004,2025-01-17,10,positive,"Surclassement gratuit en Business, expérience inoubliable. Merci ACI !",fr,TripAdvisor
REV000921,FLT00262,R005,2025-01-17,9,positive,"Service impeccable, départ à l'heure. Bravo à l'équipage d'Air Côte d'Ivoire.",fr,App
REV000922,FLT00262,R005,2025-01-17,8,positive,Le rapport qualité-prix sur cette destination est imbattable. Continuez ainsi.,fr,Email Survey
REV000923,FLT00262,R005,2025-01-17,8,positive,"Great connection between ABJ and CDG, comparable to European carriers.",en,App
REV000924,FLT00262,R005,2025-01-17,10,positive,Surprised by the quality on this regional flight. Pleasant experience overall.,en,TripAdvisor
REV000925,FLT00262,R005,2025-01-17,7,neutral,Boarding took longer than expected but the flight itself was fine.,en,Email Survey
REV000926,FLT00262,R005,2025-01-17,10,positive,"Vol agréable, divertissement à bord varié. On se sent vraiment bien traité.",fr,TripAdvisor
REV000927,FLT00263,R005,2025-01-17,9,positive,"Service impeccable, départ à l'heure. Bravo à l'équipage d'Air Côte d'Ivoire.",fr,Web
REV000928,FLT00263,R005,2025-01-17,7,neutral,"Personnel correct, divertissement limité. Acceptable pour la durée.",fr,Web
REV000929,FLT00263,R005,2025-01-17,5,neutral,Decent flight overall. The check-in process was a little slow.,en,App
REV000930,FLT00263,R005,2025-01-17,6,neutral,Service standard pour le prix payé. Pas de quoi se plaindre.,fr,App
REV000931,FLT00264,R006,2025-01-17,5,negative,"Siège cassé, repas servi froid, service lent. Billet trop cher pour cette qualité. Problème récurrent : encombrement chronique à Lagos, créneaux non respectés.",fr,App
REV000932,FLT00264,R006,2025-01-17,8,neutral,Food could be better. Flight was on time though.,en,Web
REV000933,FLT00264,R006,2025-01-17,8,positive,On-time departure and smooth landing. Great value for money on this route.,en,TripAdvisor
REV000934,FLT00264,R006,2025-01-17,4,negative,Lost my baggage and still waiting for it. Unacceptable service.,en,TripAdvisor
REV000935,FLT00264,R006,2025-01-17,5,neutral,"Vol correct, rien d'exceptionnel. Le service est moyen.",fr,TripAdvisor
REV000936,FLT00265,R006,2025-01-17,9,positive,Excellent flight from check-in to landing. Staff were very helpful and friendly.,en,Email Survey
REV000937,FLT00265,R006,2025-01-17,4,negative,Terrible experience at check-in. Long queues and unhelpful staff.,en,Email Survey
REV000938,FLT00266,R007,2025-01-17,8,positive,The cabin crew was outstanding. Very attentive and professional.,en,Email Survey
REV000939,FLT00266,R007,2025-01-17,9,positive,Premium economy seat was worth every dollar on the long-haul.,en,Web
REV000940,FLT00266,R007,2025-01-17,4,negative,Wi-Fi annoncé mais inopérant pendant tout le vol. Décevant.,fr,TripAdvisor
REV000941,FLT00267,R008,2025-01-17,6,neutral,"Personnel correct, divertissement limité. Acceptable pour la durée.",fr,Web
REV000942,FLT00267,R008,2025-01-17,8,neutral,The flight was okay. Nothing special but nothing bad either.,en,TripAdvisor
REV000943,FLT00267,R008,2025-01-17,5,neutral,Départ légèrement en retard mais arrivée à l'heure. Acceptable.,fr,App
REV000944,FLT00267,R008,2025-01-17,5,neutral,"Avion propre, équipage poli sans plus. Vol sans incident.",fr,Web
REV000945,FLT00268,R009,2025-01-17,10,positive,Booked through the app and everything worked seamlessly.,en,TripAdvisor
REV000946,FLT00268,R009,2025-01-17,10,positive,Excellente compagnie. Les hôtesses étaient attentionnées et le pilote très rassurant.,fr,App
REV000947,FLT00269,R009,2025-01-17,3,negative,Bagages perdus et aucune aide de l'équipe au sol. Très déçu.,fr,TripAdvisor
REV000948,FLT00270,R010,2025-01-17,5,negative,"Avion vieillissant, climatisation défaillante, sièges abîmés.",fr,App
REV000949,FLT00270,R010,2025-01-17,9,positive,"Très bon vol, siège confortable et repas savoureux. Recommandé sans hésiter.",fr,App
REV000950,FLT00271,R011,2025-01-17,10,positive,Surprised by the quality on this regional flight. Pleasant experience overall.,en,TripAdvisor
REV000951,FLT00271,R011,2025-01-17,8,positive,Premium economy seat was worth every dollar on the long-haul.,en,Email Survey
REV000952,FLT00271,R011,2025-01-17,5,neutral,The flight was okay. Nothing special but nothing bad either.,en,Email Survey
REV000953,FLT00271,R011,2025-01-17,3,negative,"Embarquement chaotique, file d'attente interminable au comptoir. Problème récurrent : manque de connexions cohérentes vers l'est africain.",fr,App
REV000954,FLT00271,R011,2025-01-17,9,positive,"Personnel chaleureux, accueil africain authentique. Je recommande à 100%.",fr,App
REV000955,FLT00271,R011,2025-01-17,7,neutral,"Personnel correct, divertissement limité. Acceptable pour la durée.",fr,App
REV000956,FLT00272,R012,2025-01-17,10,positive,Excellente compagnie. Les hôtesses étaient attentionnées et le pilote très rassurant.,fr,Email Survey
REV000957,FLT00272,R012,2025-01-17,2,negative,Bagages perdus et aucune aide de l'équipe au sol. Très déçu.,fr,App
REV000958,FLT00272,R012,2025-01-17,10,positive,"Vol matinal très ponctuel, idéal pour les voyages d'affaires.",fr,Email Survey
REV000959,FLT00272,R012,2025-01-17,8,positive,The cabin crew was outstanding. Very attentive and professional.,en,App
REV000960,FLT00273,R001,2025-01-18,10,positive,"Vol excellent, équipage très professionnel. Je reviendrai certainement.",fr,TripAdvisor
REV000961,FLT00273,R001,2025-01-18,8,positive,Premium economy seat was worth every dollar on the long-haul.,en,App
REV000962,FLT00273,R001,2025-01-18,10,positive,Le rapport qualité-prix sur cette destination est imbattable. Continuez ainsi.,fr,TripAdvisor
REV000963,FLT00273,R001,2025-01-18,8,neutral,Repas basique mais consommable. Le siège était convenable.,fr,TripAdvisor
REV000964,FLT00273,R001,2025-01-18,10,positive,"Great connection between ABJ and CDG, comparable to European carriers.",en,TripAdvisor
REV000965,FLT00273,R001,2025-01-18,10,positive,Surprised by the quality on this regional flight. Pleasant experience overall.,en,Email Survey
REV000966,FLT00274,R002,2025-01-18,8,neutral,Embarquement un peu long mais le vol s'est bien déroulé ensuite.,fr,Email Survey
REV000967,FLT00274,R002,2025-01-18,9,positive,"Très bon vol, siège confortable et repas savoureux. Recommandé sans hésiter.",fr,App
REV000968,FLT00275,R003,2025-01-18,3,negative,Wi-Fi annoncé mais inopérant pendant tout le vol. Décevant.,fr,Email Survey
REV000969,FLT00275,R003,2025-01-18,9,positive,Crew handled a minor turbulence event calmly and professionally. Reassuring.,en,TripAdvisor
REV000970,FLT00275,R003,2025-01-18,9,positive,Le rapport qualité-prix sur cette destination est imbattable. Continuez ainsi.,fr,Web
REV000971,FLT00275,R003,2025-01-18,6,neutral,"Le check-in en ligne fonctionne bien, l'embarquement aussi.",fr,Email Survey
REV000972,FLT00276,R004,2025-01-18,8,positive,"Vol matinal très ponctuel, idéal pour les voyages d'affaires.",fr,Web
REV000973,FLT00276,R004,2025-01-18,9,positive,Surprised by the quality on this regional flight. Pleasant experience overall.,en,Web
REV000974,FLT00277,R004,2025-01-18,10,positive,"Voyage en famille parfaitement géré, attention particulière aux enfants.",fr,TripAdvisor
REV000975,FLT00277,R004,2025-01-18,8,neutral,"Vol correct, rien d'exceptionnel. Le service est moyen.",fr,Email Survey
REV000976,FLT00278,R005,2025-01-18,5,negative,"Encore un retard sur cette ligne, ça devient systématique. Problème récurrent : bagages fréquemment perdus sur la liaison Dakar.",fr,TripAdvisor
REV000977,FLT00278,R005,2025-01-18,10,positive,"Voyage en famille parfaitement géré, attention particulière aux enfants.",fr,Email Survey
REV000978,FLT00279,R005,2025-01-18,6,neutral,Entertainment options limited on this aircraft type. Otherwise acceptable.,en,Email Survey
REV000979,FLT00279,R005,2025-01-18,8,positive,"Vol matinal très ponctuel, idéal pour les voyages d'affaires.",fr,Email Survey
REV000980,FLT00279,R005,2025-01-18,10,positive,Business cabin on the A330 is excellent value compared to competitors.,en,App
REV000981,FLT00280,R006,2025-01-18,8,positive,"Vol excellent, équipage très professionnel. Je reviendrai certainement.",fr,App
REV000982,FLT00280,R006,2025-01-18,9,positive,"Embarquement fluide, équipage souriant, vol parfait du début à la fin.",fr,Email Survey
REV000983,FLT00280,R006,2025-01-18,8,positive,Surprised by the quality on this regional flight. Pleasant experience overall.,en,Web
REV000984,FLT00280,R006,2025-01-18,8,neutral,Service standard pour le prix payé. Pas de quoi se plaindre.,fr,Email Survey
REV000985,FLT00280,R006,2025-01-18,10,positive,"Très bon vol, siège confortable et repas savoureux. Recommandé sans hésiter.",fr,Email Survey
REV000986,FLT00280,R006,2025-01-18,10,positive,"Vol agréable, divertissement à bord varié. On se sent vraiment bien traité.",fr,Email Survey
REV000987,FLT00281,R006,2025-01-18,9,positive,"Vol matinal très ponctuel, idéal pour les voyages d'affaires.",fr,Email Survey
REV000988,FLT00281,R006,2025-01-18,6,neutral,Lounge in CDG was crowded but the flight crew was helpful.,en,App
REV000989,FLT00281,R006,2025-01-18,9,positive,"Great connection between ABJ and CDG, comparable to European carriers.",en,TripAdvisor
REV000990,FLT00281,R006,2025-01-18,7,neutral,"Personnel correct, divertissement limité. Acceptable pour la durée.",fr,Email Survey
REV000991,FLT00281,R006,2025-01-18,9,positive,"Voyage en famille parfaitement géré, attention particulière aux enfants.",fr,Web
REV000992,FLT00282,R007,2025-01-18,2,negative,Terrible experience at check-in. Long queues and unhelpful staff. Recurring issue: frequent turbulence and disrupted service.,en,Web
REV000993,FLT00282,R007,2025-01-18,2,negative,Frequent flyer points still not credited after multiple complaints. Recurring issue: frequent turbulence and disrupted service.,en,Web
REV000994,FLT00282,R007,2025-01-18,5,neutral,Service standard pour le prix payé. Pas de quoi se plaindre.,fr,TripAdvisor
REV000995,FLT00283,R008,2025-01-18,6,neutral,Boarding took longer than expected but the flight itself was fine.,en,Web
REV000996,FLT00284,R009,2025-01-18,2,negative,"Avion vieillissant, climatisation défaillante, sièges abîmés. Problème récurrent : retards liés aux créneaux horaires à Paris CDG.",fr,Email Survey
REV000997,FLT00284,R009,2025-01-18,9,positive,Excellente compagnie. Les hôtesses étaient attentionnées et le pilote très rassurant.,fr,TripAdvisor
REV000998,FLT00285,R009,2025-01-18,10,positive,Le rapport qualité-prix sur cette destination est imbattable. Continuez ainsi.,fr,App
REV000999,FLT00285,R009,2025-01-18,10,positive,"Vol excellent, équipage très professionnel. Je reviendrai certainement.",fr,App
REV001000,FLT00285,R009,2025-01-18,9,positive,"Vol agréable, divertissement à bord varié. On se sent vraiment bien traité.",fr,TripAdvisor
REV001001,FLT00285,R009,2025-01-18,8,neutral,Service standard pour le prix payé. Pas de quoi se plaindre.,fr,Web
REV001002,FLT00286,R010,2025-01-18,8,neutral,Boarding took longer than expected but the flight itself was fine.,en,Email Survey
REV001003,FLT00286,R010,2025-01-18,6,neutral,Lounge in CDG was crowded but the flight crew was helpful.,en,Web
REV001004,FLT00286,R010,2025-01-18,2,negative,Mes points fidélité n'ont pas été crédités après ce vol. Service après-vente injoignable.,fr,Web
REV001005,FLT00286,R010,2025-01-18,2,negative,Terrible experience at check-in. Long queues and unhelpful staff.,en,App
REV001006,FLT00286,R010,2025-01-18,8,positive,"Très bon vol, siège confortable et repas savoureux. Recommandé sans hésiter.",fr,Email Survey
REV001007,FLT00287,R011,2025-01-18,8,positive,Booked through the app and everything worked seamlessly.,en,Web
REV001008,FLT00288,R012,2025-01-18,8,neutral,Service standard pour le prix payé. Pas de quoi se plaindre.,fr,App
REV001009,FLT00288,R012,2025-01-18,8,positive,"Clean aircraft, friendly staff. Will definitely book again.",en,App
REV001010,FLT00288,R012,2025-01-18,5,neutral,"Vol correct, rien d'exceptionnel. Le service est moyen.",fr,TripAdvisor
REV001011,FLT00288,R012,2025-01-18,8,positive,Booked through the app and everything worked seamlessly.,en,App
REV001012,FLT00288,R012,2025-01-18,6,neutral,"Personnel correct, divertissement limité. Acceptable pour la durée.",fr,Email Survey
REV001013,FLT00289,R001,2025-01-19,6,neutral,Lounge in CDG was crowded but the flight crew was helpful.,en,Web
REV001014,FLT00289,R001,2025-01-19,5,neutral,Lounge in CDG was crowded but the flight crew was helpful.,en,Email Survey
REV001015,FLT00289,R001,2025-01-19,8,positive,Excellente compagnie. Les hôtesses étaient attentionnées et le pilote très rassurant.,fr,Email Survey
REV001016,FLT00289,R001,2025-01-19,6,neutral,Seat was a bit cramped but the crew was friendly. Average experience.,en,App
REV001017,FLT00289,R001,2025-01-19,6,neutral,"Avion propre, équipage poli sans plus. Vol sans incident.",fr,TripAdvisor
REV001018,FLT00289,R001,2025-01-19,8,neutral,Standard regional service. Aircraft was clean enough.,en,Email Survey
REV001019,FLT00290,R002,2025-01-19,8,positive,"Personnel chaleureux, accueil africain authentique. Je recommande à 100%.",fr,App
REV001020,FLT00290,R002,2025-01-19,4,negative,"Cancelled with only 2 hours notice. No rebooking offered, no hotel.",en,App
REV001021,FLT00290,R002,2025-01-19,10,positive,"Vol excellent, équipage très professionnel. Je reviendrai certainement.",fr,TripAdvisor
REV001022,FLT00290,R002,2025-01-19,8,neutral,"Vol correct, rien d'exceptionnel. Le service est moyen.",fr,App
REV001023,FLT00291,R003,2025-01-19,4,negative,Aucune assistance pour ma correspondance ratée à cause du retard.,fr,App
REV001024,FLT00291,R003,2025-01-19,7,neutral,"Personnel correct, divertissement limité. Acceptable pour la durée.",fr,Web
REV001025,FLT00291,R003,2025-01-19,9,positive,"Smooth flight, great food options. The lounge access in Abidjan was a nice touch.",en,TripAdvisor
REV001026,FLT00292,R004,2025-01-19,6,neutral,Climatisation un peu froide mais des couvertures étaient disponibles.,fr,Email Survey
REV001027,FLT00292,R004,2025-01-19,9,positive,Le rapport qualité-prix sur cette destination est imbattable. Continuez ainsi.,fr,Web
REV001028,FLT00292,R004,2025-01-19,8,neutral,Lounge in CDG was crowded but the flight crew was helpful.,en,TripAdvisor
REV001029,FLT00293,R004,2025-01-19,8,neutral,"Vol sans surprise, ni bonne ni mauvaise. Je referai si nécessaire.",fr,App
REV001030,FLT00293,R004,2025-01-19,8,neutral,Food could be better. Flight was on time though.,en,TripAdvisor
REV001031,FLT00293,R004,2025-01-19,10,positive,"Très bon vol, siège confortable et repas savoureux. Recommandé sans hésiter.",fr,Email Survey
REV001032,FLT00293,R004,2025-01-19,8,positive,"Vol excellent, équipage très professionnel. Je reviendrai certainement.",fr,TripAdvisor
REV001033,FLT00294,R005,2025-01-19,8,positive,Le rapport qualité-prix sur cette destination est imbattable. Continuez ainsi.,fr,TripAdvisor
REV001034,FLT00294,R005,2025-01-19,7,neutral,Repas basique mais consommable. Le siège était convenable.,fr,Email Survey
REV001035,FLT00294,R005,2025-01-19,8,neutral,"Vol sans surprise, ni bonne ni mauvaise. Je referai si nécessaire.",fr,Email Survey
REV001036,FLT00294,R005,2025-01-19,7,neutral,Départ légèrement en retard mais arrivée à l'heure. Acceptable.,fr,App
REV001037,FLT00295,R005,2025-01-19,6,neutral,Decent flight overall. The check-in process was a little slow.,en,TripAdvisor
REV001038,FLT00295,R005,2025-01-19,8,positive,"Smooth flight, great food options. The lounge access in Abidjan was a nice touch.",en,Email Survey
REV001039,FLT00295,R005,2025-01-19,10,positive,"Vol agréable, divertissement à bord varié. On se sent vraiment bien traité.",fr,App
REV001040,FLT00296,R006,2025-01-19,10,positive,"Surclassement gratuit en Business, expérience inoubliable. Merci ACI !",fr,Email Survey
REV001041,FLT00296,R006,2025-01-19,2,negative,"Retard de 2 heures sans explication. Service clientèle décevant. Problème récurrent : encombrement chronique à Lagos, créneaux non respectés.",fr,TripAdvisor
REV001042,FLT00296,R006,2025-01-19,3,negative,"Comparé à Ethiopian ou Air France, le niveau de service n'y est pas.",fr,TripAdvisor
REV001043,FLT00296,R006,2025-01-19,7,neutral,Decent flight overall. The check-in process was a little slow.,en,Email Survey
REV001044,FLT00296,R006,2025-01-19,6,neutral,Decent flight overall. The check-in process was a little slow.,en,Email Survey
REV001045,FLT00297,R006,2025-01-19,4,negative,"Encore un retard sur cette ligne, ça devient systématique.",fr,TripAdvisor
REV001046,FLT00297,R006,2025-01-19,5,neutral,Lounge in CDG was crowded but the flight crew was helpful.,en,TripAdvisor
REV001047,FLT00297,R006,2025-01-19,4,negative,"Lost my baggage and still waiting for it. Unacceptable service. Recurring issue: Lagos congestion, schedule slots routinely missed.",en,Email Survey
REV001048,FLT00297,R006,2025-01-19,8,positive,Surprised by the quality on this regional flight. Pleasant experience overall.,en,App
REV001049,FLT00298,R007,2025-01-19,7,neutral,Service standard pour le prix payé. Pas de quoi se plaindre.,fr,TripAdvisor
REV001050,FLT00298,R007,2025-01-19,7,neutral,"Personnel correct, divertissement limité. Acceptable pour la durée.",fr,Web
REV001051,FLT00298,R007,2025-01-19,10,positive,"Clean aircraft, friendly staff. Will definitely book again.",en,App
REV001052,FLT00298,R007,2025-01-19,8,positive,"Personnel chaleureux, accueil africain authentique. Je recommande à 100%.",fr,Web
REV001053,FLT00299,R008,2025-01-19,8,positive,"Smooth flight, great food options. The lounge access in Abidjan was a nice touch.",en,Web
REV001054,FLT00299,R008,2025-01-19,8,positive,"Voyage en famille parfaitement géré, attention particulière aux enfants.",fr,TripAdvisor
REV001055,FLT00300,R009,2025-01-19,6,neutral,"Personnel correct, divertissement limité. Acceptable pour la durée.",fr,TripAdvisor
REV001056,FLT00301,R009,2025-01-19,3,negative,Mes points fidélité n'ont pas été crédités après ce vol. Service après-vente injoignable. Problème récurrent : retards liés aux créneaux horaires à Paris CDG.,fr,Web
REV001057,FLT00301,R009,2025-01-19,1,negative,Aucune assistance pour ma correspondance ratée à cause du retard.,fr,Web
REV001058,FLT00301,R009,2025-01-19,1,negative,"Embarquement chaotique, file d'attente interminable au comptoir.",fr,App
REV001059,FLT00301,R009,2025-01-19,2,negative,"Encore un retard sur cette ligne, ça devient systématique. Problème récurrent : retards liés aux créneaux horaires à Paris CDG.",fr,Email Survey
REV001060,FLT00301,R009,2025-01-19,3,negative,"Encore un retard sur cette ligne, ça devient systématique. Problème récurrent : retards liés aux créneaux horaires à Paris CDG.",fr,TripAdvisor
REV001061,FLT00302,R010,2025-01-19,10,positive,"Le nouveau A330 est superbe, sièges confortables même en éco.",fr,App
REV001062,FLT00302,R010,2025-01-19,10,positive,Excellent flight from check-in to landing. Staff were very helpful and friendly.,en,App
REV001063,FLT00302,R010,2025-01-19,8,neutral,Seat was a bit cramped but the crew was friendly. Average experience.,en,App
REV001064,FLT00302,R010,2025-01-19,8,positive,"Vol matinal très ponctuel, idéal pour les voyages d'affaires.",fr,Email Survey
REV001065,FLT00302,R010,2025-01-19,9,positive,"Surclassement gratuit en Business, expérience inoubliable. Merci ACI !",fr,App
REV001066,FLT00302,R010,2025-01-19,8,neutral,"Vol sans surprise, ni bonne ni mauvaise. Je referai si nécessaire.",fr,App
REV001067,FLT00303,R011,2025-01-19,6,neutral,"Le check-in en ligne fonctionne bien, l'embarquement aussi.",fr,App
REV001068,FLT00303,R011,2025-01-19,8,positive,"Smooth flight, great food options. The lounge access in Abidjan was a nice touch.",en,Email Survey
REV001069,FLT00303,R011,2025-01-19,5,neutral,"Vol correct, rien d'exceptionnel. Le service est moyen.",fr,Email Survey
REV001070,FLT00303,R011,2025-01-19,8,positive,"Très bon vol, siège confortable et repas savoureux. Recommandé sans hésiter.",fr,Email Survey
REV001071,FLT00303,R011,2025-01-19,10,positive,"Voyage en famille parfaitement géré, attention particulière aux enfants.",fr,TripAdvisor
REV001072,FLT00304,R012,2025-01-19,8,positive,"Voyage en famille parfaitement géré, attention particulière aux enfants.",fr,TripAdvisor
REV001073,FLT00305,R001,2025-01-20,8,positive,"Embarquement fluide, équipage souriant, vol parfait du début à la fin.",fr,Email Survey
REV001074,FLT00305,R001,2025-01-20,10,positive,"Service impeccable, départ à l'heure. Bravo à l'équipage d'Air Côte d'Ivoire.",fr,Web
REV001075,FLT00305,R001,2025-01-20,8,neutral,Repas basique mais consommable. Le siège était convenable.,fr,Email Survey
REV001076,FLT00305,R001,2025-01-20,6,negative,"Personnel à bord peu aimable, on a l'impression de déranger. Problème récurrent : retard systématique le matin sur la rotation ABJ-Bouaké.",fr,Web
REV001077,FLT00305,R001,2025-01-20,8,positive,"Le nouveau A330 est superbe, sièges confortables même en éco.",fr,Web
REV001078,FLT00306,R002,2025-01-20,5,negative,Bagages perdus et aucune aide de l'équipe au sol. Très déçu.,fr,TripAdvisor
REV001079,FLT00306,R002,2025-01-20,8,neutral,Repas basique mais consommable. Le siège était convenable.,fr,Email Survey
REV001080,FLT00306,R002,2025-01-20,8,positive,"Vol matinal très ponctuel, idéal pour les voyages d'affaires.",fr,Email Survey
REV001081,FLT00307,R003,2025-01-20,7,neutral,Decent flight overall. The check-in process was a little slow.,en,Web
REV001082,FLT00307,R003,2025-01-20,10,positive,"Embarquement fluide, équipage souriant, vol parfait du début à la fin.",fr,Web
REV001083,FLT00308,R004,2025-01-20,8,positive,"Très bon vol, siège confortable et repas savoureux. Recommandé sans hésiter.",fr,Web
REV001084,FLT00308,R004,2025-01-20,5,negative,Aucune assistance pour ma correspondance ratée à cause du retard.,fr,Web
REV001085,FLT00309,R004,2025-01-20,6,neutral,Lounge in CDG was crowded but the flight crew was helpful.,en,TripAdvisor
REV001086,FLT00309,R004,2025-01-20,10,positive,"Embarquement fluide, équipage souriant, vol parfait du début à la fin.",fr,App
REV001087,FLT00309,R004,2025-01-20,2,negative,Inflight Wi-Fi did not work despite being charged for it.,en,App
REV001088,FLT00309,R004,2025-01-20,2,negative,"Cancelled with only 2 hours notice. No rebooking offered, no hotel.",en,TripAdvisor
REV001089,FLT00310,R005,2025-01-20,1,negative,Lost my baggage and still waiting for it. Unacceptable service. Recurring issue: baggage frequently mishandled on the Dakar line.,en,Email Survey
REV001090,FLT00310,R005,2025-01-20,3,negative,Cabin was overheated for the entire flight. No working AC.,en,App
REV001091,FLT00310,R005,2025-01-20,0,negative,"Personnel à bord peu aimable, on a l'impression de déranger.",fr,App
REV001092,FLT00310,R005,2025-01-20,2,negative,"Avion vieillissant, climatisation défaillante, sièges abîmés.",fr,Email Survey
REV001093,FLT00311,R005,2025-01-20,5,neutral,Lounge in CDG was crowded but the flight crew was helpful.,en,Email Survey
REV001094,FLT00312,R006,2025-01-20,8,neutral,Climatisation un peu froide mais des couvertures étaient disponibles.,fr,Web
REV001095,FLT00313,R006,2025-01-20,5,neutral,"Avion propre, équipage poli sans plus. Vol sans incident.",fr,Email Survey
REV001096,FLT00313,R006,2025-01-20,5,neutral,"Vol correct, rien d'exceptionnel. Le service est moyen.",fr,TripAdvisor
REV001097,FLT00313,R006,2025-01-20,8,positive,"Vol excellent, équipage très professionnel. Je reviendrai certainement.",fr,App
REV001098,FLT00314,R007,2025-01-20,7,neutral,Embarquement un peu long mais le vol s'est bien déroulé ensuite.,fr,TripAdvisor
REV001099,FLT00314,R007,2025-01-20,10,positive,Excellente compagnie. Les hôtesses étaient attentionnées et le pilote très rassurant.,fr,Email Survey
REV001100,FLT00314,R007,2025-01-20,8,positive,"Voyage en famille parfaitement géré, attention particulière aux enfants.",fr,App
REV001101,FLT00314,R007,2025-01-20,8,neutral,Lounge in CDG was crowded but the flight crew was helpful.,en,Email Survey
REV001102,FLT00314,R007,2025-01-20,7,neutral,Boarding took longer than expected but the flight itself was fine.,en,App
REV001103,FLT00314,R007,2025-01-20,9,positive,"Personnel chaleureux, accueil africain authentique. Je recommande à 100%.",fr,Email Survey
REV001104,FLT00315,R008,2025-01-20,10,positive,Loved the African hospitality on board. Felt welcomed throughout.,en,Email Survey
REV001105,FLT00315,R008,2025-01-20,8,neutral,"Avion propre, équipage poli sans plus. Vol sans incident.",fr,TripAdvisor
REV001106,FLT00315,R008,2025-01-20,4,negative,Vol annulé et rebooking chaotique. Communication désastreuse.,fr,TripAdvisor
REV001107,FLT00316,R009,2025-01-20,9,positive,"Service impeccable, départ à l'heure. Bravo à l'équipage d'Air Côte d'Ivoire.",fr,Web
REV001108,FLT00316,R009,2025-01-20,9,positive,Premium economy seat was worth every dollar on the long-haul.,en,TripAdvisor
REV001109,FLT00316,R009,2025-01-20,10,positive,"Très bon vol, siège confortable et repas savoureux. Recommandé sans hésiter.",fr,App
REV001110,FLT00316,R009,2025-01-20,3,negative,"Repas immangeable, je n'ai pas pu finir mon plateau. Problème récurrent : retards liés aux créneaux horaires à Paris CDG.",fr,Email Survey
REV001111,FLT00316,R009,2025-01-20,6,neutral,Entertainment options limited on this aircraft type. Otherwise acceptable.,en,App
REV001112,FLT00316,R009,2025-01-20,6,negative,"Compensation claim filed two months ago, still no response. Recurring issue: Paris CDG slot delays affecting connections.",en,App
REV001113,FLT00317,R009,2025-01-20,3,negative,Aucune assistance pour ma correspondance ratée à cause du retard. Problème récurrent : retards liés aux créneaux horaires à Paris CDG.,fr,Web
REV001114,FLT00317,R009,2025-01-20,9,positive,"Personnel chaleureux, accueil africain authentique. Je recommande à 100%.",fr,TripAdvisor
REV001115,FLT00317,R009,2025-01-20,6,neutral,Climatisation un peu froide mais des couvertures étaient disponibles.,fr,Web
REV001116,FLT00317,R009,2025-01-20,5,neutral,Decent flight overall. The check-in process was a little slow.,en,TripAdvisor
REV001117,FLT00317,R009,2025-01-20,6,neutral,"Vol correct, rien d'exceptionnel. Le service est moyen.",fr,App
REV001118,FLT00318,R010,2025-01-20,9,positive,"Embarquement fluide, équipage souriant, vol parfait du début à la fin.",fr,TripAdvisor
REV001119,FLT00318,R010,2025-01-20,10,positive,"Service impeccable, départ à l'heure. Bravo à l'équipage d'Air Côte d'Ivoire.",fr,Email Survey
REV001120,FLT00318,R010,2025-01-20,8,positive,"Embarquement fluide, équipage souriant, vol parfait du début à la fin.",fr,Email Survey
REV001121,FLT00318,R010,2025-01-20,5,neutral,Standard regional service. Aircraft was clean enough.,en,TripAdvisor
REV001122,FLT00319,R011,2025-01-20,9,positive,"Vol excellent, équipage très professionnel. Je reviendrai certainement.",fr,Web
REV001123,FLT00320,R012,2025-01-20,9,positive,"Repas africain délicieux à bord, vraie touche locale appréciable.",fr,TripAdvisor
REV001124,FLT00320,R012,2025-01-20,8,neutral,The flight was okay. Nothing special but nothing bad either.,en,TripAdvisor
REV001125,FLT00320,R012,2025-01-20,10,positive,Le rapport qualité-prix sur cette destination est imbattable. Continuez ainsi.,fr,TripAdvisor
REV001126,FLT00321,R001,2025-01-21,10,positive,Business cabin on the A330 is excellent value compared to competitors.,en,Web
REV001127,FLT00321,R001,2025-01-21,5,neutral,Entertainment options limited on this aircraft type. Otherwise acceptable.,en,App
REV001128,FLT00321,R001,2025-01-21,5,neutral,Lounge in CDG was crowded but the flight crew was helpful.,en,Web
REV001129,FLT00321,R001,2025-01-21,10,positive,"Vol matinal très ponctuel, idéal pour les voyages d'affaires.",fr,App
REV001130,FLT00321,R001,2025-01-21,6,neutral,Climatisation un peu froide mais des couvertures étaient disponibles.,fr,TripAdvisor
REV001131,FLT00322,R002,2025-01-21,8,neutral,Repas basique mais consommable. Le siège était convenable.,fr,TripAdvisor
REV001132,FLT00323,R003,2025-01-21,10,positive,"Le nouveau A330 est superbe, sièges confortables même en éco.",fr,App
REV001133,FLT00324,R004,2025-01-21,9,positive,Excellente compagnie. Les hôtesses étaient attentionnées et le pilote très rassurant.,fr,TripAdvisor
REV001134,FLT00324,R004,2025-01-21,10,positive,Excellent flight from check-in to landing. Staff were very helpful and friendly.,en,Web
REV001135,FLT00324,R004,2025-01-21,8,neutral,"Avion propre, équipage poli sans plus. Vol sans incident.",fr,TripAdvisor
REV001136,FLT00324,R004,2025-01-21,9,positive,"Repas africain délicieux à bord, vraie touche locale appréciable.",fr,Web
REV001137,FLT00324,R004,2025-01-21,5,neutral,Repas basique mais consommable. Le siège était convenable.,fr,TripAdvisor
REV001138,FLT00325,R004,2025-01-21,10,positive,"Le nouveau A330 est superbe, sièges confortables même en éco.",fr,Email Survey
REV001139,FLT00325,R004,2025-01-21,8,positive,"Clean aircraft, friendly staff. Will definitely book again.",en,Web
REV001140,FLT00325,R004,2025-01-21,8,neutral,Decent flight overall. The check-in process was a little slow.,en,TripAdvisor
REV001141,FLT00325,R004,2025-01-21,2,negative,Lost my baggage and still waiting for it. Unacceptable service.,en,Email Survey
REV001142,FLT00326,R005,2025-01-21,6,negative,"Repas immangeable, je n'ai pas pu finir mon plateau. Problème récurrent : bagages fréquemment perdus sur la liaison Dakar.",fr,TripAdvisor
REV001143,FLT00326,R005,2025-01-21,5,neutral,"Le check-in en ligne fonctionne bien, l'embarquement aussi.",fr,Web
REV001144,FLT00327,R005,2025-01-21,8,positive,Excellente compagnie. Les hôtesses étaient attentionnées et le pilote très rassurant.,fr,TripAdvisor
REV001145,FLT00327,R005,2025-01-21,8,positive,"Service impeccable, départ à l'heure. Bravo à l'équipage d'Air Côte d'Ivoire.",fr,Web
REV001146,FLT00327,R005,2025-01-21,8,neutral,Entertainment options limited on this aircraft type. Otherwise acceptable.,en,Email Survey
REV001147,FLT00327,R005,2025-01-21,2,negative,Flight delayed 3 hours. No communication from staff. Very frustrated. Recurring issue: baggage frequently mishandled on the Dakar line.,en,Email Survey
REV001148,FLT00327,R005,2025-01-21,10,positive,Surprised by the quality on this regional flight. Pleasant experience overall.,en,Web
REV001149,FLT00327,R005,2025-01-21,3,negative,"Repas immangeable, je n'ai pas pu finir mon plateau. Problème récurrent : bagages fréquemment perdus sur la liaison Dakar.",fr,App
REV001150,FLT00328,R006,2025-01-21,10,positive,"Vol matinal très ponctuel, idéal pour les voyages d'affaires.",fr,TripAdvisor
REV001151,FLT00328,R006,2025-01-21,8,positive,"Service impeccable, départ à l'heure. Bravo à l'équipage d'Air Côte d'Ivoire.",fr,Web
REV001152,FLT00329,R006,2025-01-21,8,positive,"Surclassement gratuit en Business, expérience inoubliable. Merci ACI !",fr,Email Survey
REV001153,FLT00329,R006,2025-01-21,6,neutral,Lounge in CDG was crowded but the flight crew was helpful.,en,TripAdvisor
REV001154,FLT00329,R006,2025-01-21,9,positive,"Personnel chaleureux, accueil africain authentique. Je recommande à 100%.",fr,App
REV001155,FLT00329,R006,2025-01-21,10,positive,"Très bon vol, siège confortable et repas savoureux. Recommandé sans hésiter.",fr,App
REV001156,FLT00329,R006,2025-01-21,2,negative,"Repas immangeable, je n'ai pas pu finir mon plateau. Problème récurrent : encombrement chronique à Lagos, créneaux non respectés.",fr,TripAdvisor
REV001157,FLT00330,R007,2025-01-21,9,positive,"Vol agréable, divertissement à bord varié. On se sent vraiment bien traité.",fr,App
REV001158,FLT00330,R007,2025-01-21,9,positive,Crew handled a minor turbulence event calmly and professionally. Reassuring.,en,App
REV001159,FLT00330,R007,2025-01-21,7,neutral,"Vol sans surprise, ni bonne ni mauvaise. Je referai si nécessaire.",fr,TripAdvisor
REV001160,FLT00330,R007,2025-01-21,3,negative,Multiple delays on this route this year. Reliability is a real issue.,en,TripAdvisor
REV001161,FLT00330,R007,2025-01-21,6,neutral,Decent flight overall. The check-in process was a little slow.,en,Web
REV001162,FLT00330,R007,2025-01-21,10,positive,"Vol excellent, équipage très professionnel. Je reviendrai certainement.",fr,TripAdvisor
REV001163,FLT00331,R008,2025-01-21,6,neutral,"Vol correct, rien d'exceptionnel. Le service est moyen.",fr,Web
REV001164,FLT00332,R009,2025-01-21,9,positive,Excellente compagnie. Les hôtesses étaient attentionnées et le pilote très rassurant.,fr,Web
REV001165,FLT00332,R009,2025-01-21,5,negative,"Compensation claim filed two months ago, still no response. Recurring issue: Paris CDG slot delays affecting connections.",en,Email Survey
REV001166,FLT00332,R009,2025-01-21,9,positive,"Surclassement gratuit en Business, expérience inoubliable. Merci ACI !",fr,App
REV001167,FLT00333,R009,2025-01-21,4,negative,Inflight Wi-Fi did not work despite being charged for it. Recurring issue: Paris CDG slot delays affecting connections.,en,Web
REV001168,FLT00333,R009,2025-01-21,8,positive,Business cabin on the A330 is excellent value compared to competitors.,en,Email Survey
REV001169,FLT00333,R009,2025-01-21,9,positive,"Personnel chaleureux, accueil africain authentique. Je recommande à 100%.",fr,TripAdvisor
REV001170,FLT00334,R010,2025-01-21,10,positive,"Embarquement fluide, équipage souriant, vol parfait du début à la fin.",fr,Email Survey
REV001171,FLT00334,R010,2025-01-21,6,neutral,Boarding took longer than expected but the flight itself was fine.,en,Web
REV001172,FLT00334,R010,2025-01-21,10,positive,"Très bon vol, siège confortable et repas savoureux. Recommandé sans hésiter.",fr,App
REV001173,FLT00335,R011,2025-01-21,8,positive,"Clean aircraft, friendly staff. Will definitely book again.",en,Web
REV001174,FLT00335,R011,2025-01-21,8,neutral,Service standard pour le prix payé. Pas de quoi se plaindre.,fr,Email Survey
REV001175,FLT00335,R011,2025-01-21,8,neutral,"Le check-in en ligne fonctionne bien, l'embarquement aussi.",fr,Web
REV001176,FLT00335,R011,2025-01-21,7,neutral,Départ légèrement en retard mais arrivée à l'heure. Acceptable.,fr,TripAdvisor
REV001177,FLT00335,R011,2025-01-21,2,negative,Lost my baggage and still waiting for it. Unacceptable service. Recurring issue: lack of consistent eastward African connections.,en,Web
REV001178,FLT00335,R011,2025-01-21,10,positive,Business cabin on the A330 is excellent value compared to competitors.,en,Web
REV001179,FLT00336,R012,2025-01-21,8,positive,"Vol agréable, divertissement à bord varié. On se sent vraiment bien traité.",fr,TripAdvisor
REV001180,FLT00336,R012,2025-01-21,9,positive,"Surclassement gratuit en Business, expérience inoubliable. Merci ACI !",fr,App
REV001181,FLT00336,R012,2025-01-21,8,positive,"Vol excellent, équipage très professionnel. Je reviendrai certainement.",fr,App
REV001182,FLT00336,R012,2025-01-21,9,positive,"Très bon vol, siège confortable et repas savoureux. Recommandé sans hésiter.",fr,App
REV001183,FLT00336,R012,2025-01-21,6,neutral,The flight was okay. Nothing special but nothing bad either.,en,App
REV001184,FLT00337,R001,2025-01-22,4,negative,"Personnel à bord peu aimable, on a l'impression de déranger. Problème récurrent : retard systématique le matin sur la rotation ABJ-Bouaké.",fr,Email Survey
REV001185,FLT00338,R002,2025-01-22,7,neutral,Boarding took longer than expected but the flight itself was fine.,en,Email Survey
REV001186,FLT00338,R002,2025-01-22,7,neutral,Repas basique mais consommable. Le siège était convenable.,fr,Email Survey
REV001187,FLT00339,R003,2025-01-22,6,neutral,Départ légèrement en retard mais arrivée à l'heure. Acceptable.,fr,Web
REV001188,FLT00339,R003,2025-01-22,8,positive,Crew handled a minor turbulence event calmly and professionally. Reassuring.,en,Email Survey
REV001189,FLT00339,R003,2025-01-22,6,neutral,Repas basique mais consommable. Le siège était convenable.,fr,Web
REV001190,FLT00339,R003,2025-01-22,9,positive,"Vol agréable, divertissement à bord varié. On se sent vraiment bien traité.",fr,TripAdvisor
REV001191,FLT00340,R004,2025-01-22,8,positive,"Vol agréable, divertissement à bord varié. On se sent vraiment bien traité.",fr,TripAdvisor
REV001192,FLT00340,R004,2025-01-22,8,neutral,Climatisation un peu froide mais des couvertures étaient disponibles.,fr,TripAdvisor
REV001193,FLT00340,R004,2025-01-22,6,neutral,"Personnel correct, divertissement limité. Acceptable pour la durée.",fr,TripAdvisor
REV001194,FLT00340,R004,2025-01-22,9,positive,Excellent flight from check-in to landing. Staff were very helpful and friendly.,en,TripAdvisor
REV001195,FLT00341,R004,2025-01-22,6,neutral,Boarding took longer than expected but the flight itself was fine.,en,Email Survey
REV001196,FLT00341,R004,2025-01-22,8,neutral,Food could be better. Flight was on time though.,en,TripAdvisor
REV001197,FLT00341,R004,2025-01-22,9,positive,Excellente compagnie. Les hôtesses étaient attentionnées et le pilote très rassurant.,fr,Email Survey
REV001198,FLT00341,R004,2025-01-22,5,negative,Inflight Wi-Fi did not work despite being charged for it.,en,TripAdvisor
REV001199,FLT00341,R004,2025-01-22,6,neutral,Seat was a bit cramped but the crew was friendly. Average experience.,en,TripAdvisor
REV001200,FLT00342,R005,2025-01-22,9,positive,Surprised by the quality on this regional flight. Pleasant experience overall.,en,TripAdvisor
REV001201,FLT00342,R005,2025-01-22,9,positive,"Vol agréable, divertissement à bord varié. On se sent vraiment bien traité.",fr,App
REV001202,FLT00342,R005,2025-01-22,9,positive,"Surclassement gratuit en Business, expérience inoubliable. Merci ACI !",fr,Web
REV001203,FLT00342,R005,2025-01-22,10,positive,"Voyage en famille parfaitement géré, attention particulière aux enfants.",fr,Email Survey
REV001204,FLT00342,R005,2025-01-22,4,negative,Flight delayed 3 hours. No communication from staff. Very frustrated.,en,App
REV001205,FLT00342,R005,2025-01-22,10,positive,Booked through the app and everything worked seamlessly.,en,App
REV001206,FLT00343,R005,2025-01-22,5,negative,Vol annulé et rebooking chaotique. Communication désastreuse. Problème récurrent : bagages fréquemment perdus sur la liaison Dakar.,fr,TripAdvisor
REV001207,FLT00343,R005,2025-01-22,3,negative,Wi-Fi annoncé mais inopérant pendant tout le vol. Décevant. Problème récurrent : bagages fréquemment perdus sur la liaison Dakar.,fr,App
REV001208,FLT00343,R005,2025-01-22,8,positive,"Repas africain délicieux à bord, vraie touche locale appréciable.",fr,Email Survey
REV001209,FLT00344,R006,2025-01-22,3,negative,"Siège cassé, repas servi froid, service lent. Billet trop cher pour cette qualité. Problème récurrent : encombrement chronique à Lagos, créneaux non respectés.",fr,Email Survey
REV001210,FLT00344,R006,2025-01-22,8,positive,"Smooth flight, great food options. The lounge access in Abidjan was a nice touch.",en,Email Survey
REV001211,FLT00344,R006,2025-01-22,7,neutral,"Avion propre, équipage poli sans plus. Vol sans incident.",fr,Email Survey
REV001212,FLT00345,R006,2025-01-22,8,positive,Surprised by the quality on this regional flight. Pleasant experience overall.,en,Email Survey
REV001213,FLT00345,R006,2025-01-22,8,positive,Loved the African hospitality on board. Felt welcomed throughout.,en,App
REV001214,FLT00345,R006,2025-01-22,9,positive,"Très bon vol, siège confortable et repas savoureux. Recommandé sans hésiter.",fr,Email Survey
REV001215,FLT00345,R006,2025-01-22,7,neutral,Climatisation un peu froide mais des couvertures étaient disponibles.,fr,Web
REV001216,FLT00345,R006,2025-01-22,10,positive,"Service impeccable, départ à l'heure. Bravo à l'équipage d'Air Côte d'Ivoire.",fr,Email Survey
REV001217,FLT00346,R007,2025-01-22,5,neutral,Entertainment options limited on this aircraft type. Otherwise acceptable.,en,Email Survey
REV001218,FLT00346,R007,2025-01-22,9,positive,"Voyage en famille parfaitement géré, attention particulière aux enfants.",fr,TripAdvisor
REV001219,FLT00347,R008,2025-01-22,10,positive,Le rapport qualité-prix sur cette destination est imbattable. Continuez ainsi.,fr,Web
REV001220,FLT00347,R008,2025-01-22,8,neutral,Standard regional service. Aircraft was clean enough.,en,TripAdvisor
REV001221,FLT00347,R008,2025-01-22,3,negative,Mes points fidélité n'ont pas été crédités après ce vol. Service après-vente injoignable. Problème récurrent : annulations répétées sur la ligne Ouagadougou.,fr,App
REV001222,FLT00347,R008,2025-01-22,9,positive,"Service impeccable, départ à l'heure. Bravo à l'équipage d'Air Côte d'Ivoire.",fr,TripAdvisor
REV001223,FLT00347,R008,2025-01-22,8,positive,"Surclassement gratuit en Business, expérience inoubliable. Merci ACI !",fr,TripAdvisor
REV001224,FLT00348,R009,2025-01-22,10,positive,The cabin crew was outstanding. Very attentive and professional.,en,TripAdvisor
REV001225,FLT00348,R009,2025-01-22,6,neutral,Standard regional service. Aircraft was clean enough.,en,TripAdvisor
REV001226,FLT00349,R009,2025-01-22,5,negative,"Personnel à bord peu aimable, on a l'impression de déranger. Problème récurrent : retards liés aux créneaux horaires à Paris CDG.",fr,TripAdvisor
REV001227,FLT00349,R009,2025-01-22,8,positive,"Great connection between ABJ and CDG, comparable to European carriers.",en,Email Survey
REV001228,FLT00350,R010,2025-01-22,8,positive,Premium economy seat was worth every dollar on the long-haul.,en,App
REV001229,FLT00350,R010,2025-01-22,9,positive,"Vol agréable, divertissement à bord varié. On se sent vraiment bien traité.",fr,TripAdvisor
REV001230,FLT00350,R010,2025-01-22,10,positive,"Personnel chaleureux, accueil africain authentique. Je recommande à 100%.",fr,TripAdvisor
REV001231,FLT00350,R010,2025-01-22,5,negative,Bagages perdus et aucune aide de l'équipe au sol. Très déçu.,fr,Web
REV001232,FLT00351,R011,2025-01-22,3,negative,Retard de 2 heures sans explication. Service clientèle décevant.,fr,Email Survey
REV001233,FLT00351,R011,2025-01-22,5,neutral,The flight was okay. Nothing special but nothing bad either.,en,Email Survey
REV001234,FLT00351,R011,2025-01-22,9,positive,Crew handled a minor turbulence event calmly and professionally. Reassuring.,en,Web
REV001235,FLT00352,R012,2025-01-22,7,neutral,Service standard pour le prix payé. Pas de quoi se plaindre.,fr,App
REV001236,FLT00352,R012,2025-01-22,8,neutral,Lounge in CDG was crowded but the flight crew was helpful.,en,TripAdvisor
REV001237,FLT00352,R012,2025-01-22,10,positive,Booked through the app and everything worked seamlessly.,en,App
REV001238,FLT00352,R012,2025-01-22,9,positive,Surprised by the quality on this regional flight. Pleasant experience overall.,en,TripAdvisor
REV001239,FLT00352,R012,2025-01-22,6,neutral,Food could be better. Flight was on time though.,en,Email Survey
REV001240,FLT00353,R001,2025-01-23,8,positive,Excellent flight from check-in to landing. Staff were very helpful and friendly.,en,App
REV001241,FLT00354,R002,2025-01-23,9,positive,"Repas africain délicieux à bord, vraie touche locale appréciable.",fr,Email Survey
REV001242,FLT00354,R002,2025-01-23,6,neutral,"Vol sans surprise, ni bonne ni mauvaise. Je referai si nécessaire.",fr,Web
REV001243,FLT00354,R002,2025-01-23,8,positive,The cabin crew was outstanding. Very attentive and professional.,en,App
REV001244,FLT00355,R003,2025-01-23,6,neutral,Lounge in CDG was crowded but the flight crew was helpful.,en,Email Survey
REV001245,FLT00355,R003,2025-01-23,8,positive,Premium economy seat was worth every dollar on the long-haul.,en,TripAdvisor
REV001246,FLT00355,R003,2025-01-23,10,positive,Surprised by the quality on this regional flight. Pleasant experience overall.,en,TripAdvisor
REV001247,FLT00356,R004,2025-01-23,10,positive,"Surclassement gratuit en Business, expérience inoubliable. Merci ACI !",fr,Web
REV001248,FLT00356,R004,2025-01-23,7,neutral,Climatisation un peu froide mais des couvertures étaient disponibles.,fr,Email Survey
REV001249,FLT00356,R004,2025-01-23,9,positive,Excellente compagnie. Les hôtesses étaient attentionnées et le pilote très rassurant.,fr,Web
REV001250,FLT00357,R004,2025-01-23,5,negative,Retard de 2 heures sans explication. Service clientèle décevant.,fr,Web
REV001251,FLT00357,R004,2025-01-23,8,positive,Loved the African hospitality on board. Felt welcomed throughout.,en,Email Survey
REV001252,FLT00357,R004,2025-01-23,8,positive,"Great connection between ABJ and CDG, comparable to European carriers.",en,Email Survey
REV001253,FLT00357,R004,2025-01-23,7,neutral,Entertainment options limited on this aircraft type. Otherwise acceptable.,en,TripAdvisor
REV001254,FLT00357,R004,2025-01-23,8,positive,"Embarquement fluide, équipage souriant, vol parfait du début à la fin.",fr,Email Survey
REV001255,FLT00358,R005,2025-01-23,2,negative,Mes points fidélité n'ont pas été crédités après ce vol. Service après-vente injoignable. Problème récurrent : bagages fréquemment perdus sur la liaison Dakar.,fr,App
REV001256,FLT00358,R005,2025-01-23,6,neutral,"Vol sans surprise, ni bonne ni mauvaise. Je referai si nécessaire.",fr,TripAdvisor
REV001257,FLT00358,R005,2025-01-23,9,positive,On-time departure and smooth landing. Great value for money on this route.,en,Web
REV001258,FLT00358,R005,2025-01-23,5,negative,Wi-Fi annoncé mais inopérant pendant tout le vol. Décevant.,fr,TripAdvisor
REV001259,FLT00358,R005,2025-01-23,8,positive,"Repas africain délicieux à bord, vraie touche locale appréciable.",fr,Email Survey
REV001260,FLT00359,R005,2025-01-23,9,positive,"Service impeccable, départ à l'heure. Bravo à l'équipage d'Air Côte d'Ivoire.",fr,App
REV001261,FLT00359,R005,2025-01-23,5,neutral,"Avion propre, équipage poli sans plus. Vol sans incident.",fr,TripAdvisor
REV001262,FLT00359,R005,2025-01-23,10,positive,"Voyage en famille parfaitement géré, attention particulière aux enfants.",fr,Email Survey
REV001263,FLT00360,R006,2025-01-23,8,positive,Excellente compagnie. Les hôtesses étaient attentionnées et le pilote très rassurant.,fr,Web
REV001264,FLT00361,R006,2025-01-23,7,neutral,Seat was a bit cramped but the crew was friendly. Average experience.,en,App
REV001265,FLT00361,R006,2025-01-23,8,positive,"Vol excellent, équipage très professionnel. Je reviendrai certainement.",fr,App
REV001266,FLT00361,R006,2025-01-23,6,neutral,Food could be better. Flight was on time though.,en,TripAdvisor
REV001267,FLT00361,R006,2025-01-23,9,positive,Business cabin on the A330 is excellent value compared to competitors.,en,Web
REV001268,FLT00361,R006,2025-01-23,10,positive,"Smooth flight, great food options. The lounge access in Abidjan was a nice touch.",en,Email Survey
REV001269,FLT00361,R006,2025-01-23,7,neutral,"Avion propre, équipage poli sans plus. Vol sans incident.",fr,App
REV001270,FLT00362,R007,2025-01-23,5,neutral,Entertainment options limited on this aircraft type. Otherwise acceptable.,en,Web
REV001271,FLT00362,R007,2025-01-23,8,neutral,Boarding took longer than expected but the flight itself was fine.,en,Web
REV001272,FLT00362,R007,2025-01-23,8,neutral,"Vol sans surprise, ni bonne ni mauvaise. Je referai si nécessaire.",fr,Email Survey
REV001273,FLT00362,R007,2025-01-23,7,neutral,Decent flight overall. The check-in process was a little slow.,en,Email Survey
REV001274,FLT00363,R008,2025-01-23,8,positive,"Vol excellent, équipage très professionnel. Je reviendrai certainement.",fr,App
REV001275,FLT00363,R008,2025-01-23,3,negative,Vol annulé et rebooking chaotique. Communication désastreuse.,fr,Web
REV001276,FLT00363,R008,2025-01-23,6,neutral,Lounge in CDG was crowded but the flight crew was helpful.,en,TripAdvisor
REV001277,FLT00363,R008,2025-01-23,6,negative,Aucune assistance pour ma correspondance ratée à cause du retard.,fr,Email Survey
REV001278,FLT00364,R009,2025-01-23,9,positive,"Clean aircraft, friendly staff. Will definitely book again.",en,Web
REV001279,FLT00364,R009,2025-01-23,9,positive,"Vol agréable, divertissement à bord varié. On se sent vraiment bien traité.",fr,Email Survey
REV001280,FLT00364,R009,2025-01-23,9,positive,Booked through the app and everything worked seamlessly.,en,Web
REV001281,FLT00364,R009,2025-01-23,8,neutral,Service standard pour le prix payé. Pas de quoi se plaindre.,fr,Email Survey
REV001282,FLT00365,R009,2025-01-23,9,positive,Crew handled a minor turbulence event calmly and professionally. Reassuring.,en,App
REV001283,FLT00366,R010,2025-01-23,8,positive,The cabin crew was outstanding. Very attentive and professional.,en,Email Survey
REV001284,FLT00366,R010,2025-01-23,9,positive,"Embarquement fluide, équipage souriant, vol parfait du début à la fin.",fr,Email Survey
REV001285,FLT00366,R010,2025-01-23,7,neutral,Service standard pour le prix payé. Pas de quoi se plaindre.,fr,Web
REV001286,FLT00366,R010,2025-01-23,10,positive,"Embarquement fluide, équipage souriant, vol parfait du début à la fin.",fr,Email Survey
REV001287,FLT00367,R011,2025-01-23,7,neutral,"Le check-in en ligne fonctionne bien, l'embarquement aussi.",fr,TripAdvisor
REV001288,FLT00367,R011,2025-01-23,6,negative,Inflight Wi-Fi did not work despite being charged for it. Recurring issue: lack of consistent eastward African connections.,en,App
REV001289,FLT00368,R012,2025-01-23,7,neutral,Lounge in CDG was crowded but the flight crew was helpful.,en,App
REV001290,FLT00368,R012,2025-01-23,10,positive,"Voyage en famille parfaitement géré, attention particulière aux enfants.",fr,App
REV001291,FLT00368,R012,2025-01-23,5,negative,"Repas immangeable, je n'ai pas pu finir mon plateau.",fr,Email Survey
REV001292,FLT00368,R012,2025-01-23,6,neutral,Lounge in CDG was crowded but the flight crew was helpful.,en,Web
REV001293,FLT00369,R001,2025-01-24,3,negative,Frequent flyer points still not credited after multiple complaints.,en,Web
REV001294,FLT00369,R001,2025-01-24,8,positive,"Vol excellent, équipage très professionnel. Je reviendrai certainement.",fr,Email Survey
REV001295,FLT00369,R001,2025-01-24,9,positive,Excellent flight from check-in to landing. Staff were very helpful and friendly.,en,TripAdvisor
REV001296,FLT00370,R002,2025-01-24,7,neutral,Entertainment options limited on this aircraft type. Otherwise acceptable.,en,App
REV001297,FLT00371,R003,2025-01-24,7,neutral,The flight was okay. Nothing special but nothing bad either.,en,TripAdvisor
REV001298,FLT00371,R003,2025-01-24,10,positive,Loved the African hospitality on board. Felt welcomed throughout.,en,Web
REV001299,FLT00371,R003,2025-01-24,5,negative,"Compensation claim filed two months ago, still no response.",en,Web
REV001300,FLT00371,R003,2025-01-24,5,neutral,"Vol sans surprise, ni bonne ni mauvaise. Je referai si nécessaire.",fr,App
REV001301,FLT00371,R003,2025-01-24,9,positive,"Vol excellent, équipage très professionnel. Je reviendrai certainement.",fr,App
REV001302,FLT00372,R004,2025-01-24,6,neutral,Standard regional service. Aircraft was clean enough.,en,Web
REV001303,FLT00372,R004,2025-01-24,3,negative,Aucune assistance pour ma correspondance ratée à cause du retard.,fr,Email Survey
REV001304,FLT00373,R004,2025-01-24,4,negative,"Encore un retard sur cette ligne, ça devient systématique.",fr,App
REV001305,FLT00373,R004,2025-01-24,8,positive,"Vol excellent, équipage très professionnel. Je reviendrai certainement.",fr,Email Survey
REV001306,FLT00373,R004,2025-01-24,7,neutral,"Avion propre, équipage poli sans plus. Vol sans incident.",fr,App
REV001307,FLT00374,R005,2025-01-24,3,negative,"Encore un retard sur cette ligne, ça devient systématique. Problème récurrent : bagages fréquemment perdus sur la liaison Dakar.",fr,Web
REV001308,FLT00374,R005,2025-01-24,2,negative,Lost my baggage and still waiting for it. Unacceptable service. Recurring issue: baggage frequently mishandled on the Dakar line.,en,TripAdvisor
REV001309,FLT00374,R005,2025-01-24,2,negative,Cabin was overheated for the entire flight. No working AC. Recurring issue: baggage frequently mishandled on the Dakar line.,en,App
REV001310,FLT00374,R005,2025-01-24,1,negative,Terrible experience at check-in. Long queues and unhelpful staff. Recurring issue: baggage frequently mishandled on the Dakar line.,en,Email Survey
REV001311,FLT00375,R005,2025-01-24,7,neutral,The flight was okay. Nothing special but nothing bad either.,en,Web
REV001312,FLT00375,R005,2025-01-24,8,neutral,Seat was a bit cramped but the crew was friendly. Average experience.,en,TripAdvisor
REV001313,FLT00375,R005,2025-01-24,10,positive,Le rapport qualité-prix sur cette destination est imbattable. Continuez ainsi.,fr,App
REV001314,FLT00375,R005,2025-01-24,8,neutral,Lounge in CDG was crowded but the flight crew was helpful.,en,TripAdvisor
REV001315,FLT00376,R006,2025-01-24,1,negative,"Flight delayed 3 hours. No communication from staff. Very frustrated. Recurring issue: Lagos congestion, schedule slots routinely missed.",en,Email Survey
REV001316,FLT00376,R006,2025-01-24,2,negative,Retard de 2 heures sans explication. Service clientèle décevant.,fr,Web
REV001317,FLT00376,R006,2025-01-24,3,negative,Cabin was overheated for the entire flight. No working AC.,en,Web
REV001318,FLT00377,R006,2025-01-24,5,neutral,Climatisation un peu froide mais des couvertures étaient disponibles.,fr,Email Survey
REV001319,FLT00377,R006,2025-01-24,7,neutral,Départ légèrement en retard mais arrivée à l'heure. Acceptable.,fr,App
REV001320,FLT00377,R006,2025-01-24,6,neutral,Standard regional service. Aircraft was clean enough.,en,TripAdvisor
REV001321,FLT00377,R006,2025-01-24,2,negative,"Personnel à bord peu aimable, on a l'impression de déranger.",fr,Email Survey
REV001322,FLT00378,R007,2025-01-24,8,positive,Excellente compagnie. Les hôtesses étaient attentionnées et le pilote très rassurant.,fr,Web
REV001323,FLT00378,R007,2025-01-24,6,negative,Crew was rude when I asked about my missed connection. Recurring issue: frequent turbulence and disrupted service.,en,Web
REV001324,FLT00378,R007,2025-01-24,8,positive,"Smooth flight, great food options. The lounge access in Abidjan was a nice touch.",en,Web
REV001325,FLT00378,R007,2025-01-24,8,positive,"Personnel chaleureux, accueil africain authentique. Je recommande à 100%.",fr,App
REV001326,FLT00378,R007,2025-01-24,9,positive,"Le nouveau A330 est superbe, sièges confortables même en éco.",fr,Web
REV001327,FLT00378,R007,2025-01-24,10,positive,"Embarquement fluide, équipage souriant, vol parfait du début à la fin.",fr,App
REV001328,FLT00379,R008,2025-01-24,10,positive,"Le nouveau A330 est superbe, sièges confortables même en éco.",fr,App
REV001329,FLT00379,R008,2025-01-24,10,positive,Booked through the app and everything worked seamlessly.,en,Web
REV001330,FLT00380,R009,2025-01-24,9,positive,Excellent flight from check-in to landing. Staff were very helpful and friendly.,en,Web
REV001331,FLT00380,R009,2025-01-24,10,positive,Surprised by the quality on this regional flight. Pleasant experience overall.,en,Web
REV001332,FLT00380,R009,2025-01-24,8,positive,Business cabin on the A330 is excellent value compared to competitors.,en,App
REV001333,FLT00380,R009,2025-01-24,9,positive,"Le nouveau A330 est superbe, sièges confortables même en éco.",fr,Web
REV001334,FLT00380,R009,2025-01-24,8,positive,"Repas africain délicieux à bord, vraie touche locale appréciable.",fr,Email Survey
REV001335,FLT00381,R009,2025-01-24,10,positive,"Vol matinal très ponctuel, idéal pour les voyages d'affaires.",fr,App
REV001336,FLT00382,R010,2025-01-24,10,positive,Booked through the app and everything worked seamlessly.,en,Email Survey
REV001337,FLT00382,R010,2025-01-24,6,negative,"Siège cassé, repas servi froid, service lent. Billet trop cher pour cette qualité.",fr,TripAdvisor
REV001338,FLT00382,R010,2025-01-24,9,positive,"Repas africain délicieux à bord, vraie touche locale appréciable.",fr,Email Survey
REV001339,FLT00382,R010,2025-01-24,9,positive,"Embarquement fluide, équipage souriant, vol parfait du début à la fin.",fr,TripAdvisor
REV001340,FLT00382,R010,2025-01-24,9,positive,"Très bon vol, siège confortable et repas savoureux. Recommandé sans hésiter.",fr,TripAdvisor
REV001341,FLT00382,R010,2025-01-24,10,positive,"Smooth flight, great food options. The lounge access in Abidjan was a nice touch.",en,Web
REV001342,FLT00383,R011,2025-01-24,5,negative,"Cancelled with only 2 hours notice. No rebooking offered, no hotel.",en,TripAdvisor
REV001343,FLT00383,R011,2025-01-24,10,positive,"Embarquement fluide, équipage souriant, vol parfait du début à la fin.",fr,Web
REV001344,FLT00384,R012,2025-01-24,10,positive,"Repas africain délicieux à bord, vraie touche locale appréciable.",fr,App
REV001345,FLT00384,R012,2025-01-24,10,positive,Excellent flight from check-in to landing. Staff were very helpful and friendly.,en,Email Survey
REV001346,FLT00384,R012,2025-01-24,5,neutral,Entertainment options limited on this aircraft type. Otherwise acceptable.,en,Email Survey
REV001347,FLT00384,R012,2025-01-24,8,positive,Business cabin on the A330 is excellent value compared to competitors.,en,App
REV001348,FLT00384,R012,2025-01-24,5,neutral,Entertainment options limited on this aircraft type. Otherwise acceptable.,en,App
REV001349,FLT00384,R012,2025-01-24,8,positive,"Vol matinal très ponctuel, idéal pour les voyages d'affaires.",fr,App
REV001350,FLT00385,R001,2025-01-25,10,positive,"Personnel chaleureux, accueil africain authentique. Je recommande à 100%.",fr,Web
REV001351,FLT00385,R001,2025-01-25,10,positive,"Très bon vol, siège confortable et repas savoureux. Recommandé sans hésiter.",fr,Email Survey
REV001352,FLT00385,R001,2025-01-25,10,positive,"Voyage en famille parfaitement géré, attention particulière aux enfants.",fr,Email Survey
REV001353,FLT00386,R002,2025-01-25,8,positive,Excellente compagnie. Les hôtesses étaient attentionnées et le pilote très rassurant.,fr,App
REV001354,FLT00386,R002,2025-01-25,8,positive,"Vol matinal très ponctuel, idéal pour les voyages d'affaires.",fr,TripAdvisor
REV001355,FLT00386,R002,2025-01-25,8,positive,Excellente compagnie. Les hôtesses étaient attentionnées et le pilote très rassurant.,fr,Email Survey
REV001356,FLT00386,R002,2025-01-25,8,positive,Le rapport qualité-prix sur cette destination est imbattable. Continuez ainsi.,fr,App
REV001357,FLT00387,R003,2025-01-25,8,positive,Le rapport qualité-prix sur cette destination est imbattable. Continuez ainsi.,fr,Email Survey
REV001358,FLT00387,R003,2025-01-25,9,positive,Crew handled a minor turbulence event calmly and professionally. Reassuring.,en,Web
REV001359,FLT00387,R003,2025-01-25,8,positive,"Vol excellent, équipage très professionnel. Je reviendrai certainement.",fr,Email Survey
REV001360,FLT00387,R003,2025-01-25,10,positive,Loved the African hospitality on board. Felt welcomed throughout.,en,Email Survey
REV001361,FLT00387,R003,2025-01-25,7,neutral,Départ légèrement en retard mais arrivée à l'heure. Acceptable.,fr,Web
REV001362,FLT00388,R004,2025-01-25,9,positive,"Vol excellent, équipage très professionnel. Je reviendrai certainement.",fr,App
REV001363,FLT00388,R004,2025-01-25,3,negative,"Personnel à bord peu aimable, on a l'impression de déranger.",fr,Web
REV001364,FLT00388,R004,2025-01-25,6,neutral,Lounge in CDG was crowded but the flight crew was helpful.,en,App
REV001365,FLT00388,R004,2025-01-25,10,positive,"Le nouveau A330 est superbe, sièges confortables même en éco.",fr,TripAdvisor
REV001366,FLT00388,R004,2025-01-25,8,positive,"Très bon vol, siège confortable et repas savoureux. Recommandé sans hésiter.",fr,App
REV001367,FLT00388,R004,2025-01-25,8,neutral,Standard regional service. Aircraft was clean enough.,en,Web
REV001368,FLT00389,R004,2025-01-25,10,positive,"Repas africain délicieux à bord, vraie touche locale appréciable.",fr,Web
REV001369,FLT00389,R004,2025-01-25,8,positive,"Embarquement fluide, équipage souriant, vol parfait du début à la fin.",fr,Web
REV001370,FLT00389,R004,2025-01-25,9,positive,"Le nouveau A330 est superbe, sièges confortables même en éco.",fr,Email Survey
REV001371,FLT00389,R004,2025-01-25,9,positive,"Personnel chaleureux, accueil africain authentique. Je recommande à 100%.",fr,App
REV001372,FLT00389,R004,2025-01-25,8,positive,"Clean aircraft, friendly staff. Will definitely book again.",en,TripAdvisor
REV001373,FLT00390,R005,2025-01-25,10,positive,"Service impeccable, départ à l'heure. Bravo à l'équipage d'Air Côte d'Ivoire.",fr,App
REV001374,FLT00391,R005,2025-01-25,10,positive,The cabin crew was outstanding. Very attentive and professional.,en,Email Survey
REV001375,FLT00391,R005,2025-01-25,8,positive,Excellent flight from check-in to landing. Staff were very helpful and friendly.,en,Web
REV001376,FLT00391,R005,2025-01-25,5,neutral,Embarquement un peu long mais le vol s'est bien déroulé ensuite.,fr,TripAdvisor
REV001377,FLT00391,R005,2025-01-25,8,positive,Business cabin on the A330 is excellent value compared to competitors.,en,App
REV001378,FLT00391,R005,2025-01-25,10,positive,"Personnel chaleureux, accueil africain authentique. Je recommande à 100%.",fr,Email Survey
REV001379,FLT00391,R005,2025-01-25,6,neutral,"Vol correct, rien d'exceptionnel. Le service est moyen.",fr,TripAdvisor
REV001380,FLT00392,R006,2025-01-25,2,negative,"Lost my baggage and still waiting for it. Unacceptable service. Recurring issue: Lagos congestion, schedule slots routinely missed.",en,Email Survey
REV001381,FLT00392,R006,2025-01-25,9,positive,Booked through the app and everything worked seamlessly.,en,Web
REV001382,FLT00393,R006,2025-01-25,6,neutral,The flight was okay. Nothing special but nothing bad either.,en,App
REV001383,FLT00393,R006,2025-01-25,7,neutral,Decent flight overall. The check-in process was a little slow.,en,Email Survey
REV001384,FLT00393,R006,2025-01-25,8,positive,Booked through the app and everything worked seamlessly.,en,Email Survey
REV001385,FLT00394,R007,2025-01-25,9,positive,"Great connection between ABJ and CDG, comparable to European carriers.",en,App
REV001386,FLT00394,R007,2025-01-25,8,positive,Excellent flight from check-in to landing. Staff were very helpful and friendly.,en,App
REV001387,FLT00395,R008,2025-01-25,10,positive,"Smooth flight, great food options. The lounge access in Abidjan was a nice touch.",en,TripAdvisor
REV001388,FLT00395,R008,2025-01-25,8,positive,Le rapport qualité-prix sur cette destination est imbattable. Continuez ainsi.,fr,TripAdvisor
REV001389,FLT00395,R008,2025-01-25,10,positive,"Très bon vol, siège confortable et repas savoureux. Recommandé sans hésiter.",fr,TripAdvisor
REV001390,FLT00395,R008,2025-01-25,6,neutral,Départ légèrement en retard mais arrivée à l'heure. Acceptable.,fr,Email Survey
REV001391,FLT00395,R008,2025-01-25,10,positive,"Très bon vol, siège confortable et repas savoureux. Recommandé sans hésiter.",fr,Web
REV001392,FLT00395,R008,2025-01-25,7,neutral,Lounge in CDG was crowded but the flight crew was helpful.,en,Email Survey
REV001393,FLT00396,R009,2025-01-25,8,neutral,"Vol sans surprise, ni bonne ni mauvaise. Je referai si nécessaire.",fr,Email Survey
REV001394,FLT00396,R009,2025-01-25,7,neutral,Boarding took longer than expected but the flight itself was fine.,en,Web
REV001395,FLT00396,R009,2025-01-25,2,negative,The aircraft was dirty. Seat wouldn't recline. Disappointed. Recurring issue: Paris CDG slot delays affecting connections.,en,TripAdvisor
REV001396,FLT00396,R009,2025-01-25,8,positive,Business cabin on the A330 is excellent value compared to competitors.,en,App
REV001397,FLT00396,R009,2025-01-25,8,positive,"Clean aircraft, friendly staff. Will definitely book again.",en,App
REV001398,FLT00397,R009,2025-01-25,6,negative,Aucune assistance pour ma correspondance ratée à cause du retard.,fr,Email Survey
REV001399,FLT00397,R009,2025-01-25,8,positive,"Le nouveau A330 est superbe, sièges confortables même en éco.",fr,Email Survey
REV001400,FLT00397,R009,2025-01-25,10,positive,"Personnel chaleureux, accueil africain authentique. Je recommande à 100%.",fr,App
REV001401,FLT00397,R009,2025-01-25,7,neutral,"Le check-in en ligne fonctionne bien, l'embarquement aussi.",fr,App
REV001402,FLT00397,R009,2025-01-25,8,positive,"Très bon vol, siège confortable et repas savoureux. Recommandé sans hésiter.",fr,App
REV001403,FLT00398,R010,2025-01-25,6,neutral,Repas basique mais consommable. Le siège était convenable.,fr,App
REV001404,FLT00398,R010,2025-01-25,5,neutral,"Vol sans surprise, ni bonne ni mauvaise. Je referai si nécessaire.",fr,App
REV001405,FLT00398,R010,2025-01-25,8,positive,Premium economy seat was worth every dollar on the long-haul.,en,Web
REV001406,FLT00398,R010,2025-01-25,8,positive,Excellent flight from check-in to landing. Staff were very helpful and friendly.,en,App
REV001407,FLT00399,R011,2025-01-25,2,negative,Lost my baggage and still waiting for it. Unacceptable service. Recurring issue: lack of consistent eastward African connections.,en,App
REV001408,FLT00399,R011,2025-01-25,8,positive,Le rapport qualité-prix sur cette destination est imbattable. Continuez ainsi.,fr,Web
REV001409,FLT00399,R011,2025-01-25,5,neutral,"Avion propre, équipage poli sans plus. Vol sans incident.",fr,Web
REV001410,FLT00399,R011,2025-01-25,7,neutral,Embarquement un peu long mais le vol s'est bien déroulé ensuite.,fr,Web
REV001411,FLT00399,R011,2025-01-25,8,positive,"Repas africain délicieux à bord, vraie touche locale appréciable.",fr,TripAdvisor
REV001412,FLT00399,R011,2025-01-25,8,positive,"Très bon vol, siège confortable et repas savoureux. Recommandé sans hésiter.",fr,Email Survey
REV001413,FLT00400,R012,2025-01-25,7,neutral,"Vol sans surprise, ni bonne ni mauvaise. Je referai si nécessaire.",fr,TripAdvisor
REV001414,FLT00400,R012,2025-01-25,8,positive,"Vol excellent, équipage très professionnel. Je reviendrai certainement.",fr,App
REV001415,FLT00400,R012,2025-01-25,8,positive,"Vol agréable, divertissement à bord varié. On se sent vraiment bien traité.",fr,Web
REV001416,FLT00401,R001,2025-01-26,10,positive,Excellente compagnie. Les hôtesses étaient attentionnées et le pilote très rassurant.,fr,Email Survey
REV001417,FLT00401,R001,2025-01-26,6,neutral,"Vol sans surprise, ni bonne ni mauvaise. Je referai si nécessaire.",fr,Email Survey
REV001418,FLT00401,R001,2025-01-26,9,positive,Surprised by the quality on this regional flight. Pleasant experience overall.,en,App
REV001419,FLT00401,R001,2025-01-26,8,neutral,"Vol correct, rien d'exceptionnel. Le service est moyen.",fr,App
REV001420,FLT00401,R001,2025-01-26,8,positive,"Clean aircraft, friendly staff. Will definitely book again.",en,TripAdvisor
REV001421,FLT00401,R001,2025-01-26,8,neutral,Boarding took longer than expected but the flight itself was fine.,en,App
REV001422,FLT00402,R002,2025-01-26,6,negative,Terrible experience at check-in. Long queues and unhelpful staff. Recurring issue: uncomfortable ATR seat for this flight length.,en,App
REV001423,FLT00402,R002,2025-01-26,8,positive,"Vol agréable, divertissement à bord varié. On se sent vraiment bien traité.",fr,Web
REV001424,FLT00402,R002,2025-01-26,10,positive,Loved the African hospitality on board. Felt welcomed throughout.,en,App
REV001425,FLT00402,R002,2025-01-26,6,neutral,"Le check-in en ligne fonctionne bien, l'embarquement aussi.",fr,TripAdvisor
REV001426,FLT00402,R002,2025-01-26,6,negative,"Siège cassé, repas servi froid, service lent. Billet trop cher pour cette qualité. Problème récurrent : siège inconfortable sur l'ATR pour cette durée de vol.",fr,Email Survey
REV001427,FLT00403,R003,2025-01-26,8,positive,The cabin crew was outstanding. Very attentive and professional.,en,App
REV001428,FLT00403,R003,2025-01-26,10,positive,Excellente compagnie. Les hôtesses étaient attentionnées et le pilote très rassurant.,fr,Email Survey
REV001429,FLT00403,R003,2025-01-26,7,neutral,"Vol sans surprise, ni bonne ni mauvaise. Je referai si nécessaire.",fr,Web
REV001430,FLT00403,R003,2025-01-26,9,positive,"Le nouveau A330 est superbe, sièges confortables même en éco.",fr,Email Survey
REV001431,FLT00403,R003,2025-01-26,8,neutral,Repas basique mais consommable. Le siège était convenable.,fr,App
REV001432,FLT00404,R004,2025-01-26,9,positive,Excellent flight from check-in to landing. Staff were very helpful and friendly.,en,TripAdvisor
REV001433,FLT00404,R004,2025-01-26,5,negative,Vol annulé et rebooking chaotique. Communication désastreuse.,fr,Web
REV001434,FLT00404,R004,2025-01-26,9,positive,Excellent flight from check-in to landing. Staff were very helpful and friendly.,en,Email Survey
REV001435,FLT00405,R004,2025-01-26,7,neutral,Boarding took longer than expected but the flight itself was fine.,en,Email Survey
REV001436,FLT00405,R004,2025-01-26,2,negative,Réclamation pour bagage abîmé ignorée depuis 3 semaines.,fr,App
REV001437,FLT00405,R004,2025-01-26,9,positive,Excellente compagnie. Les hôtesses étaient attentionnées et le pilote très rassurant.,fr,App
REV001438,FLT00405,R004,2025-01-26,7,neutral,Decent flight overall. The check-in process was a little slow.,en,Email Survey
REV001439,FLT00406,R005,2025-01-26,5,negative,"Repas immangeable, je n'ai pas pu finir mon plateau.",fr,App
REV001440,FLT00406,R005,2025-01-26,9,positive,Premium economy seat was worth every dollar on the long-haul.,en,App
REV001441,FLT00406,R005,2025-01-26,8,positive,"Clean aircraft, friendly staff. Will definitely book again.",en,Email Survey
REV001442,FLT00407,R005,2025-01-26,10,positive,"Surclassement gratuit en Business, expérience inoubliable. Merci ACI !",fr,App
REV001443,FLT00407,R005,2025-01-26,8,positive,"Le nouveau A330 est superbe, sièges confortables même en éco.",fr,App
REV001444,FLT00407,R005,2025-01-26,8,neutral,"Le check-in en ligne fonctionne bien, l'embarquement aussi.",fr,TripAdvisor
REV001445,FLT00408,R006,2025-01-26,8,positive,Business cabin on the A330 is excellent value compared to competitors.,en,Email Survey
REV001446,FLT00408,R006,2025-01-26,10,positive,"Embarquement fluide, équipage souriant, vol parfait du début à la fin.",fr,TripAdvisor
REV001447,FLT00408,R006,2025-01-26,9,positive,"Embarquement fluide, équipage souriant, vol parfait du début à la fin.",fr,App
REV001448,FLT00408,R006,2025-01-26,2,negative,Lost my baggage and still waiting for it. Unacceptable service.,en,TripAdvisor
REV001449,FLT00408,R006,2025-01-26,9,positive,On-time departure and smooth landing. Great value for money on this route.,en,TripAdvisor
REV001450,FLT00408,R006,2025-01-26,6,negative,Cabin was overheated for the entire flight. No working AC.,en,App
REV001451,FLT00409,R006,2025-01-26,8,positive,Excellent flight from check-in to landing. Staff were very helpful and friendly.,en,App
REV001452,FLT00410,R007,2025-01-26,8,positive,Business cabin on the A330 is excellent value compared to competitors.,en,App
REV001453,FLT00410,R007,2025-01-26,9,positive,"Voyage en famille parfaitement géré, attention particulière aux enfants.",fr,TripAdvisor
REV001454,FLT00410,R007,2025-01-26,10,positive,"Service impeccable, départ à l'heure. Bravo à l'équipage d'Air Côte d'Ivoire.",fr,TripAdvisor
REV001455,FLT00411,R008,2025-01-26,8,neutral,Boarding took longer than expected but the flight itself was fine.,en,Web
REV001456,FLT00412,R009,2025-01-26,10,positive,On-time departure and smooth landing. Great value for money on this route.,en,App
REV001457,FLT00412,R009,2025-01-26,7,neutral,Seat was a bit cramped but the crew was friendly. Average experience.,en,Web
REV001458,FLT00413,R009,2025-01-26,9,positive,"Vol excellent, équipage très professionnel. Je reviendrai certainement.",fr,Email Survey
REV001459,FLT00413,R009,2025-01-26,8,positive,Booked through the app and everything worked seamlessly.,en,Email Survey
REV001460,FLT00414,R010,2025-01-26,8,positive,"Clean aircraft, friendly staff. Will definitely book again.",en,TripAdvisor
REV001461,FLT00414,R010,2025-01-26,8,positive,"Service impeccable, départ à l'heure. Bravo à l'équipage d'Air Côte d'Ivoire.",fr,Web
REV001462,FLT00415,R011,2025-01-26,4,negative,Terrible experience at check-in. Long queues and unhelpful staff. Recurring issue: lack of consistent eastward African connections.,en,TripAdvisor
REV001463,FLT00416,R012,2025-01-26,8,positive,"Le nouveau A330 est superbe, sièges confortables même en éco.",fr,Web
REV001464,FLT00416,R012,2025-01-26,5,negative,Wi-Fi annoncé mais inopérant pendant tout le vol. Décevant.,fr,App
REV001465,FLT00416,R012,2025-01-26,10,positive,"Très bon vol, siège confortable et repas savoureux. Recommandé sans hésiter.",fr,TripAdvisor
REV001466,FLT00416,R012,2025-01-26,8,positive,"Clean aircraft, friendly staff. Will definitely book again.",en,App
REV001467,FLT00416,R012,2025-01-26,9,positive,"Vol agréable, divertissement à bord varié. On se sent vraiment bien traité.",fr,App
REV001468,FLT00416,R012,2025-01-26,8,neutral,Food could be better. Flight was on time though.,en,TripAdvisor
REV001469,FLT00417,R001,2025-01-27,5,neutral,"Avion propre, équipage poli sans plus. Vol sans incident.",fr,Email Survey
REV001470,FLT00418,R002,2025-01-27,9,positive,Loved the African hospitality on board. Felt welcomed throughout.,en,Email Survey
REV001471,FLT00418,R002,2025-01-27,10,positive,Le rapport qualité-prix sur cette destination est imbattable. Continuez ainsi.,fr,TripAdvisor
REV001472,FLT00418,R002,2025-01-27,6,neutral,Decent flight overall. The check-in process was a little slow.,en,Web
REV001473,FLT00419,R003,2025-01-27,8,positive,"Smooth flight, great food options. The lounge access in Abidjan was a nice touch.",en,App
REV001474,FLT00419,R003,2025-01-27,3,negative,Crew was rude when I asked about my missed connection.,en,Web
REV001475,FLT00419,R003,2025-01-27,6,negative,Aucune assistance pour ma correspondance ratée à cause du retard.,fr,Email Survey
REV001476,FLT00420,R004,2025-01-27,9,positive,"Repas africain délicieux à bord, vraie touche locale appréciable.",fr,App
REV001477,FLT00420,R004,2025-01-27,8,neutral,"Vol correct, rien d'exceptionnel. Le service est moyen.",fr,App
REV001478,FLT00420,R004,2025-01-27,6,negative,Aucune assistance pour ma correspondance ratée à cause du retard.,fr,App
REV001479,FLT00420,R004,2025-01-27,8,positive,Excellent flight from check-in to landing. Staff were very helpful and friendly.,en,TripAdvisor
REV001480,FLT00421,R004,2025-01-27,10,positive,"Vol matinal très ponctuel, idéal pour les voyages d'affaires.",fr,TripAdvisor
REV001481,FLT00421,R004,2025-01-27,8,neutral,Standard regional service. Aircraft was clean enough.,en,TripAdvisor
REV001482,FLT00421,R004,2025-01-27,8,positive,"Personnel chaleureux, accueil africain authentique. Je recommande à 100%.",fr,Web
REV001483,FLT00422,R005,2025-01-27,3,negative,Vol annulé et rebooking chaotique. Communication désastreuse. Problème récurrent : bagages fréquemment perdus sur la liaison Dakar.,fr,App
REV001484,FLT00422,R005,2025-01-27,7,neutral,Climatisation un peu froide mais des couvertures étaient disponibles.,fr,Email Survey
REV001485,FLT00422,R005,2025-01-27,2,negative,Terrible experience at check-in. Long queues and unhelpful staff.,en,Email Survey
REV001486,FLT00422,R005,2025-01-27,9,positive,"Vol agréable, divertissement à bord varié. On se sent vraiment bien traité.",fr,App
REV001487,FLT00422,R005,2025-01-27,8,neutral,"Avion propre, équipage poli sans plus. Vol sans incident.",fr,TripAdvisor
REV001488,FLT00423,R005,2025-01-27,5,neutral,"Personnel correct, divertissement limité. Acceptable pour la durée.",fr,Email Survey
REV001489,FLT00423,R005,2025-01-27,10,positive,"Clean aircraft, friendly staff. Will definitely book again.",en,Email Survey
REV001490,FLT00423,R005,2025-01-27,7,neutral,Repas basique mais consommable. Le siège était convenable.,fr,Email Survey
REV001491,FLT00423,R005,2025-01-27,5,neutral,Standard regional service. Aircraft was clean enough.,en,App
REV001492,FLT00423,R005,2025-01-27,2,negative,Terrible experience at check-in. Long queues and unhelpful staff.,en,TripAdvisor
REV001493,FLT00423,R005,2025-01-27,8,positive,"Vol agréable, divertissement à bord varié. On se sent vraiment bien traité.",fr,Web
REV001494,FLT00424,R006,2025-01-27,9,positive,On-time departure and smooth landing. Great value for money on this route.,en,TripAdvisor
REV001495,FLT00424,R006,2025-01-27,10,positive,"Service impeccable, départ à l'heure. Bravo à l'équipage d'Air Côte d'Ivoire.",fr,Email Survey
REV001496,FLT00424,R006,2025-01-27,9,positive,"Service impeccable, départ à l'heure. Bravo à l'équipage d'Air Côte d'Ivoire.",fr,Email Survey
REV001497,FLT00424,R006,2025-01-27,7,neutral,Boarding took longer than expected but the flight itself was fine.,en,App
REV001498,FLT00424,R006,2025-01-27,9,positive,"Vol agréable, divertissement à bord varié. On se sent vraiment bien traité.",fr,Email Survey
REV001499,FLT00425,R006,2025-01-27,7,neutral,"Vol correct, rien d'exceptionnel. Le service est moyen.",fr,App
REV001500,FLT00425,R006,2025-01-27,8,positive,Excellent flight from check-in to landing. Staff were very helpful and friendly.,en,App
REV001501,FLT00426,R007,2025-01-27,9,positive,Crew handled a minor turbulence event calmly and professionally. Reassuring.,en,App
REV001502,FLT00426,R007,2025-01-27,9,positive,Loved the African hospitality on board. Felt welcomed throughout.,en,Email Survey
REV001503,FLT00426,R007,2025-01-27,7,neutral,"Vol correct, rien d'exceptionnel. Le service est moyen.",fr,App
REV001504,FLT00426,R007,2025-01-27,8,positive,Business cabin on the A330 is excellent value compared to competitors.,en,Web
REV001505,FLT00426,R007,2025-01-27,5,neutral,Service standard pour le prix payé. Pas de quoi se plaindre.,fr,App
REV001506,FLT00426,R007,2025-01-27,6,neutral,Climatisation un peu froide mais des couvertures étaient disponibles.,fr,TripAdvisor
REV001507,FLT00427,R008,2025-01-27,10,positive,"Surclassement gratuit en Business, expérience inoubliable. Merci ACI !",fr,Email Survey
REV001508,FLT00427,R008,2025-01-27,9,positive,"Great connection between ABJ and CDG, comparable to European carriers.",en,TripAdvisor
REV001509,FLT00427,R008,2025-01-27,8,positive,"Vol matinal très ponctuel, idéal pour les voyages d'affaires.",fr,TripAdvisor
REV001510,FLT00427,R008,2025-01-27,8,neutral,Food could be better. Flight was on time though.,en,Email Survey
REV001511,FLT00427,R008,2025-01-27,5,neutral,"Personnel correct, divertissement limité. Acceptable pour la durée.",fr,TripAdvisor
REV001512,FLT00427,R008,2025-01-27,3,negative,Inflight Wi-Fi did not work despite being charged for it.,en,App
REV001513,FLT00428,R009,2025-01-27,6,negative,"Personnel à bord peu aimable, on a l'impression de déranger. Problème récurrent : retards liés aux créneaux horaires à Paris CDG.",fr,Email Survey
REV001514,FLT00428,R009,2025-01-27,8,positive,"Très bon vol, siège confortable et repas savoureux. Recommandé sans hésiter.",fr,Web
REV001515,FLT00428,R009,2025-01-27,3,negative,"Embarquement chaotique, file d'attente interminable au comptoir.",fr,TripAdvisor
REV001516,FLT00429,R009,2025-01-27,5,negative,Retard de 2 heures sans explication. Service clientèle décevant. Problème récurrent : retards liés aux créneaux horaires à Paris CDG.,fr,Email Survey
REV001517,FLT00430,R010,2025-01-27,5,neutral,"Vol sans surprise, ni bonne ni mauvaise. Je referai si nécessaire.",fr,App
REV001518,FLT00430,R010,2025-01-27,10,positive,"Voyage en famille parfaitement géré, attention particulière aux enfants.",fr,Web
REV001519,FLT00430,R010,2025-01-27,10,positive,"Surclassement gratuit en Business, expérience inoubliable. Merci ACI !",fr,TripAdvisor
REV001520,FLT00430,R010,2025-01-27,8,positive,"Voyage en famille parfaitement géré, attention particulière aux enfants.",fr,Web
REV001521,FLT00430,R010,2025-01-27,6,neutral,Climatisation un peu froide mais des couvertures étaient disponibles.,fr,Web
REV001522,FLT00430,R010,2025-01-27,4,negative,"Encore un retard sur cette ligne, ça devient systématique.",fr,App
REV001523,FLT00431,R011,2025-01-27,8,positive,"Embarquement fluide, équipage souriant, vol parfait du début à la fin.",fr,TripAdvisor
REV001524,FLT00432,R012,2025-01-27,0,negative,Meal was inedible. Vegetarian option was just a piece of bread.,en,TripAdvisor
REV001525,FLT00432,R012,2025-01-27,1,negative,"Avion vieillissant, climatisation défaillante, sièges abîmés.",fr,TripAdvisor
REV001526,FLT00433,R001,2025-01-28,2,negative,Retard de 2 heures sans explication. Service clientèle décevant.,fr,App
REV001527,FLT00433,R001,2025-01-28,6,negative,"Compensation claim filed two months ago, still no response.",en,App
REV001528,FLT00433,R001,2025-01-28,9,positive,The cabin crew was outstanding. Very attentive and professional.,en,Web
REV001529,FLT00433,R001,2025-01-28,10,positive,Premium economy seat was worth every dollar on the long-haul.,en,TripAdvisor
REV001530,FLT00433,R001,2025-01-28,8,positive,"Personnel chaleureux, accueil africain authentique. Je recommande à 100%.",fr,Email Survey
REV001531,FLT00433,R001,2025-01-28,6,neutral,Boarding took longer than expected but the flight itself was fine.,en,TripAdvisor
REV001532,FLT00434,R002,2025-01-28,8,neutral,"Vol correct, rien d'exceptionnel. Le service est moyen.",fr,TripAdvisor
REV001533,FLT00435,R003,2025-01-28,8,neutral,"Vol sans surprise, ni bonne ni mauvaise. Je referai si nécessaire.",fr,App
REV001534,FLT00435,R003,2025-01-28,8,neutral,"Personnel correct, divertissement limité. Acceptable pour la durée.",fr,Email Survey
REV001535,FLT00435,R003,2025-01-28,8,positive,Excellent flight from check-in to landing. Staff were very helpful and friendly.,en,Web
REV001536,FLT00435,R003,2025-01-28,8,positive,On-time departure and smooth landing. Great value for money on this route.,en,Email Survey
REV001537,FLT00435,R003,2025-01-28,7,neutral,"Avion propre, équipage poli sans plus. Vol sans incident.",fr,App
REV001538,FLT00435,R003,2025-01-28,7,neutral,The flight was okay. Nothing special but nothing bad either.,en,Web
REV001539,FLT00436,R004,2025-01-28,4,negative,Meal was inedible. Vegetarian option was just a piece of bread.,en,Email Survey
REV001540,FLT00436,R004,2025-01-28,8,positive,On-time departure and smooth landing. Great value for money on this route.,en,Email Survey
REV001541,FLT00436,R004,2025-01-28,9,positive,"Le nouveau A330 est superbe, sièges confortables même en éco.",fr,App
REV001542,FLT00436,R004,2025-01-28,10,positive,Excellente compagnie. Les hôtesses étaient attentionnées et le pilote très rassurant.,fr,Email Survey
REV001543,FLT00436,R004,2025-01-28,7,neutral,"Le check-in en ligne fonctionne bien, l'embarquement aussi.",fr,App
REV001544,FLT00437,R004,2025-01-28,4,negative,Mes points fidélité n'ont pas été crédités après ce vol. Service après-vente injoignable.,fr,App
REV001545,FLT00437,R004,2025-01-28,6,neutral,Entertainment options limited on this aircraft type. Otherwise acceptable.,en,Web
REV001546,FLT00438,R005,2025-01-28,7,neutral,Boarding took longer than expected but the flight itself was fine.,en,App
REV001547,FLT00438,R005,2025-01-28,9,positive,Premium economy seat was worth every dollar on the long-haul.,en,TripAdvisor
REV001548,FLT00438,R005,2025-01-28,5,neutral,Lounge in CDG was crowded but the flight crew was helpful.,en,App
REV001549,FLT00438,R005,2025-01-28,10,positive,"Vol agréable, divertissement à bord varié. On se sent vraiment bien traité.",fr,TripAdvisor
REV001550,FLT00438,R005,2025-01-28,10,positive,"Très bon vol, siège confortable et repas savoureux. Recommandé sans hésiter.",fr,App
REV001551,FLT00439,R005,2025-01-28,8,positive,"Repas africain délicieux à bord, vraie touche locale appréciable.",fr,App
REV001552,FLT00439,R005,2025-01-28,8,neutral,Lounge in CDG was crowded but the flight crew was helpful.,en,TripAdvisor
REV001553,FLT00439,R005,2025-01-28,10,positive,"Repas africain délicieux à bord, vraie touche locale appréciable.",fr,TripAdvisor
REV001554,FLT00439,R005,2025-01-28,6,neutral,"Avion propre, équipage poli sans plus. Vol sans incident.",fr,Web
REV001555,FLT00439,R005,2025-01-28,10,positive,"Vol excellent, équipage très professionnel. Je reviendrai certainement.",fr,Web
REV001556,FLT00440,R006,2025-01-28,8,positive,"Voyage en famille parfaitement géré, attention particulière aux enfants.",fr,Email Survey
REV001557,FLT00440,R006,2025-01-28,5,neutral,Service standard pour le prix payé. Pas de quoi se plaindre.,fr,TripAdvisor
REV001558,FLT00440,R006,2025-01-28,8,neutral,Climatisation un peu froide mais des couvertures étaient disponibles.,fr,App
REV001559,FLT00440,R006,2025-01-28,9,positive,"Personnel chaleureux, accueil africain authentique. Je recommande à 100%.",fr,Email Survey
REV001560,FLT00440,R006,2025-01-28,9,positive,"Smooth flight, great food options. The lounge access in Abidjan was a nice touch.",en,Web
REV001561,FLT00440,R006,2025-01-28,9,positive,"Repas africain délicieux à bord, vraie touche locale appréciable.",fr,TripAdvisor
REV001562,FLT00441,R006,2025-01-28,7,neutral,"Avion propre, équipage poli sans plus. Vol sans incident.",fr,Email Survey
REV001563,FLT00441,R006,2025-01-28,10,positive,Booked through the app and everything worked seamlessly.,en,Web
REV001564,FLT00442,R007,2025-01-28,8,positive,Loved the African hospitality on board. Felt welcomed throughout.,en,App
REV001565,FLT00442,R007,2025-01-28,8,positive,"Voyage en famille parfaitement géré, attention particulière aux enfants.",fr,Web
REV001566,FLT00442,R007,2025-01-28,8,neutral,"Avion propre, équipage poli sans plus. Vol sans incident.",fr,Web
REV001567,FLT00442,R007,2025-01-28,3,negative,Wi-Fi annoncé mais inopérant pendant tout le vol. Décevant.,fr,Email Survey
REV001568,FLT00443,R008,2025-01-28,10,positive,"Surclassement gratuit en Business, expérience inoubliable. Merci ACI !",fr,App
REV001569,FLT00443,R008,2025-01-28,6,negative,Bagages perdus et aucune aide de l'équipe au sol. Très déçu.,fr,TripAdvisor
REV001570,FLT00443,R008,2025-01-28,10,positive,Le rapport qualité-prix sur cette destination est imbattable. Continuez ainsi.,fr,Web
REV001571,FLT00443,R008,2025-01-28,6,negative,Crew was rude when I asked about my missed connection. Recurring issue: repeated cancellations on the Ouagadougou route.,en,Web
REV001572,FLT00443,R008,2025-01-28,7,neutral,Standard regional service. Aircraft was clean enough.,en,Email Survey
REV001573,FLT00443,R008,2025-01-28,10,positive,"Service impeccable, départ à l'heure. Bravo à l'équipage d'Air Côte d'Ivoire.",fr,App
REV001574,FLT00444,R009,2025-01-28,6,neutral,The flight was okay. Nothing special but nothing bad either.,en,Email Survey
REV001575,FLT00445,R009,2025-01-28,8,positive,"Smooth flight, great food options. The lounge access in Abidjan was a nice touch.",en,App
REV001576,FLT00445,R009,2025-01-28,9,positive,Excellente compagnie. Les hôtesses étaient attentionnées et le pilote très rassurant.,fr,App
REV001577,FLT00445,R009,2025-01-28,9,positive,"Surclassement gratuit en Business, expérience inoubliable. Merci ACI !",fr,Email Survey
REV001578,FLT00445,R009,2025-01-28,7,neutral,Climatisation un peu froide mais des couvertures étaient disponibles.,fr,Email Survey
REV001579,FLT00445,R009,2025-01-28,10,positive,On-time departure and smooth landing. Great value for money on this route.,en,Email Survey
REV001580,FLT00446,R010,2025-01-28,8,positive,"Repas africain délicieux à bord, vraie touche locale appréciable.",fr,Web
REV001581,FLT00446,R010,2025-01-28,10,positive,On-time departure and smooth landing. Great value for money on this route.,en,Web
REV001582,FLT00446,R010,2025-01-28,5,neutral,Boarding took longer than expected but the flight itself was fine.,en,Email Survey
REV001583,FLT00446,R010,2025-01-28,5,neutral,Climatisation un peu froide mais des couvertures étaient disponibles.,fr,TripAdvisor
REV001584,FLT00447,R011,2025-01-28,6,neutral,"Personnel correct, divertissement limité. Acceptable pour la durée.",fr,App
REV001585,FLT00447,R011,2025-01-28,10,positive,"Personnel chaleureux, accueil africain authentique. Je recommande à 100%.",fr,Web
REV001586,FLT00447,R011,2025-01-28,4,negative,"Encore un retard sur cette ligne, ça devient systématique.",fr,TripAdvisor
REV001587,FLT00447,R011,2025-01-28,6,negative,"Encore un retard sur cette ligne, ça devient systématique. Problème récurrent : manque de connexions cohérentes vers l'est africain.",fr,TripAdvisor
REV001588,FLT00447,R011,2025-01-28,8,positive,"Très bon vol, siège confortable et repas savoureux. Recommandé sans hésiter.",fr,TripAdvisor
REV001589,FLT00448,R012,2025-01-28,10,positive,"Voyage en famille parfaitement géré, attention particulière aux enfants.",fr,Web
REV001590,FLT00448,R012,2025-01-28,10,positive,"Vol agréable, divertissement à bord varié. On se sent vraiment bien traité.",fr,Web
REV001591,FLT00448,R012,2025-01-28,10,positive,Business cabin on the A330 is excellent value compared to competitors.,en,Web
REV001592,FLT00448,R012,2025-01-28,10,positive,"Service impeccable, départ à l'heure. Bravo à l'équipage d'Air Côte d'Ivoire.",fr,App
REV001593,FLT00448,R012,2025-01-28,9,positive,Excellent flight from check-in to landing. Staff were very helpful and friendly.,en,Email Survey
REV001594,FLT00448,R012,2025-01-28,8,positive,Excellent flight from check-in to landing. Staff were very helpful and friendly.,en,Email Survey
REV001595,FLT00449,R001,2025-01-29,10,positive,"Embarquement fluide, équipage souriant, vol parfait du début à la fin.",fr,App
REV001596,FLT00449,R001,2025-01-29,8,positive,Surprised by the quality on this regional flight. Pleasant experience overall.,en,Web
REV001597,FLT00449,R001,2025-01-29,9,positive,Le rapport qualité-prix sur cette destination est imbattable. Continuez ainsi.,fr,App
REV001598,FLT00450,R002,2025-01-29,6,neutral,Départ légèrement en retard mais arrivée à l'heure. Acceptable.,fr,Web
REV001599,FLT00450,R002,2025-01-29,6,negative,"Repas immangeable, je n'ai pas pu finir mon plateau. Problème récurrent : siège inconfortable sur l'ATR pour cette durée de vol.",fr,TripAdvisor
REV001600,FLT00450,R002,2025-01-29,3,negative,Wi-Fi annoncé mais inopérant pendant tout le vol. Décevant. Problème récurrent : siège inconfortable sur l'ATR pour cette durée de vol.,fr,TripAdvisor
REV001601,FLT00450,R002,2025-01-29,9,positive,The cabin crew was outstanding. Very attentive and professional.,en,App
REV001602,FLT00450,R002,2025-01-29,6,neutral,Service standard pour le prix payé. Pas de quoi se plaindre.,fr,Web
REV001603,FLT00451,R003,2025-01-29,8,positive,The cabin crew was outstanding. Very attentive and professional.,en,App
REV001604,FLT00451,R003,2025-01-29,8,positive,The cabin crew was outstanding. Very attentive and professional.,en,Email Survey
REV001605,FLT00452,R004,2025-01-29,5,neutral,Embarquement un peu long mais le vol s'est bien déroulé ensuite.,fr,App
REV001606,FLT00452,R004,2025-01-29,5,neutral,"Le check-in en ligne fonctionne bien, l'embarquement aussi.",fr,Email Survey
REV001607,FLT00452,R004,2025-01-29,8,positive,"Vol matinal très ponctuel, idéal pour les voyages d'affaires.",fr,TripAdvisor
REV001608,FLT00452,R004,2025-01-29,9,positive,"Vol agréable, divertissement à bord varié. On se sent vraiment bien traité.",fr,App
REV001609,FLT00452,R004,2025-01-29,8,positive,Surprised by the quality on this regional flight. Pleasant experience overall.,en,TripAdvisor
REV001610,FLT00453,R004,2025-01-29,2,negative,"Encore un retard sur cette ligne, ça devient systématique.",fr,Web
REV001611,FLT00453,R004,2025-01-29,3,negative,Vol annulé et rebooking chaotique. Communication désastreuse.,fr,App
REV001612,FLT00453,R004,2025-01-29,0,negative,"Encore un retard sur cette ligne, ça devient systématique.",fr,TripAdvisor
REV001613,FLT00453,R004,2025-01-29,1,negative,Aucune assistance pour ma correspondance ratée à cause du retard.,fr,App
REV001614,FLT00454,R005,2025-01-29,5,negative,Bagages perdus et aucune aide de l'équipe au sol. Très déçu.,fr,Email Survey
REV001615,FLT00454,R005,2025-01-29,6,neutral,"Personnel correct, divertissement limité. Acceptable pour la durée.",fr,Email Survey
REV001616,FLT00454,R005,2025-01-29,6,neutral,The flight was okay. Nothing special but nothing bad either.,en,Web
REV001617,FLT00454,R005,2025-01-29,10,positive,"Repas africain délicieux à bord, vraie touche locale appréciable.",fr,Email Survey
REV001618,FLT00455,R005,2025-01-29,8,positive,"Vol matinal très ponctuel, idéal pour les voyages d'affaires.",fr,TripAdvisor
REV001619,FLT00455,R005,2025-01-29,5,neutral,Standard regional service. Aircraft was clean enough.,en,Email Survey
REV001620,FLT00455,R005,2025-01-29,8,positive,"Surclassement gratuit en Business, expérience inoubliable. Merci ACI !",fr,Web
REV001621,FLT00455,R005,2025-01-29,10,positive,Loved the African hospitality on board. Felt welcomed throughout.,en,Email Survey
REV001622,FLT00455,R005,2025-01-29,4,negative,Wi-Fi annoncé mais inopérant pendant tout le vol. Décevant. Problème récurrent : bagages fréquemment perdus sur la liaison Dakar.,fr,TripAdvisor
REV001623,FLT00455,R005,2025-01-29,3,negative,Terrible experience at check-in. Long queues and unhelpful staff.,en,Web
REV001624,FLT00456,R006,2025-01-29,7,neutral,Standard regional service. Aircraft was clean enough.,en,TripAdvisor
REV001625,FLT00456,R006,2025-01-29,6,neutral,Lounge in CDG was crowded but the flight crew was helpful.,en,TripAdvisor
REV001626,FLT00457,R006,2025-01-29,1,negative,"Avion vieillissant, climatisation défaillante, sièges abîmés. Problème récurrent : encombrement chronique à Lagos, créneaux non respectés.",fr,App
REV001627,FLT00458,R007,2025-01-29,5,negative,Mes points fidélité n'ont pas été crédités après ce vol. Service après-vente injoignable. Problème récurrent : turbulences fréquentes et service perturbé.,fr,TripAdvisor
REV001628,FLT00458,R007,2025-01-29,10,positive,Surprised by the quality on this regional flight. Pleasant experience overall.,en,Email Survey
REV001629,FLT00458,R007,2025-01-29,6,neutral,"Avion propre, équipage poli sans plus. Vol sans incident.",fr,Email Survey
REV001630,FLT00459,R008,2025-01-29,0,negative,Terrible experience at check-in. Long queues and unhelpful staff.,en,TripAdvisor
REV001631,FLT00460,R009,2025-01-29,6,negative,The aircraft was dirty. Seat wouldn't recline. Disappointed. Recurring issue: Paris CDG slot delays affecting connections.,en,App
REV001632,FLT00460,R009,2025-01-29,8,neutral,"Le check-in en ligne fonctionne bien, l'embarquement aussi.",fr,TripAdvisor
REV001633,FLT00460,R009,2025-01-29,10,positive,"Vol matinal très ponctuel, idéal pour les voyages d'affaires.",fr,Web
REV001634,FLT00460,R009,2025-01-29,8,positive,Premium economy seat was worth every dollar on the long-haul.,en,TripAdvisor
REV001635,FLT00460,R009,2025-01-29,5,neutral,Decent flight overall. The check-in process was a little slow.,en,App
REV001636,FLT00460,R009,2025-01-29,9,positive,"Voyage en famille parfaitement géré, attention particulière aux enfants.",fr,App
REV001637,FLT00461,R009,2025-01-29,5,neutral,Lounge in CDG was crowded but the flight crew was helpful.,en,App
REV001638,FLT00461,R009,2025-01-29,3,negative,"Comparé à Ethiopian ou Air France, le niveau de service n'y est pas.",fr,App
REV001639,FLT00461,R009,2025-01-29,10,positive,"Très bon vol, siège confortable et repas savoureux. Recommandé sans hésiter.",fr,Web
REV001640,FLT00461,R009,2025-01-29,8,positive,"Great connection between ABJ and CDG, comparable to European carriers.",en,Web
REV001641,FLT00461,R009,2025-01-29,6,neutral,The flight was okay. Nothing special but nothing bad either.,en,Email Survey
REV001642,FLT00462,R010,2025-01-29,2,negative,"Siège cassé, repas servi froid, service lent. Billet trop cher pour cette qualité.",fr,TripAdvisor
REV001643,FLT00463,R011,2025-01-29,9,positive,Excellent flight from check-in to landing. Staff were very helpful and friendly.,en,Email Survey
REV001644,FLT00464,R012,2025-01-29,8,positive,"Voyage en famille parfaitement géré, attention particulière aux enfants.",fr,TripAdvisor
REV001645,FLT00464,R012,2025-01-29,6,neutral,"Vol correct, rien d'exceptionnel. Le service est moyen.",fr,App
REV001646,FLT00464,R012,2025-01-29,5,neutral,Seat was a bit cramped but the crew was friendly. Average experience.,en,App
REV001647,FLT00464,R012,2025-01-29,8,positive,"Vol excellent, équipage très professionnel. Je reviendrai certainement.",fr,App
REV001648,FLT00464,R012,2025-01-29,8,positive,Booked through the app and everything worked seamlessly.,en,Web
REV001649,FLT00464,R012,2025-01-29,5,negative,The aircraft was dirty. Seat wouldn't recline. Disappointed.,en,Email Survey
REV001650,FLT00465,R001,2025-01-30,9,positive,Business cabin on the A330 is excellent value compared to competitors.,en,Email Survey
REV001651,FLT00465,R001,2025-01-30,10,positive,"Vol excellent, équipage très professionnel. Je reviendrai certainement.",fr,Email Survey
REV001652,FLT00465,R001,2025-01-30,4,negative,Mes points fidélité n'ont pas été crédités après ce vol. Service après-vente injoignable. Problème récurrent : retard systématique le matin sur la rotation ABJ-Bouaké.,fr,Email Survey
REV001653,FLT00465,R001,2025-01-30,8,positive,On-time departure and smooth landing. Great value for money on this route.,en,Web
REV001654,FLT00465,R001,2025-01-30,8,neutral,"Le check-in en ligne fonctionne bien, l'embarquement aussi.",fr,Email Survey
REV001655,FLT00466,R002,2025-01-30,7,neutral,Food could be better. Flight was on time though.,en,Email Survey
REV001656,FLT00466,R002,2025-01-30,8,positive,"Repas africain délicieux à bord, vraie touche locale appréciable.",fr,Email Survey
REV001657,FLT00466,R002,2025-01-30,9,positive,Booked through the app and everything worked seamlessly.,en,TripAdvisor
REV001658,FLT00467,R003,2025-01-30,5,neutral,Decent flight overall. The check-in process was a little slow.,en,Web
REV001659,FLT00468,R004,2025-01-30,5,neutral,Seat was a bit cramped but the crew was friendly. Average experience.,en,Email Survey
REV001660,FLT00468,R004,2025-01-30,9,positive,"Clean aircraft, friendly staff. Will definitely book again.",en,TripAdvisor
REV001661,FLT00469,R004,2025-01-30,9,positive,Excellente compagnie. Les hôtesses étaient attentionnées et le pilote très rassurant.,fr,Email Survey
REV001662,FLT00469,R004,2025-01-30,8,positive,"Vol matinal très ponctuel, idéal pour les voyages d'affaires.",fr,Email Survey
REV001663,FLT00469,R004,2025-01-30,2,negative,Wi-Fi annoncé mais inopérant pendant tout le vol. Décevant.,fr,App
REV001664,FLT00470,R005,2025-01-30,10,positive,"Great connection between ABJ and CDG, comparable to European carriers.",en,Web
REV001665,FLT00470,R005,2025-01-30,5,neutral,"Personnel correct, divertissement limité. Acceptable pour la durée.",fr,App
REV001666,FLT00470,R005,2025-01-30,2,negative,Wi-Fi annoncé mais inopérant pendant tout le vol. Décevant. Problème récurrent : bagages fréquemment perdus sur la liaison Dakar.,fr,Email Survey
REV001667,FLT00471,R005,2025-01-30,2,negative,"Embarquement chaotique, file d'attente interminable au comptoir. Problème récurrent : bagages fréquemment perdus sur la liaison Dakar.",fr,Email Survey
REV001668,FLT00471,R005,2025-01-30,5,neutral,Decent flight overall. The check-in process was a little slow.,en,Web
REV001669,FLT00471,R005,2025-01-30,8,positive,"Repas africain délicieux à bord, vraie touche locale appréciable.",fr,Web
REV001670,FLT00472,R006,2025-01-30,8,neutral,Boarding took longer than expected but the flight itself was fine.,en,TripAdvisor
REV001671,FLT00472,R006,2025-01-30,8,positive,Surprised by the quality on this regional flight. Pleasant experience overall.,en,TripAdvisor
REV001672,FLT00472,R006,2025-01-30,7,neutral,Service standard pour le prix payé. Pas de quoi se plaindre.,fr,Web
REV001673,FLT00472,R006,2025-01-30,8,positive,Excellente compagnie. Les hôtesses étaient attentionnées et le pilote très rassurant.,fr,TripAdvisor
REV001674,FLT00473,R006,2025-01-30,8,neutral,"Vol sans surprise, ni bonne ni mauvaise. Je referai si nécessaire.",fr,App
REV001675,FLT00474,R007,2025-01-30,8,positive,"Le nouveau A330 est superbe, sièges confortables même en éco.",fr,App
REV001676,FLT00475,R008,2025-01-30,8,neutral,"Le check-in en ligne fonctionne bien, l'embarquement aussi.",fr,Email Survey
REV001677,FLT00476,R009,2025-01-30,8,positive,Le rapport qualité-prix sur cette destination est imbattable. Continuez ainsi.,fr,Email Survey
REV001678,FLT00477,R009,2025-01-30,10,positive,"Service impeccable, départ à l'heure. Bravo à l'équipage d'Air Côte d'Ivoire.",fr,Web
REV001679,FLT00477,R009,2025-01-30,8,positive,"Vol matinal très ponctuel, idéal pour les voyages d'affaires.",fr,App
REV001680,FLT00477,R009,2025-01-30,8,neutral,Seat was a bit cramped but the crew was friendly. Average experience.,en,Email Survey
REV001681,FLT00477,R009,2025-01-30,8,positive,"Embarquement fluide, équipage souriant, vol parfait du début à la fin.",fr,App
REV001682,FLT00478,R010,2025-01-30,8,positive,"Smooth flight, great food options. The lounge access in Abidjan was a nice touch.",en,Web
REV001683,FLT00478,R010,2025-01-30,5,negative,"Cancelled with only 2 hours notice. No rebooking offered, no hotel.",en,Email Survey
REV001684,FLT00478,R010,2025-01-30,10,positive,"Clean aircraft, friendly staff. Will definitely book again.",en,App
REV001685,FLT00478,R010,2025-01-30,9,positive,"Personnel chaleureux, accueil africain authentique. Je recommande à 100%.",fr,Web
REV001686,FLT00479,R011,2025-01-30,9,positive,Le rapport qualité-prix sur cette destination est imbattable. Continuez ainsi.,fr,App
REV001687,FLT00479,R011,2025-01-30,7,neutral,Repas basique mais consommable. Le siège était convenable.,fr,Email Survey
REV001688,FLT00479,R011,2025-01-30,9,positive,"Smooth flight, great food options. The lounge access in Abidjan was a nice touch.",en,TripAdvisor
REV001689,FLT00479,R011,2025-01-30,8,positive,On-time departure and smooth landing. Great value for money on this route.,en,Web
REV001690,FLT00480,R012,2025-01-30,8,positive,"Vol matinal très ponctuel, idéal pour les voyages d'affaires.",fr,TripAdvisor
REV001691,FLT00480,R012,2025-01-30,9,positive,"Vol agréable, divertissement à bord varié. On se sent vraiment bien traité.",fr,TripAdvisor
REV001692,FLT00480,R012,2025-01-30,9,positive,"Voyage en famille parfaitement géré, attention particulière aux enfants.",fr,App
REV001693,FLT00480,R012,2025-01-30,5,neutral,Lounge in CDG was crowded but the flight crew was helpful.,en,TripAdvisor
REV001694,FLT00480,R012,2025-01-30,9,positive,Excellent flight from check-in to landing. Staff were very helpful and friendly.,en,App
