activity_id,customer_id,activity_date,activity_type,points_change,running_balance,tier_after,channel
LOY000001,CUST0001,2023-11-13,earn_flight,835,6592,Gold,Agent
LOY000002,CUST0001,2024-05-07,redeem_voucher,-1140,5452,Gold,App
LOY000003,CUST0001,2024-09-01,earn_flight,700,6152,Gold,Agent
LOY000004,CUST0002,2023-10-21,earn_flight,566,1158,Bronze,Agent
LOY000005,CUST0002,2023-10-31,redeem_voucher,-406,752,Bronze,Kiosk
LOY000006,CUST0002,2024-05-21,earn_flight,1808,2560,Bronze,Agent
LOY000007,CUST0002,2024-01-24,earn_flight,529,3089,Bronze,Agent
LOY000008,CUST0002,2023-10-23,earn_bonus,450,3539,Bronze,Web
LOY000009,CUST0003,2024-09-02,earn_flight,1995,2163,Bronze,Web
LOY000010,CUST0003,2024-07-08,redeem_voucher,-314,1849,Bronze,Web
LOY000011,CUST0003,2023-09-12,redeem_voucher,-1021,828,Bronze,Agent
LOY000012,CUST0003,2023-10-17,earn_flight,1261,2089,Bronze,Agent
LOY000013,CUST0003,2024-03-15,redeem_upgrade,-1010,1079,Bronze,Kiosk
LOY000014,CUST0003,2024-01-04,earn_flight,605,1684,Bronze,Agent
LOY000015,CUST0003,2024-10-22,redeem_voucher,-1017,667,Bronze,Agent
LOY000016,CUST0003,2024-03-22,tier_upgrade,0,667,Bronze,Web
LOY000017,CUST0003,2025-01-13,earn_flight,1647,2314,Bronze,App
LOY000018,CUST0004,2024-01-21,redeem_upgrade,-1064,0,Bronze,App
LOY000019,CUST0004,2024-09-08,earn_flight,1058,1058,Bronze,Agent
LOY000020,CUST0004,2023-08-22,redeem_upgrade,-434,624,Bronze,Agent
LOY000021,CUST0004,2024-07-24,earn_flight,990,1614,Bronze,Web
LOY000022,CUST0005,2024-05-06,tier_upgrade,0,465,Bronze,Web
LOY000023,CUST0005,2025-01-11,redeem_voucher,-1480,0,Bronze,Agent
LOY000024,CUST0006,2024-03-01,earn_flight,1661,2316,Bronze,Web
LOY000025,CUST0006,2023-08-11,earn_bonus,1100,3416,Bronze,App
LOY000026,CUST0006,2023-12-03,redeem_voucher,-829,2587,Bronze,Web
LOY000027,CUST0006,2023-10-09,earn_flight,1261,3848,Bronze,App
LOY000028,CUST0006,2023-11-06,redeem_upgrade,-341,3507,Bronze,Web
LOY000029,CUST0006,2023-12-20,redeem_upgrade,-1325,2182,Bronze,Web
LOY000030,CUST0006,2024-05-08,earn_bonus,1342,3524,Bronze,Kiosk
LOY000031,CUST0006,2024-03-14,redeem_voucher,-611,2913,Bronze,Agent
LOY000032,CUST0006,2024-09-22,tier_upgrade,0,2913,Bronze,Agent
LOY000033,CUST0006,2024-11-01,redeem_voucher,-1124,1789,Bronze,App
LOY000034,CUST0007,2023-10-15,earn_flight,1304,1558,Bronze,Web
LOY000035,CUST0007,2024-03-23,earn_flight,1549,3107,Bronze,App
LOY000036,CUST0007,2024-04-01,earn_flight,164,3271,Bronze,Agent
LOY000037,CUST0007,2023-10-22,earn_bonus,670,3941,Bronze,Kiosk
LOY000038,CUST0007,2024-03-17,earn_bonus,1581,5522,Bronze,Kiosk
LOY000039,CUST0008,2024-09-30,earn_flight,298,547,Bronze,Kiosk
LOY000040,CUST0008,2024-08-07,earn_flight,1056,1603,Bronze,App
LOY000041,CUST0008,2023-11-19,earn_flight,1591,3194,Bronze,Agent
LOY000042,CUST0008,2023-11-30,earn_flight,489,3683,Bronze,Kiosk
LOY000043,CUST0008,2024-01-01,earn_flight,670,4353,Bronze,Kiosk
LOY000044,CUST0008,2024-04-22,redeem_voucher,-354,3999,Bronze,Kiosk
LOY000045,CUST0008,2023-11-19,earn_flight,1207,5206,Bronze,App
LOY000046,CUST0008,2023-11-14,redeem_voucher,-684,4522,Bronze,Web
LOY000047,CUST0008,2024-09-30,earn_flight,537,5059,Bronze,Kiosk
LOY000048,CUST0009,2024-09-02,earn_flight,899,960,Bronze,Agent
LOY000049,CUST0009,2024-11-18,earn_flight,1526,2486,Bronze,Kiosk
LOY000050,CUST0009,2024-01-16,earn_flight,545,3031,Bronze,App
LOY000051,CUST0009,2023-10-12,redeem_upgrade,-317,2714,Bronze,App
LOY000052,CUST0010,2025-01-06,redeem_voucher,-1287,0,Bronze,Web
LOY000053,CUST0010,2023-10-08,tier_upgrade,0,0,Bronze,App
LOY000054,CUST0010,2024-02-17,earn_flight,239,239,Bronze,Web
LOY000055,CUST0010,2024-09-27,earn_flight,1923,2162,Bronze,Web
LOY000056,CUST0010,2023-09-20,earn_bonus,958,3120,Bronze,Agent
LOY000057,CUST0010,2024-05-04,earn_flight,1566,4686,Bronze,Agent
LOY000058,CUST0010,2024-04-11,earn_flight,368,5054,Bronze,Agent
LOY000059,CUST0010,2024-11-21,earn_flight,1639,6693,Bronze,App
LOY000060,CUST0010,2023-08-20,earn_flight,1253,7946,Bronze,App
LOY000061,CUST0011,2024-03-16,earn_bonus,371,447,Bronze,Agent
LOY000062,CUST0011,2023-10-20,redeem_voucher,-956,0,Bronze,Agent
LOY000063,CUST0011,2024-01-19,earn_flight,1212,1212,Bronze,Agent
LOY000064,CUST0011,2023-08-19,redeem_upgrade,-1335,0,Bronze,Agent
LOY000065,CUST0011,2023-11-25,redeem_voucher,-475,0,Bronze,Agent
LOY000066,CUST0011,2023-12-07,redeem_voucher,-1333,0,Bronze,Web
LOY000067,CUST0011,2024-05-15,earn_flight,531,531,Bronze,Agent
LOY000068,CUST0011,2024-03-06,redeem_upgrade,-740,0,Bronze,Kiosk
LOY000069,CUST0011,2024-04-24,redeem_voucher,-304,0,Bronze,App
LOY000070,CUST0011,2024-10-17,redeem_voucher,-290,0,Bronze,App
LOY000071,CUST0012,2024-05-05,earn_flight,1004,1346,Bronze,Kiosk
LOY000072,CUST0012,2023-08-20,earn_flight,1908,3254,Bronze,Web
LOY000073,CUST0012,2023-09-16,redeem_voucher,-1392,1862,Bronze,Web
LOY000074,CUST0012,2024-10-24,earn_flight,731,2593,Bronze,Agent
LOY000075,CUST0013,2024-03-13,redeem_upgrade,-410,0,Bronze,Agent
LOY000076,CUST0013,2024-09-30,tier_upgrade,0,0,Bronze,Web
LOY000077,CUST0013,2024-04-09,redeem_voucher,-562,0,Bronze,Kiosk
LOY000078,CUST0013,2023-09-05,earn_flight,1993,1993,Bronze,Agent
LOY000079,CUST0013,2024-10-05,redeem_voucher,-708,1285,Bronze,Agent
LOY000080,CUST0013,2024-01-21,redeem_upgrade,-421,864,Bronze,Kiosk
LOY000081,CUST0013,2023-09-19,redeem_voucher,-655,209,Bronze,Web
LOY000082,CUST0014,2024-06-18,redeem_voucher,-666,0,Bronze,Web
LOY000083,CUST0014,2023-09-04,redeem_upgrade,-1016,0,Bronze,Agent
LOY000084,CUST0014,2024-05-22,redeem_voucher,-771,0,Bronze,Agent
LOY000085,CUST0014,2025-01-13,earn_flight,1827,1827,Bronze,Agent
LOY000086,CUST0014,2023-09-08,earn_flight,634,2461,Bronze,Web
LOY000087,CUST0014,2024-05-08,earn_flight,1321,3782,Bronze,Kiosk
LOY000088,CUST0014,2024-07-29,redeem_upgrade,-842,2940,Bronze,Kiosk
LOY000089,CUST0015,2023-12-07,earn_flight,1280,1901,Bronze,Web
LOY000090,CUST0015,2024-04-27,earn_flight,993,2894,Bronze,App
LOY000091,CUST0015,2025-01-24,redeem_voucher,-1302,1592,Bronze,Web
LOY000092,CUST0015,2024-08-17,earn_flight,1460,3052,Bronze,Agent
LOY000093,CUST0015,2024-06-27,redeem_upgrade,-455,2597,Bronze,Agent
LOY000094,CUST0015,2025-01-11,earn_flight,936,3533,Bronze,Agent
LOY000095,CUST0015,2024-09-26,redeem_upgrade,-1335,2198,Bronze,Web
LOY000096,CUST0015,2024-02-23,earn_flight,876,3074,Bronze,Web
LOY000097,CUST0015,2024-06-14,earn_flight,1807,4881,Bronze,App
LOY000098,CUST0015,2024-06-17,earn_flight,980,5861,Bronze,Agent
LOY000099,CUST0016,2024-11-05,redeem_upgrade,-1246,0,Bronze,Kiosk
LOY000100,CUST0016,2024-01-31,redeem_upgrade,-781,0,Bronze,Agent
LOY000101,CUST0016,2023-11-14,redeem_voucher,-681,0,Bronze,Agent
LOY000102,CUST0016,2024-03-28,redeem_voucher,-501,0,Bronze,App
LOY000103,CUST0016,2023-09-27,earn_flight,1073,1073,Bronze,App
LOY000104,CUST0016,2024-11-19,earn_flight,1389,2462,Bronze,Web
LOY000105,CUST0016,2024-09-07,earn_flight,599,3061,Bronze,Web
LOY000106,CUST0016,2023-08-16,redeem_voucher,-418,2643,Bronze,Kiosk
LOY000107,CUST0016,2024-03-22,earn_flight,1525,4168,Bronze,Kiosk
LOY000108,CUST0017,2024-04-22,redeem_voucher,-448,2963,Gold,Kiosk
LOY000109,CUST0017,2023-12-25,redeem_voucher,-1287,1676,Gold,Agent
LOY000110,CUST0017,2024-11-06,earn_bonus,1573,3249,Gold,Kiosk
LOY000111,CUST0017,2024-11-09,redeem_voucher,-1172,2077,Gold,Kiosk
LOY000112,CUST0017,2024-05-02,redeem_upgrade,-767,1310,Gold,Kiosk
LOY000113,CUST0017,2024-04-11,earn_flight,258,1568,Gold,Agent
LOY000114,CUST0017,2024-04-07,earn_flight,754,2322,Gold,App
LOY000115,CUST0017,2023-12-30,earn_flight,884,3206,Gold,Web
LOY000116,CUST0017,2024-03-17,earn_flight,934,4140,Gold,Agent
LOY000117,CUST0017,2024-11-30,earn_flight,523,4663,Gold,Kiosk
LOY000118,CUST0018,2023-08-31,redeem_voucher,-1379,1016,Silver,Kiosk
LOY000119,CUST0018,2024-12-11,earn_flight,820,1836,Silver,Agent
LOY000120,CUST0018,2024-09-13,redeem_voucher,-1058,778,Silver,Web
LOY000121,CUST0018,2024-12-22,earn_flight,992,1770,Silver,Kiosk
LOY000122,CUST0018,2023-09-09,earn_flight,1469,3239,Silver,Kiosk
LOY000123,CUST0018,2024-01-27,redeem_voucher,-461,2778,Silver,App
LOY000124,CUST0018,2024-09-17,earn_bonus,1457,4235,Silver,App
LOY000125,CUST0018,2023-11-04,earn_bonus,377,4612,Silver,Kiosk
LOY000126,CUST0018,2024-02-13,earn_flight,876,5488,Silver,Agent
LOY000127,CUST0018,2024-03-14,earn_flight,791,6279,Silver,Kiosk
LOY000128,CUST0018,2024-05-21,redeem_upgrade,-1063,5216,Silver,Agent
LOY000129,CUST0019,2023-08-30,redeem_upgrade,-306,0,Bronze,Agent
LOY000130,CUST0019,2024-03-27,redeem_upgrade,-282,0,Bronze,App
LOY000131,CUST0019,2024-04-20,earn_flight,141,141,Bronze,Web
LOY000132,CUST0019,2024-04-11,earn_flight,1471,1612,Bronze,App
LOY000133,CUST0019,2024-03-21,earn_flight,624,2236,Bronze,Agent
LOY000134,CUST0019,2024-01-29,earn_bonus,1631,3867,Bronze,App
LOY000135,CUST0019,2024-01-25,tier_upgrade,0,3867,Bronze,App
LOY000136,CUST0019,2023-09-06,redeem_voucher,-1379,2488,Bronze,Kiosk
LOY000137,CUST0019,2024-09-20,redeem_voucher,-606,1882,Bronze,App
LOY000138,CUST0020,2024-04-15,earn_flight,1682,2289,Bronze,Agent
LOY000139,CUST0020,2023-12-12,redeem_upgrade,-1359,930,Bronze,App
LOY000140,CUST0020,2024-07-31,earn_bonus,1454,2384,Bronze,Agent
LOY000141,CUST0020,2023-10-20,earn_bonus,798,3182,Bronze,App
LOY000142,CUST0020,2024-10-14,redeem_voucher,-416,2766,Bronze,Kiosk
LOY000143,CUST0020,2024-08-15,earn_bonus,1797,4563,Bronze,Kiosk
LOY000144,CUST0020,2024-01-14,earn_flight,1602,6165,Bronze,Agent
LOY000145,CUST0020,2024-12-18,earn_flight,1791,7956,Bronze,Agent
LOY000146,CUST0020,2024-07-06,redeem_voucher,-377,7579,Bronze,Agent
LOY000147,CUST0020,2024-11-14,earn_flight,1051,8630,Bronze,Kiosk
LOY000148,CUST0020,2024-07-20,earn_flight,1842,10472,Bronze,Agent
LOY000149,CUST0020,2024-02-13,earn_flight,826,11298,Bronze,Agent
LOY000150,CUST0021,2024-05-19,earn_bonus,1158,1507,Bronze,Web
LOY000151,CUST0021,2023-11-06,earn_flight,932,2439,Bronze,Kiosk
LOY000152,CUST0021,2024-04-13,redeem_upgrade,-1205,1234,Bronze,Kiosk
LOY000153,CUST0021,2023-08-28,earn_flight,553,1787,Bronze,Kiosk
LOY000154,CUST0021,2024-04-16,earn_flight,1291,3078,Bronze,Agent
LOY000155,CUST0021,2024-12-07,earn_bonus,804,3882,Bronze,Kiosk
LOY000156,CUST0022,2024-08-05,redeem_upgrade,-754,6754,Gold,Agent
LOY000157,CUST0022,2024-04-24,earn_flight,1577,8331,Gold,Web
LOY000158,CUST0022,2024-06-29,earn_flight,1197,9528,Gold,Web
LOY000159,CUST0022,2024-02-23,earn_flight,1091,10619,Gold,Agent
LOY000160,CUST0022,2025-01-29,earn_bonus,305,10924,Gold,Web
LOY000161,CUST0022,2024-06-09,earn_flight,467,11391,Gold,Agent
LOY000162,CUST0022,2023-08-25,redeem_upgrade,-459,10932,Gold,Agent
LOY000163,CUST0023,2024-06-05,redeem_upgrade,-458,0,Bronze,Kiosk
LOY000164,CUST0023,2023-11-24,redeem_voucher,-1375,0,Bronze,Agent
LOY000165,CUST0024,2024-11-04,earn_flight,205,686,Bronze,Agent
LOY000166,CUST0024,2024-12-12,earn_flight,233,919,Bronze,Kiosk
LOY000167,CUST0024,2024-12-26,earn_flight,1389,2308,Bronze,App
LOY000168,CUST0024,2024-01-13,earn_flight,1252,3560,Bronze,Agent
LOY000169,CUST0024,2023-11-06,tier_upgrade,0,3560,Bronze,App
LOY000170,CUST0024,2024-10-10,earn_bonus,1719,5279,Bronze,Web
LOY000171,CUST0024,2025-01-27,earn_flight,1960,7239,Bronze,Kiosk
LOY000172,CUST0024,2024-06-10,redeem_voucher,-1078,6161,Bronze,Agent
LOY000173,CUST0024,2023-10-11,earn_bonus,1615,7776,Bronze,App
LOY000174,CUST0025,2024-03-14,earn_flight,266,1917,Silver,Web
LOY000175,CUST0025,2024-04-12,earn_flight,253,2170,Silver,Web
LOY000176,CUST0025,2023-08-13,earn_flight,1511,3681,Silver,Kiosk
LOY000177,CUST0025,2024-06-04,earn_flight,690,4371,Silver,Agent
LOY000178,CUST0025,2024-11-17,earn_flight,578,4949,Silver,Agent
LOY000179,CUST0025,2024-02-29,earn_flight,1215,6164,Silver,Web
LOY000180,CUST0025,2024-01-10,redeem_voucher,-491,5673,Silver,App
LOY000181,CUST0025,2023-10-11,earn_flight,729,6402,Silver,Agent
LOY000182,CUST0025,2024-11-02,earn_flight,1510,7912,Silver,Agent
LOY000183,CUST0025,2024-09-26,redeem_voucher,-1224,6688,Silver,Kiosk
LOY000184,CUST0025,2024-11-01,earn_flight,181,6869,Silver,Kiosk
LOY000185,CUST0025,2024-07-06,earn_bonus,152,7021,Silver,App
LOY000186,CUST0026,2023-09-01,tier_upgrade,0,235,Bronze,Agent
LOY000187,CUST0026,2023-09-21,redeem_upgrade,-558,0,Bronze,Kiosk
LOY000188,CUST0026,2025-01-23,redeem_upgrade,-769,0,Bronze,Web
LOY000189,CUST0026,2024-10-30,earn_bonus,1107,1107,Bronze,App
LOY000190,CUST0026,2024-12-04,earn_flight,782,1889,Bronze,Agent
LOY000191,CUST0026,2023-11-26,redeem_voucher,-875,1014,Bronze,Kiosk
LOY000192,CUST0026,2024-12-30,earn_flight,920,1934,Bronze,App
LOY000193,CUST0026,2024-11-18,earn_flight,616,2550,Bronze,Agent
LOY000194,CUST0026,2023-12-07,tier_upgrade,0,2550,Bronze,Kiosk
LOY000195,CUST0026,2025-01-18,redeem_voucher,-202,2348,Bronze,Kiosk
LOY000196,CUST0026,2024-10-07,earn_flight,1161,3509,Bronze,Agent
LOY000197,CUST0026,2025-01-02,earn_bonus,1656,5165,Bronze,App
LOY000198,CUST0027,2023-12-23,redeem_voucher,-1097,0,Bronze,Kiosk
LOY000199,CUST0027,2023-12-13,earn_flight,1390,1390,Bronze,Web
LOY000200,CUST0027,2024-01-20,earn_flight,128,1518,Bronze,Kiosk
LOY000201,CUST0027,2023-11-14,earn_flight,1823,3341,Bronze,App
LOY000202,CUST0027,2024-11-25,redeem_voucher,-515,2826,Bronze,Kiosk
LOY000203,CUST0027,2024-06-04,earn_bonus,659,3485,Bronze,Kiosk
LOY000204,CUST0028,2024-04-16,earn_flight,396,7348,Gold,Kiosk
LOY000205,CUST0028,2024-02-22,redeem_voucher,-1240,6108,Gold,Web
LOY000206,CUST0028,2023-10-21,earn_flight,1717,7825,Gold,Kiosk
LOY000207,CUST0028,2024-07-24,redeem_voucher,-1239,6586,Gold,Agent
LOY000208,CUST0028,2023-08-13,earn_flight,711,7297,Gold,Kiosk
LOY000209,CUST0028,2024-01-10,earn_flight,1091,8388,Gold,Agent
LOY000210,CUST0028,2024-07-16,earn_bonus,1212,9600,Gold,Kiosk
LOY000211,CUST0028,2024-11-19,redeem_voucher,-586,9014,Gold,Web
LOY000212,CUST0028,2024-09-06,earn_flight,1688,10702,Gold,Kiosk
LOY000213,CUST0029,2024-12-07,redeem_upgrade,-980,0,Bronze,Kiosk
LOY000214,CUST0029,2024-01-13,earn_flight,175,175,Bronze,Web
LOY000215,CUST0029,2025-01-06,tier_upgrade,0,175,Bronze,Agent
LOY000216,CUST0029,2023-11-21,redeem_voucher,-1101,0,Bronze,App
LOY000217,CUST0029,2025-01-30,redeem_voucher,-231,0,Bronze,Web
LOY000218,CUST0029,2024-10-03,redeem_voucher,-516,0,Bronze,App
LOY000219,CUST0029,2024-12-03,redeem_upgrade,-742,0,Bronze,Agent
LOY000220,CUST0030,2023-11-01,redeem_voucher,-1292,1136,Silver,Kiosk
LOY000221,CUST0030,2024-06-30,earn_bonus,1917,3053,Silver,Kiosk
LOY000222,CUST0030,2023-09-16,earn_bonus,580,3633,Silver,Agent
LOY000223,CUST0030,2024-03-30,redeem_upgrade,-1088,2545,Silver,App
LOY000224,CUST0030,2023-11-21,earn_flight,1521,4066,Silver,Agent
LOY000225,CUST0030,2023-09-09,earn_flight,1730,5796,Silver,App
LOY000226,CUST0030,2024-06-06,earn_flight,982,6778,Silver,Web
LOY000227,CUST0030,2024-04-17,earn_bonus,1259,8037,Silver,Web
LOY000228,CUST0030,2024-02-01,earn_flight,1348,9385,Silver,Kiosk
LOY000229,CUST0030,2024-04-13,earn_flight,1294,10679,Silver,Web
LOY000230,CUST0030,2024-04-04,earn_flight,620,11299,Silver,Kiosk
LOY000231,CUST0030,2024-04-28,redeem_upgrade,-1152,10147,Silver,Agent
LOY000232,CUST0031,2023-10-25,earn_flight,807,8284,Gold,Agent
LOY000233,CUST0031,2024-10-18,redeem_upgrade,-1135,7149,Gold,Agent
LOY000234,CUST0031,2024-03-01,tier_upgrade,0,7149,Gold,Kiosk
LOY000235,CUST0031,2023-11-28,earn_flight,1271,8420,Gold,Agent
LOY000236,CUST0032,2024-06-08,earn_flight,1799,2388,Bronze,Kiosk
LOY000237,CUST0032,2024-05-18,earn_flight,1871,4259,Bronze,App
LOY000238,CUST0032,2024-12-31,redeem_voucher,-786,3473,Bronze,Web
LOY000239,CUST0032,2024-08-05,earn_flight,489,3962,Bronze,Agent
LOY000240,CUST0032,2023-12-29,earn_bonus,1950,5912,Bronze,App
LOY000241,CUST0032,2024-06-22,redeem_upgrade,-268,5644,Bronze,Agent
LOY000242,CUST0033,2023-11-11,redeem_voucher,-869,0,Bronze,Kiosk
LOY000243,CUST0033,2024-02-06,earn_flight,1710,1710,Bronze,Agent
LOY000244,CUST0033,2025-01-05,redeem_voucher,-536,1174,Bronze,Agent
LOY000245,CUST0033,2024-12-16,tier_upgrade,0,1174,Bronze,Agent
LOY000246,CUST0034,2023-12-06,earn_flight,254,1019,Bronze,Web
LOY000247,CUST0034,2024-03-29,redeem_voucher,-1013,6,Bronze,Agent
LOY000248,CUST0034,2023-11-11,redeem_upgrade,-228,0,Bronze,Agent
LOY000249,CUST0034,2023-12-15,earn_flight,1477,1477,Bronze,Agent
LOY000250,CUST0034,2024-09-04,redeem_voucher,-960,517,Bronze,App
LOY000251,CUST0034,2024-04-06,earn_flight,1368,1885,Bronze,Agent
LOY000252,CUST0034,2024-03-24,earn_bonus,1401,3286,Bronze,Kiosk
LOY000253,CUST0035,2024-10-02,earn_flight,192,910,Bronze,App
LOY000254,CUST0035,2024-06-17,tier_upgrade,0,910,Bronze,App
LOY000255,CUST0035,2023-11-18,earn_flight,1200,2110,Bronze,Web
LOY000256,CUST0035,2024-09-11,earn_flight,1473,3583,Bronze,Kiosk
LOY000257,CUST0035,2024-01-16,redeem_voucher,-402,3181,Bronze,Kiosk
LOY000258,CUST0035,2024-10-01,redeem_voucher,-772,2409,Bronze,App
LOY000259,CUST0036,2024-03-20,earn_flight,583,1290,Bronze,Agent
LOY000260,CUST0036,2023-11-20,tier_upgrade,0,1290,Bronze,Agent
LOY000261,CUST0036,2024-08-12,earn_flight,665,1955,Bronze,Web
LOY000262,CUST0036,2023-12-14,redeem_voucher,-1131,824,Bronze,App
LOY000263,CUST0036,2024-03-15,earn_bonus,1322,2146,Bronze,App
LOY000264,CUST0036,2023-10-01,redeem_upgrade,-698,1448,Bronze,Web
LOY000265,CUST0036,2024-03-08,earn_flight,1667,3115,Bronze,Web
LOY000266,CUST0037,2024-04-05,earn_flight,402,1003,Bronze,App
LOY000267,CUST0037,2024-05-20,redeem_voucher,-496,507,Bronze,Web
LOY000268,CUST0037,2024-04-23,redeem_upgrade,-425,82,Bronze,App
LOY000269,CUST0037,2023-12-23,earn_flight,1717,1799,Bronze,Web
LOY000270,CUST0037,2024-07-07,earn_flight,643,2442,Bronze,App
LOY000271,CUST0038,2025-01-30,earn_flight,230,360,Bronze,Kiosk
LOY000272,CUST0038,2024-11-12,redeem_upgrade,-1251,0,Bronze,App
LOY000273,CUST0038,2024-11-15,earn_bonus,1359,1359,Bronze,App
LOY000274,CUST0038,2025-01-25,earn_flight,1417,2776,Bronze,App
LOY000275,CUST0038,2023-10-12,tier_upgrade,0,2776,Bronze,Kiosk
LOY000276,CUST0038,2024-10-20,redeem_upgrade,-1204,1572,Bronze,Kiosk
LOY000277,CUST0038,2023-10-25,redeem_voucher,-859,713,Bronze,Web
LOY000278,CUST0038,2023-10-17,earn_flight,1378,2091,Bronze,Agent
LOY000279,CUST0039,2024-06-07,earn_flight,1339,3699,Silver,Kiosk
LOY000280,CUST0039,2023-11-20,redeem_upgrade,-434,3265,Silver,Web
LOY000281,CUST0039,2024-10-24,earn_flight,567,3832,Silver,Kiosk
LOY000282,CUST0039,2024-07-23,redeem_voucher,-1016,2816,Silver,Kiosk
LOY000283,CUST0039,2023-11-16,earn_flight,740,3556,Silver,Agent
LOY000284,CUST0039,2024-08-28,tier_upgrade,0,3556,Silver,Kiosk
LOY000285,CUST0039,2023-10-18,earn_flight,274,3830,Silver,App
LOY000286,CUST0039,2024-10-26,earn_flight,1613,5443,Silver,Agent
LOY000287,CUST0039,2023-12-22,earn_bonus,1301,6744,Silver,Agent
LOY000288,CUST0039,2023-12-14,earn_flight,1889,8633,Silver,Kiosk
LOY000289,CUST0039,2023-10-02,tier_upgrade,0,8633,Silver,Agent
LOY000290,CUST0040,2025-01-11,earn_flight,1444,3684,Silver,Kiosk
LOY000291,CUST0040,2024-03-27,redeem_voucher,-917,2767,Silver,Agent
LOY000292,CUST0040,2023-12-06,redeem_upgrade,-1375,1392,Silver,Web
LOY000293,CUST0041,2023-09-06,earn_bonus,1447,4004,Silver,Agent
LOY000294,CUST0041,2023-09-09,earn_flight,1539,5543,Silver,Agent
LOY000295,CUST0041,2024-07-23,earn_flight,471,6014,Silver,Web
LOY000296,CUST0041,2024-09-24,earn_flight,1617,7631,Silver,App
LOY000297,CUST0041,2023-11-12,redeem_upgrade,-640,6991,Silver,Kiosk
LOY000298,CUST0041,2024-10-13,earn_flight,422,7413,Silver,Agent
LOY000299,CUST0041,2024-06-25,redeem_upgrade,-1362,6051,Silver,App
LOY000300,CUST0041,2023-10-03,earn_flight,1645,7696,Silver,App
LOY000301,CUST0041,2023-11-02,earn_flight,1455,9151,Silver,Kiosk
LOY000302,CUST0041,2024-12-20,earn_bonus,948,10099,Silver,Agent
LOY000303,CUST0042,2023-12-05,earn_flight,327,548,Bronze,Agent
LOY000304,CUST0042,2024-12-21,earn_bonus,731,1279,Bronze,App
LOY000305,CUST0042,2024-03-23,earn_flight,1327,2606,Bronze,App
LOY000306,CUST0042,2023-08-18,earn_flight,532,3138,Bronze,Web
LOY000307,CUST0042,2024-04-28,earn_flight,345,3483,Bronze,App
LOY000308,CUST0042,2025-01-01,redeem_upgrade,-559,2924,Bronze,Web
LOY000309,CUST0042,2024-09-03,earn_bonus,571,3495,Bronze,Agent
LOY000310,CUST0042,2023-10-23,earn_flight,1619,5114,Bronze,App
LOY000311,CUST0042,2024-10-30,earn_flight,1986,7100,Bronze,App
LOY000312,CUST0042,2024-06-26,earn_bonus,1274,8374,Bronze,Kiosk
LOY000313,CUST0043,2024-10-11,earn_flight,929,1656,Bronze,App
LOY000314,CUST0043,2024-07-08,earn_flight,1365,3021,Bronze,Kiosk
LOY000315,CUST0043,2024-08-15,earn_flight,1829,4850,Bronze,App
LOY000316,CUST0043,2024-04-16,earn_flight,920,5770,Bronze,App
LOY000317,CUST0043,2024-09-19,redeem_voucher,-895,4875,Bronze,Web
LOY000318,CUST0043,2024-07-17,redeem_upgrade,-356,4519,Bronze,App
LOY000319,CUST0043,2025-01-14,earn_flight,1689,6208,Bronze,Agent
LOY000320,CUST0043,2024-08-04,redeem_upgrade,-502,5706,Bronze,Web
LOY000321,CUST0043,2023-11-24,earn_flight,504,6210,Bronze,Web
LOY000322,CUST0043,2024-01-14,redeem_upgrade,-354,5856,Bronze,Web
LOY000323,CUST0043,2024-12-28,earn_flight,1254,7110,Bronze,Kiosk
LOY000324,CUST0043,2024-07-06,redeem_voucher,-1484,5626,Bronze,Agent
LOY000325,CUST0044,2023-10-19,earn_flight,1393,1548,Bronze,Agent
LOY000326,CUST0044,2024-05-18,earn_bonus,820,2368,Bronze,App
LOY000327,CUST0044,2024-06-23,earn_flight,177,2545,Bronze,App
LOY000328,CUST0044,2024-08-22,redeem_voucher,-357,2188,Bronze,App
LOY000329,CUST0044,2025-01-11,earn_flight,1288,3476,Bronze,App
LOY000330,CUST0044,2024-11-13,redeem_voucher,-1370,2106,Bronze,Web
LOY000331,CUST0044,2024-07-05,earn_bonus,1126,3232,Bronze,Web
LOY000332,CUST0044,2023-10-13,earn_flight,1760,4992,Bronze,Agent
LOY000333,CUST0044,2023-11-05,earn_bonus,453,5445,Bronze,App
LOY000334,CUST0045,2024-11-02,earn_bonus,1348,1602,Bronze,Web
LOY000335,CUST0045,2024-08-17,earn_flight,679,2281,Bronze,Kiosk
LOY000336,CUST0045,2024-10-02,redeem_upgrade,-1424,857,Bronze,App
LOY000337,CUST0045,2024-07-18,earn_flight,293,1150,Bronze,Kiosk
LOY000338,CUST0045,2024-05-27,earn_flight,1844,2994,Bronze,Web
LOY000339,CUST0045,2024-07-17,earn_flight,1459,4453,Bronze,Web
LOY000340,CUST0045,2024-08-03,earn_flight,1443,5896,Bronze,Kiosk
LOY000341,CUST0045,2023-12-21,earn_bonus,273,6169,Bronze,Agent
LOY000342,CUST0045,2024-08-30,earn_bonus,772,6941,Bronze,Web
LOY000343,CUST0046,2024-10-17,earn_bonus,137,3093,Silver,Agent
LOY000344,CUST0046,2024-06-22,earn_flight,538,3631,Silver,Agent
LOY000345,CUST0046,2024-12-20,earn_flight,381,4012,Silver,Web
LOY000346,CUST0047,2023-11-22,earn_bonus,1205,2321,Silver,App
LOY000347,CUST0047,2024-07-20,redeem_voucher,-1465,856,Silver,Web
LOY000348,CUST0047,2024-08-30,earn_flight,470,1326,Silver,Web
LOY000349,CUST0047,2024-11-01,earn_flight,846,2172,Silver,Web
LOY000350,CUST0047,2024-11-07,earn_bonus,1640,3812,Silver,Kiosk
LOY000351,CUST0047,2024-04-06,earn_bonus,733,4545,Silver,Kiosk
LOY000352,CUST0048,2024-11-04,earn_flight,677,876,Bronze,Kiosk
LOY000353,CUST0048,2025-01-06,earn_bonus,431,1307,Bronze,Web
LOY000354,CUST0048,2023-12-30,redeem_voucher,-306,1001,Bronze,Kiosk
LOY000355,CUST0048,2024-08-25,earn_bonus,310,1311,Bronze,App
LOY000356,CUST0048,2024-05-28,earn_flight,428,1739,Bronze,Agent
LOY000357,CUST0048,2024-11-13,redeem_voucher,-501,1238,Bronze,Kiosk
LOY000358,CUST0048,2023-11-12,redeem_voucher,-654,584,Bronze,Kiosk
LOY000359,CUST0049,2024-10-08,earn_flight,1128,1486,Bronze,Agent
LOY000360,CUST0049,2024-04-08,earn_flight,267,1753,Bronze,Agent
LOY000361,CUST0050,2024-07-02,redeem_voucher,-886,0,Bronze,Web
LOY000362,CUST0050,2023-12-29,earn_flight,1978,1978,Bronze,Kiosk
LOY000363,CUST0051,2024-12-03,earn_flight,110,823,Bronze,App
LOY000364,CUST0051,2023-08-30,earn_flight,1810,2633,Bronze,Web
LOY000365,CUST0051,2025-02-01,earn_flight,1689,4322,Bronze,Agent
LOY000366,CUST0051,2024-04-10,earn_flight,197,4519,Bronze,Web
LOY000367,CUST0052,2024-11-21,earn_flight,1813,2243,Bronze,Kiosk
LOY000368,CUST0052,2023-08-27,earn_bonus,1277,3520,Bronze,Web
LOY000369,CUST0052,2024-01-05,earn_flight,103,3623,Bronze,Agent
LOY000370,CUST0052,2024-04-13,earn_bonus,483,4106,Bronze,App
LOY000371,CUST0052,2025-01-28,tier_upgrade,0,4106,Bronze,App
LOY000372,CUST0052,2025-01-30,earn_bonus,1710,5816,Bronze,App
LOY000373,CUST0052,2024-09-13,redeem_voucher,-289,5527,Bronze,Kiosk
LOY000374,CUST0052,2024-08-27,earn_flight,133,5660,Bronze,Agent
LOY000375,CUST0052,2023-10-19,earn_flight,1601,7261,Bronze,App
LOY000376,CUST0052,2024-07-16,earn_flight,821,8082,Bronze,Agent
LOY000377,CUST0052,2024-02-06,redeem_voucher,-1151,6931,Bronze,Kiosk
LOY000378,CUST0052,2024-02-13,redeem_voucher,-329,6602,Bronze,Kiosk
LOY000379,CUST0053,2024-03-04,earn_flight,508,546,Bronze,App
LOY000380,CUST0053,2024-06-29,redeem_voucher,-1255,0,Bronze,Kiosk
LOY000381,CUST0053,2024-12-07,earn_flight,1642,1642,Bronze,Web
LOY000382,CUST0053,2024-05-29,earn_flight,1699,3341,Bronze,App
LOY000383,CUST0053,2024-07-15,earn_flight,1737,5078,Bronze,Agent
LOY000384,CUST0053,2024-10-31,redeem_voucher,-1100,3978,Bronze,Kiosk
LOY000385,CUST0054,2024-12-31,redeem_upgrade,-952,0,Bronze,Agent
LOY000386,CUST0054,2023-11-03,redeem_upgrade,-361,0,Bronze,Kiosk
LOY000387,CUST0054,2024-02-11,earn_bonus,757,757,Bronze,App
LOY000388,CUST0054,2023-10-31,earn_flight,705,1462,Bronze,Agent
LOY000389,CUST0055,2024-10-20,earn_flight,1009,1466,Bronze,Agent
LOY000390,CUST0055,2024-11-10,earn_flight,1881,3347,Bronze,Agent
LOY000391,CUST0055,2024-10-29,earn_flight,1720,5067,Bronze,App
LOY000392,CUST0055,2023-10-26,redeem_upgrade,-1031,4036,Bronze,Agent
LOY000393,CUST0055,2025-01-17,redeem_voucher,-527,3509,Bronze,App
LOY000394,CUST0055,2024-01-04,redeem_voucher,-1097,2412,Bronze,App
LOY000395,CUST0055,2023-12-18,earn_flight,1694,4106,Bronze,Agent
LOY000396,CUST0055,2024-08-15,earn_flight,1261,5367,Bronze,App
LOY000397,CUST0055,2024-01-15,redeem_upgrade,-959,4408,Bronze,Agent
LOY000398,CUST0055,2024-11-07,redeem_upgrade,-1375,3033,Bronze,Web
LOY000399,CUST0055,2024-08-20,earn_flight,1430,4463,Bronze,Agent
LOY000400,CUST0056,2023-09-06,redeem_upgrade,-1222,3822,Gold,Kiosk
LOY000401,CUST0056,2023-12-09,earn_flight,633,4455,Gold,Kiosk
LOY000402,CUST0056,2024-03-17,tier_upgrade,0,4455,Gold,Agent
LOY000403,CUST0057,2024-03-02,earn_flight,1846,2557,Bronze,App
LOY000404,CUST0057,2024-11-15,earn_flight,1560,4117,Bronze,Kiosk
LOY000405,CUST0057,2023-11-08,redeem_voucher,-854,3263,Bronze,Agent
LOY000406,CUST0057,2023-10-16,earn_bonus,694,3957,Bronze,Agent
LOY000407,CUST0057,2024-01-19,redeem_upgrade,-556,3401,Bronze,Agent
LOY000408,CUST0057,2025-01-12,earn_flight,511,3912,Bronze,Web
LOY000409,CUST0057,2024-04-09,redeem_upgrade,-253,3659,Bronze,Agent
LOY000410,CUST0057,2024-08-22,earn_flight,1229,4888,Bronze,Web
LOY000411,CUST0057,2023-11-07,earn_flight,915,5803,Bronze,Kiosk
LOY000412,CUST0058,2024-10-03,redeem_voucher,-351,188,Bronze,Web
LOY000413,CUST0058,2024-06-30,earn_bonus,1021,1209,Bronze,Kiosk
LOY000414,CUST0058,2025-01-21,earn_flight,1898,3107,Bronze,Web
LOY000415,CUST0058,2023-12-21,earn_flight,1965,5072,Bronze,App
LOY000416,CUST0058,2023-12-16,earn_bonus,722,5794,Bronze,Web
LOY000417,CUST0058,2024-01-23,earn_flight,1552,7346,Bronze,Web
LOY000418,CUST0058,2024-07-30,redeem_voucher,-1262,6084,Bronze,Agent
LOY000419,CUST0058,2023-10-30,earn_flight,1400,7484,Bronze,Agent
LOY000420,CUST0059,2024-06-16,earn_bonus,291,420,Bronze,Web
LOY000421,CUST0059,2024-01-15,earn_flight,1378,1798,Bronze,Agent
LOY000422,CUST0059,2023-09-22,redeem_voucher,-258,1540,Bronze,App
LOY000423,CUST0059,2023-09-26,redeem_voucher,-1381,159,Bronze,Agent
LOY000424,CUST0059,2024-03-13,redeem_upgrade,-1053,0,Bronze,App
LOY000425,CUST0059,2025-01-01,redeem_voucher,-1317,0,Bronze,Agent
LOY000426,CUST0059,2024-06-15,earn_flight,1748,1748,Bronze,Kiosk
LOY000427,CUST0059,2024-06-10,earn_flight,1510,3258,Bronze,App
LOY000428,CUST0059,2024-01-19,earn_flight,1091,4349,Bronze,Kiosk
LOY000429,CUST0059,2024-03-06,earn_flight,394,4743,Bronze,Agent
LOY000430,CUST0059,2024-07-02,redeem_upgrade,-907,3836,Bronze,Kiosk
LOY000431,CUST0059,2023-12-22,redeem_upgrade,-1254,2582,Bronze,App
LOY000432,CUST0060,2024-11-30,earn_flight,1020,3127,Silver,Web
LOY000433,CUST0060,2024-01-02,earn_flight,694,3821,Silver,Kiosk
LOY000434,CUST0060,2024-10-12,earn_flight,1872,5693,Silver,Web
LOY000435,CUST0060,2024-07-11,redeem_voucher,-840,4853,Silver,Web
LOY000436,CUST0060,2024-01-21,earn_flight,1154,6007,Silver,Kiosk
LOY000437,CUST0061,2025-01-01,earn_flight,905,3747,Silver,Kiosk
LOY000438,CUST0061,2024-04-13,earn_flight,822,4569,Silver,App
LOY000439,CUST0061,2023-10-01,earn_flight,1323,5892,Silver,Kiosk
LOY000440,CUST0061,2024-05-29,earn_bonus,1835,7727,Silver,App
LOY000441,CUST0061,2024-10-25,earn_flight,641,8368,Silver,Agent
LOY000442,CUST0061,2024-09-26,earn_flight,920,9288,Silver,App
LOY000443,CUST0062,2024-02-26,earn_flight,691,1275,Bronze,App
LOY000444,CUST0062,2024-09-09,earn_bonus,1665,2940,Bronze,Agent
LOY000445,CUST0062,2023-12-10,earn_flight,298,3238,Bronze,Kiosk
LOY000446,CUST0062,2024-08-27,redeem_upgrade,-894,2344,Bronze,Agent
LOY000447,CUST0062,2024-01-05,earn_flight,1142,3486,Bronze,Kiosk
LOY000448,CUST0062,2025-01-04,earn_flight,179,3665,Bronze,Web
LOY000449,CUST0062,2024-07-17,redeem_voucher,-1263,2402,Bronze,Kiosk
LOY000450,CUST0062,2024-01-10,earn_bonus,1155,3557,Bronze,Web
LOY000451,CUST0062,2024-07-11,redeem_voucher,-852,2705,Bronze,Web
LOY000452,CUST0062,2024-09-16,tier_upgrade,0,2705,Bronze,Agent
LOY000453,CUST0063,2025-01-11,redeem_voucher,-1290,0,Bronze,Kiosk
LOY000454,CUST0063,2024-06-12,earn_flight,134,134,Bronze,Agent
LOY000455,CUST0063,2024-07-15,redeem_upgrade,-1053,0,Bronze,Agent
LOY000456,CUST0063,2023-09-07,earn_bonus,643,643,Bronze,Web
LOY000457,CUST0063,2023-10-02,earn_bonus,449,1092,Bronze,Kiosk
LOY000458,CUST0063,2024-01-09,redeem_voucher,-696,396,Bronze,App
LOY000459,CUST0063,2023-12-01,earn_flight,1003,1399,Bronze,Agent
LOY000460,CUST0064,2024-10-06,redeem_upgrade,-1040,0,Bronze,Kiosk
LOY000461,CUST0064,2023-10-13,redeem_upgrade,-1262,0,Bronze,Web
LOY000462,CUST0064,2024-07-08,tier_upgrade,0,0,Bronze,Kiosk
LOY000463,CUST0064,2025-01-30,earn_flight,454,454,Bronze,Kiosk
LOY000464,CUST0065,2024-08-07,redeem_upgrade,-741,0,Bronze,Kiosk
LOY000465,CUST0065,2024-02-23,tier_upgrade,0,0,Bronze,Agent
LOY000466,CUST0065,2024-06-11,earn_flight,709,709,Bronze,Agent
LOY000467,CUST0065,2024-03-10,redeem_upgrade,-1201,0,Bronze,Agent
LOY000468,CUST0065,2024-12-14,earn_flight,1728,1728,Bronze,Agent
LOY000469,CUST0065,2024-05-31,earn_flight,1485,3213,Bronze,Kiosk
LOY000470,CUST0065,2024-09-18,redeem_voucher,-499,2714,Bronze,Agent
LOY000471,CUST0066,2023-10-30,earn_flight,1005,1049,Bronze,Agent
LOY000472,CUST0066,2024-12-13,earn_flight,1795,2844,Bronze,Agent
LOY000473,CUST0066,2024-05-15,earn_flight,1360,4204,Bronze,Web
LOY000474,CUST0066,2024-04-15,earn_flight,1953,6157,Bronze,Web
LOY000475,CUST0066,2024-04-05,earn_flight,946,7103,Bronze,Agent
LOY000476,CUST0066,2024-12-06,earn_flight,1678,8781,Bronze,Web
LOY000477,CUST0067,2024-01-19,earn_flight,1903,1909,Bronze,Kiosk
LOY000478,CUST0067,2024-12-11,redeem_upgrade,-788,1121,Bronze,Agent
LOY000479,CUST0067,2024-05-29,earn_bonus,1959,3080,Bronze,App
LOY000480,CUST0067,2024-04-04,earn_bonus,1580,4660,Bronze,App
LOY000481,CUST0067,2024-02-06,earn_flight,1815,6475,Bronze,Web
LOY000482,CUST0067,2023-09-17,tier_upgrade,0,6475,Bronze,Kiosk
LOY000483,CUST0067,2024-12-30,earn_flight,1633,8108,Bronze,Agent
LOY000484,CUST0067,2023-09-18,earn_flight,1263,9371,Bronze,App
LOY000485,CUST0067,2024-07-19,earn_flight,1413,10784,Bronze,Kiosk
LOY000486,CUST0067,2023-12-26,redeem_voucher,-1158,9626,Bronze,Agent
LOY000487,CUST0068,2024-07-14,earn_flight,1039,5618,Gold,Agent
LOY000488,CUST0068,2024-02-17,earn_flight,790,6408,Gold,Agent
LOY000489,CUST0068,2024-02-24,earn_flight,1853,8261,Gold,Kiosk
LOY000490,CUST0069,2024-07-11,earn_flight,1470,4021,Silver,App
LOY000491,CUST0069,2024-02-16,tier_upgrade,0,4021,Silver,Kiosk
LOY000492,CUST0069,2024-07-07,redeem_voucher,-213,3808,Silver,Agent
LOY000493,CUST0069,2024-09-06,earn_flight,1643,5451,Silver,Agent
LOY000494,CUST0069,2024-07-13,earn_flight,1580,7031,Silver,App
LOY000495,CUST0069,2024-05-04,redeem_upgrade,-683,6348,Silver,App
LOY000496,CUST0069,2023-12-10,earn_flight,427,6775,Silver,Kiosk
LOY000497,CUST0069,2025-01-06,redeem_voucher,-836,5939,Silver,App
LOY000498,CUST0069,2024-06-08,earn_flight,552,6491,Silver,Web
LOY000499,CUST0069,2023-12-25,earn_flight,1031,7522,Silver,Agent
LOY000500,CUST0070,2024-12-05,redeem_upgrade,-647,0,Bronze,Web
LOY000501,CUST0070,2023-11-02,earn_bonus,1181,1181,Bronze,Agent
LOY000502,CUST0070,2023-10-29,redeem_voucher,-429,752,Bronze,App
LOY000503,CUST0070,2025-01-09,earn_flight,1199,1951,Bronze,Web
LOY000504,CUST0070,2024-01-26,earn_flight,1165,3116,Bronze,Kiosk
LOY000505,CUST0070,2023-12-08,redeem_upgrade,-1394,1722,Bronze,Kiosk
LOY000506,CUST0070,2023-11-12,redeem_voucher,-1112,610,Bronze,App
LOY000507,CUST0070,2024-11-17,earn_flight,950,1560,Bronze,Kiosk
LOY000508,CUST0070,2023-10-09,earn_bonus,1477,3037,Bronze,Agent
LOY000509,CUST0070,2023-09-02,earn_flight,1772,4809,Bronze,App
LOY000510,CUST0071,2023-10-24,earn_flight,805,1569,Bronze,App
LOY000511,CUST0071,2023-10-11,redeem_voucher,-341,1228,Bronze,Kiosk
LOY000512,CUST0071,2023-09-12,earn_flight,468,1696,Bronze,Web
LOY000513,CUST0071,2024-10-14,earn_flight,1925,3621,Bronze,Kiosk
LOY000514,CUST0071,2024-11-12,redeem_voucher,-973,2648,Bronze,Kiosk
LOY000515,CUST0072,2023-12-25,redeem_upgrade,-912,0,Bronze,App
LOY000516,CUST0072,2024-02-09,tier_upgrade,0,0,Bronze,Kiosk
LOY000517,CUST0072,2023-12-19,redeem_upgrade,-656,0,Bronze,App
LOY000518,CUST0072,2023-09-03,tier_upgrade,0,0,Bronze,Kiosk
LOY000519,CUST0072,2024-10-18,earn_bonus,1786,1786,Bronze,Web
LOY000520,CUST0072,2024-04-20,earn_flight,417,2203,Bronze,Agent
LOY000521,CUST0072,2024-02-20,redeem_voucher,-431,1772,Bronze,App
LOY000522,CUST0072,2024-10-13,earn_bonus,1909,3681,Bronze,App
LOY000523,CUST0072,2024-04-13,earn_flight,306,3987,Bronze,App
LOY000524,CUST0072,2024-11-10,earn_bonus,1540,5527,Bronze,App
LOY000525,CUST0072,2024-04-17,redeem_upgrade,-1023,4504,Bronze,Kiosk
LOY000526,CUST0072,2024-04-06,earn_bonus,1644,6148,Bronze,App
LOY000527,CUST0073,2024-06-02,earn_flight,1976,2120,Bronze,Agent
LOY000528,CUST0073,2024-07-04,earn_flight,1894,4014,Bronze,Web
LOY000529,CUST0073,2025-01-25,earn_flight,715,4729,Bronze,Agent
LOY000530,CUST0073,2023-10-12,earn_bonus,1311,6040,Bronze,Web
LOY000531,CUST0073,2024-10-21,earn_bonus,196,6236,Bronze,Agent
LOY000532,CUST0073,2024-09-04,redeem_upgrade,-852,5384,Bronze,Kiosk
LOY000533,CUST0073,2024-10-02,earn_flight,870,6254,Bronze,Web
LOY000534,CUST0073,2024-12-07,earn_flight,561,6815,Bronze,Agent
LOY000535,CUST0073,2024-01-05,redeem_voucher,-318,6497,Bronze,Kiosk
LOY000536,CUST0073,2024-10-10,earn_bonus,374,6871,Bronze,Kiosk
LOY000537,CUST0074,2024-03-06,earn_flight,261,2055,Silver,Kiosk
LOY000538,CUST0074,2024-08-24,earn_flight,1583,3638,Silver,Web
LOY000539,CUST0074,2023-10-02,earn_flight,1479,5117,Silver,App
LOY000540,CUST0074,2023-10-24,earn_flight,1659,6776,Silver,Web
LOY000541,CUST0074,2024-12-13,earn_flight,1957,8733,Silver,Agent
LOY000542,CUST0074,2024-06-16,tier_upgrade,0,8733,Silver,App
LOY000543,CUST0075,2023-12-09,redeem_upgrade,-1180,3555,Gold,Web
LOY000544,CUST0075,2024-03-07,earn_flight,590,4145,Gold,Agent
LOY000545,CUST0075,2024-05-26,earn_flight,1192,5337,Gold,Agent
LOY000546,CUST0075,2024-06-21,earn_flight,1150,6487,Gold,Kiosk
LOY000547,CUST0075,2024-11-30,earn_flight,1579,8066,Gold,Kiosk
LOY000548,CUST0076,2024-03-06,earn_flight,947,1727,Bronze,App
LOY000549,CUST0076,2024-03-24,redeem_upgrade,-233,1494,Bronze,Agent
LOY000550,CUST0076,2024-10-11,earn_flight,501,1995,Bronze,Agent
LOY000551,CUST0076,2024-04-02,earn_flight,1806,3801,Bronze,Web
LOY000552,CUST0076,2025-01-03,earn_bonus,1502,5303,Bronze,Agent
LOY000553,CUST0076,2024-04-30,redeem_upgrade,-1200,4103,Bronze,Kiosk
LOY000554,CUST0076,2024-11-24,earn_flight,1728,5831,Bronze,Agent
LOY000555,CUST0077,2024-12-23,earn_flight,1921,6307,Gold,App
LOY000556,CUST0077,2025-01-28,earn_flight,1834,8141,Gold,App
LOY000557,CUST0077,2023-09-29,redeem_upgrade,-1044,7097,Gold,Web
LOY000558,CUST0077,2024-04-03,earn_flight,409,7506,Gold,App
LOY000559,CUST0078,2024-11-19,earn_flight,1365,6156,Gold,Kiosk
LOY000560,CUST0078,2024-12-22,earn_flight,1189,7345,Gold,Kiosk
LOY000561,CUST0078,2023-08-23,earn_flight,1579,8924,Gold,Agent
LOY000562,CUST0078,2024-05-30,earn_flight,1765,10689,Gold,Kiosk
LOY000563,CUST0078,2024-02-10,earn_flight,297,10986,Gold,Web
LOY000564,CUST0078,2024-04-13,earn_flight,1178,12164,Gold,Agent
LOY000565,CUST0078,2024-08-07,earn_flight,912,13076,Gold,App
LOY000566,CUST0078,2024-08-27,tier_upgrade,0,13076,Gold,Kiosk
LOY000567,CUST0078,2024-04-16,tier_upgrade,0,13076,Gold,Web
LOY000568,CUST0078,2024-06-13,redeem_upgrade,-365,12711,Gold,App
LOY000569,CUST0079,2024-09-02,earn_flight,1074,2256,Silver,App
LOY000570,CUST0079,2023-08-20,redeem_upgrade,-369,1887,Silver,Kiosk
LOY000571,CUST0079,2024-10-28,earn_bonus,778,2665,Silver,App
LOY000572,CUST0079,2025-02-01,redeem_voucher,-670,1995,Silver,Web
LOY000573,CUST0079,2024-12-09,earn_flight,1992,3987,Silver,App
LOY000574,CUST0079,2024-05-24,redeem_voucher,-1354,2633,Silver,App
LOY000575,CUST0079,2024-02-10,redeem_voucher,-844,1789,Silver,App
LOY000576,CUST0079,2024-03-10,earn_bonus,1640,3429,Silver,Kiosk
LOY000577,CUST0080,2024-01-24,earn_bonus,1260,1339,Bronze,Kiosk
LOY000578,CUST0080,2024-07-15,earn_flight,1614,2953,Bronze,Web
LOY000579,CUST0080,2023-10-30,earn_bonus,808,3761,Bronze,App
LOY000580,CUST0080,2023-11-19,earn_flight,1817,5578,Bronze,App
LOY000581,CUST0080,2024-07-24,earn_bonus,1357,6935,Bronze,Kiosk
LOY000582,CUST0080,2024-07-10,earn_flight,659,7594,Bronze,Kiosk
LOY000583,CUST0081,2024-08-09,earn_bonus,868,7887,Gold,Kiosk
LOY000584,CUST0081,2024-02-17,redeem_upgrade,-978,6909,Gold,App
LOY000585,CUST0081,2024-06-08,redeem_upgrade,-350,6559,Gold,App
LOY000586,CUST0081,2024-05-11,earn_flight,1557,8116,Gold,Web
LOY000587,CUST0081,2024-09-12,earn_flight,318,8434,Gold,App
LOY000588,CUST0082,2024-11-08,earn_flight,652,1473,Silver,App
LOY000589,CUST0082,2023-12-24,earn_flight,982,2455,Silver,Kiosk
LOY000590,CUST0082,2025-01-16,earn_flight,153,2608,Silver,App
LOY000591,CUST0082,2024-08-07,earn_bonus,1322,3930,Silver,Agent
LOY000592,CUST0082,2024-09-08,earn_flight,947,4877,Silver,Kiosk
LOY000593,CUST0082,2023-11-05,redeem_upgrade,-1345,3532,Silver,Web
LOY000594,CUST0083,2024-01-31,redeem_upgrade,-547,39,Bronze,Web
LOY000595,CUST0083,2024-05-12,earn_flight,1109,1148,Bronze,Web
LOY000596,CUST0083,2023-10-14,earn_flight,665,1813,Bronze,Kiosk
LOY000597,CUST0083,2024-06-12,earn_flight,257,2070,Bronze,Agent
LOY000598,CUST0083,2024-04-24,redeem_voucher,-1480,590,Bronze,Kiosk
LOY000599,CUST0083,2024-02-27,earn_flight,377,967,Bronze,Agent
LOY000600,CUST0083,2023-08-17,redeem_voucher,-880,87,Bronze,Kiosk
LOY000601,CUST0083,2024-07-13,earn_flight,981,1068,Bronze,Web
LOY000602,CUST0083,2024-06-13,earn_flight,1523,2591,Bronze,Web
LOY000603,CUST0083,2024-12-13,earn_flight,915,3506,Bronze,Agent
LOY000604,CUST0084,2024-12-25,tier_upgrade,0,1993,Silver,Web
LOY000605,CUST0084,2024-07-09,earn_flight,1772,3765,Silver,Kiosk
LOY000606,CUST0084,2024-08-18,earn_flight,1254,5019,Silver,Web
LOY000607,CUST0084,2024-02-11,redeem_upgrade,-1326,3693,Silver,App
LOY000608,CUST0084,2024-11-25,redeem_voucher,-629,3064,Silver,Kiosk
LOY000609,CUST0084,2024-06-04,redeem_voucher,-341,2723,Silver,Kiosk
LOY000610,CUST0084,2025-01-03,earn_flight,720,3443,Silver,Web
LOY000611,CUST0084,2024-04-25,redeem_upgrade,-1066,2377,Silver,Kiosk
LOY000612,CUST0084,2023-10-25,earn_flight,1324,3701,Silver,Kiosk
LOY000613,CUST0084,2024-09-24,earn_bonus,1991,5692,Silver,Kiosk
LOY000614,CUST0084,2023-09-17,redeem_upgrade,-936,4756,Silver,App
LOY000615,CUST0084,2023-11-30,redeem_upgrade,-927,3829,Silver,Web
LOY000616,CUST0085,2023-09-25,earn_bonus,1421,2084,Bronze,Kiosk
LOY000617,CUST0085,2024-07-15,tier_upgrade,0,2084,Bronze,Kiosk
LOY000618,CUST0085,2023-11-27,earn_flight,629,2713,Bronze,Web
LOY000619,CUST0085,2025-01-14,redeem_upgrade,-1342,1371,Bronze,Web
LOY000620,CUST0085,2024-11-09,earn_flight,1048,2419,Bronze,Web
LOY000621,CUST0085,2024-07-29,tier_upgrade,0,2419,Bronze,Kiosk
LOY000622,CUST0085,2023-11-26,earn_flight,1985,4404,Bronze,App
LOY000623,CUST0085,2023-12-07,redeem_voucher,-490,3914,Bronze,Agent
LOY000624,CUST0085,2024-06-25,earn_flight,1706,5620,Bronze,Web
LOY000625,CUST0085,2025-01-25,earn_flight,1075,6695,Bronze,App
LOY000626,CUST0085,2024-11-01,redeem_upgrade,-1126,5569,Bronze,Agent
LOY000627,CUST0086,2023-09-25,redeem_voucher,-435,0,Bronze,App
LOY000628,CUST0086,2024-07-27,earn_bonus,1486,1486,Bronze,Web
LOY000629,CUST0086,2024-04-16,earn_bonus,1230,2716,Bronze,Web
LOY000630,CUST0086,2024-07-14,earn_bonus,1046,3762,Bronze,Web
LOY000631,CUST0086,2024-09-28,earn_bonus,481,4243,Bronze,Kiosk
LOY000632,CUST0086,2024-09-19,earn_flight,1357,5600,Bronze,Web
LOY000633,CUST0087,2024-10-23,earn_flight,1543,4184,Silver,Web
LOY000634,CUST0087,2024-03-08,earn_flight,1541,5725,Silver,App
LOY000635,CUST0087,2023-11-23,redeem_upgrade,-1299,4426,Silver,Web
LOY000636,CUST0087,2024-08-19,earn_flight,1037,5463,Silver,App
LOY000637,CUST0087,2024-05-05,redeem_upgrade,-1202,4261,Silver,Agent
LOY000638,CUST0087,2024-09-11,earn_bonus,1302,5563,Silver,App
LOY000639,CUST0087,2024-08-01,earn_flight,1037,6600,Silver,Web
LOY000640,CUST0087,2024-06-10,redeem_voucher,-1408,5192,Silver,App
LOY000641,CUST0087,2023-12-26,earn_flight,588,5780,Silver,Agent
LOY000642,CUST0087,2023-12-08,earn_flight,1520,7300,Silver,Web
LOY000643,CUST0087,2025-01-15,earn_flight,1321,8621,Silver,Web
LOY000644,CUST0088,2024-10-17,earn_flight,1401,1990,Bronze,Web
LOY000645,CUST0088,2024-01-28,earn_flight,387,2377,Bronze,Web
LOY000646,CUST0088,2024-06-28,redeem_voucher,-1468,909,Bronze,App
LOY000647,CUST0088,2024-08-12,tier_upgrade,0,909,Bronze,Kiosk
LOY000648,CUST0088,2023-12-28,earn_flight,886,1795,Bronze,Kiosk
LOY000649,CUST0088,2024-10-02,redeem_upgrade,-1051,744,Bronze,Kiosk
LOY000650,CUST0088,2024-12-23,earn_flight,1257,2001,Bronze,App
LOY000651,CUST0088,2024-03-23,earn_flight,662,2663,Bronze,Web
LOY000652,CUST0089,2024-01-30,redeem_upgrade,-1358,0,Bronze,Kiosk
LOY000653,CUST0089,2025-01-15,earn_flight,333,333,Bronze,Agent
LOY000654,CUST0089,2024-08-20,earn_bonus,1649,1982,Bronze,App
LOY000655,CUST0089,2024-11-04,earn_bonus,970,2952,Bronze,App
LOY000656,CUST0089,2024-04-20,earn_flight,166,3118,Bronze,Kiosk
LOY000657,CUST0089,2024-05-06,earn_flight,1772,4890,Bronze,App
LOY000658,CUST0090,2024-04-09,earn_flight,1610,8206,Gold,Agent
LOY000659,CUST0090,2024-10-22,earn_flight,385,8591,Gold,Web
LOY000660,CUST0090,2024-03-09,redeem_voucher,-1367,7224,Gold,Agent
LOY000661,CUST0091,2024-01-30,earn_flight,1541,2087,Bronze,Agent
LOY000662,CUST0091,2024-06-02,earn_bonus,1857,3944,Bronze,App
LOY000663,CUST0091,2023-12-27,tier_upgrade,0,3944,Bronze,Kiosk
LOY000664,CUST0091,2023-10-10,tier_upgrade,0,3944,Bronze,Web
LOY000665,CUST0091,2023-12-24,earn_flight,1556,5500,Bronze,Agent
LOY000666,CUST0091,2024-04-20,redeem_upgrade,-1004,4496,Bronze,Kiosk
LOY000667,CUST0092,2024-05-12,earn_bonus,868,1014,Bronze,Kiosk
LOY000668,CUST0092,2023-10-27,earn_bonus,1902,2916,Bronze,App
LOY000669,CUST0092,2024-09-26,earn_bonus,669,3585,Bronze,Agent
LOY000670,CUST0092,2024-11-18,tier_upgrade,0,3585,Bronze,Agent
LOY000671,CUST0092,2023-08-13,redeem_voucher,-390,3195,Bronze,Kiosk
LOY000672,CUST0092,2024-08-11,redeem_voucher,-1294,1901,Bronze,Kiosk
LOY000673,CUST0092,2024-03-21,tier_upgrade,0,1901,Bronze,Web
LOY000674,CUST0092,2024-12-29,earn_flight,1796,3697,Bronze,Agent
LOY000675,CUST0092,2024-07-21,earn_bonus,367,4064,Bronze,Kiosk
LOY000676,CUST0092,2024-07-27,redeem_voucher,-299,3765,Bronze,App
LOY000677,CUST0092,2023-11-20,earn_bonus,1813,5578,Bronze,Kiosk
LOY000678,CUST0093,2024-01-19,earn_flight,101,118,Bronze,Kiosk
LOY000679,CUST0093,2024-03-05,tier_upgrade,0,118,Bronze,Web
LOY000680,CUST0093,2024-06-15,earn_flight,1895,2013,Bronze,Agent
LOY000681,CUST0094,2024-08-14,earn_flight,861,957,Bronze,Web
LOY000682,CUST0094,2023-10-03,earn_flight,725,1682,Bronze,Web
LOY000683,CUST0094,2024-10-23,redeem_upgrade,-394,1288,Bronze,App
LOY000684,CUST0094,2024-03-16,earn_flight,371,1659,Bronze,Web
LOY000685,CUST0094,2025-01-23,redeem_upgrade,-219,1440,Bronze,App
LOY000686,CUST0094,2024-07-27,redeem_voucher,-1064,376,Bronze,Web
LOY000687,CUST0094,2024-12-12,earn_flight,884,1260,Bronze,App
LOY000688,CUST0094,2023-11-23,earn_flight,852,2112,Bronze,Agent
LOY000689,CUST0094,2023-12-29,earn_flight,1765,3877,Bronze,Web
LOY000690,CUST0094,2024-01-04,earn_flight,1253,5130,Bronze,App
LOY000691,CUST0094,2024-01-26,earn_flight,1579,6709,Bronze,Web
LOY000692,CUST0094,2024-01-13,redeem_voucher,-1461,5248,Bronze,Kiosk
LOY000693,CUST0095,2023-11-21,earn_flight,352,575,Bronze,Kiosk
LOY000694,CUST0095,2024-08-04,tier_upgrade,0,575,Bronze,Agent
LOY000695,CUST0095,2024-01-01,earn_flight,1420,1995,Bronze,App
LOY000696,CUST0096,2024-05-28,redeem_upgrade,-254,1,Bronze,Agent
LOY000697,CUST0096,2024-03-08,earn_bonus,1143,1144,Bronze,Web
LOY000698,CUST0096,2024-09-15,earn_flight,211,1355,Bronze,Web
LOY000699,CUST0096,2024-12-29,earn_flight,593,1948,Bronze,Kiosk
LOY000700,CUST0096,2023-10-22,earn_bonus,124,2072,Bronze,Agent
LOY000701,CUST0096,2024-06-30,earn_flight,1862,3934,Bronze,Kiosk
LOY000702,CUST0096,2024-08-19,earn_bonus,453,4387,Bronze,Kiosk
LOY000703,CUST0096,2023-10-24,earn_flight,238,4625,Bronze,App
LOY000704,CUST0096,2024-05-05,earn_flight,1989,6614,Bronze,App
LOY000705,CUST0096,2024-09-21,earn_bonus,1387,8001,Bronze,Kiosk
LOY000706,CUST0097,2023-11-03,earn_bonus,1201,1635,Bronze,Web
LOY000707,CUST0097,2024-05-21,earn_flight,261,1896,Bronze,Web
LOY000708,CUST0097,2024-01-17,earn_bonus,900,2796,Bronze,App
LOY000709,CUST0097,2024-06-23,redeem_upgrade,-688,2108,Bronze,App
LOY000710,CUST0097,2024-04-17,earn_flight,989,3097,Bronze,App
LOY000711,CUST0097,2024-11-17,earn_bonus,212,3309,Bronze,Agent
LOY000712,CUST0097,2024-02-06,earn_flight,1549,4858,Bronze,Web
LOY000713,CUST0097,2023-08-22,earn_flight,810,5668,Bronze,Agent
LOY000714,CUST0098,2023-12-18,redeem_upgrade,-750,3617,Gold,App
LOY000715,CUST0098,2023-09-10,earn_flight,979,4596,Gold,Agent
LOY000716,CUST0098,2025-01-28,earn_flight,1558,6154,Gold,App
LOY000717,CUST0098,2024-12-31,earn_flight,837,6991,Gold,App
LOY000718,CUST0098,2025-01-03,redeem_voucher,-541,6450,Gold,Agent
LOY000719,CUST0098,2024-01-19,earn_flight,310,6760,Gold,App
LOY000720,CUST0098,2024-03-31,redeem_upgrade,-205,6555,Gold,App
LOY000721,CUST0099,2023-09-27,earn_flight,884,897,Bronze,Web
LOY000722,CUST0099,2024-02-10,redeem_voucher,-272,625,Bronze,Kiosk
LOY000723,CUST0099,2024-03-27,earn_flight,952,1577,Bronze,Agent
LOY000724,CUST0099,2024-05-14,redeem_voucher,-1370,207,Bronze,Agent
LOY000725,CUST0099,2023-12-11,earn_bonus,1947,2154,Bronze,App
LOY000726,CUST0100,2025-01-20,tier_upgrade,0,4469,Gold,Kiosk
LOY000727,CUST0100,2023-10-20,redeem_voucher,-778,3691,Gold,Agent
LOY000728,CUST0100,2024-07-11,earn_flight,1035,4726,Gold,App
LOY000729,CUST0100,2024-08-22,earn_flight,1254,5980,Gold,Agent
LOY000730,CUST0100,2024-04-15,earn_flight,1311,7291,Gold,Kiosk
LOY000731,CUST0101,2024-04-18,earn_flight,939,1731,Bronze,App
LOY000732,CUST0101,2024-04-05,earn_bonus,1402,3133,Bronze,App
LOY000733,CUST0101,2024-07-19,earn_flight,1446,4579,Bronze,Kiosk
LOY000734,CUST0101,2024-06-20,earn_flight,1185,5764,Bronze,Web
LOY000735,CUST0101,2024-10-13,earn_flight,222,5986,Bronze,Web
LOY000736,CUST0102,2023-11-14,earn_flight,574,1303,Bronze,Kiosk
LOY000737,CUST0102,2024-08-26,earn_flight,1631,2934,Bronze,App
LOY000738,CUST0102,2023-11-16,earn_bonus,1405,4339,Bronze,Kiosk
LOY000739,CUST0102,2023-10-26,earn_bonus,227,4566,Bronze,Kiosk
LOY000740,CUST0102,2023-12-22,earn_flight,634,5200,Bronze,Agent
LOY000741,CUST0102,2024-09-16,redeem_upgrade,-868,4332,Bronze,Agent
LOY000742,CUST0103,2024-04-06,earn_flight,515,3169,Silver,Web
LOY000743,CUST0103,2023-11-30,earn_flight,436,3605,Silver,Kiosk
LOY000744,CUST0103,2024-11-30,earn_flight,347,3952,Silver,Agent
LOY000745,CUST0103,2024-03-10,earn_flight,1048,5000,Silver,Agent
LOY000746,CUST0103,2023-12-11,earn_flight,1753,6753,Silver,Agent
LOY000747,CUST0103,2023-09-21,earn_flight,1854,8607,Silver,Agent
LOY000748,CUST0104,2024-04-21,tier_upgrade,0,1407,Silver,Kiosk
LOY000749,CUST0104,2025-01-17,earn_flight,712,2119,Silver,Agent
LOY000750,CUST0104,2024-02-05,earn_flight,928,3047,Silver,Kiosk
LOY000751,CUST0105,2024-04-22,earn_flight,308,878,Bronze,Web
LOY000752,CUST0105,2023-12-13,earn_flight,1800,2678,Bronze,Web
LOY000753,CUST0105,2023-12-22,earn_flight,920,3598,Bronze,Agent
LOY000754,CUST0105,2023-11-05,earn_bonus,630,4228,Bronze,App
LOY000755,CUST0105,2023-09-02,tier_upgrade,0,4228,Bronze,Web
LOY000756,CUST0105,2024-11-07,redeem_voucher,-388,3840,Bronze,Agent
LOY000757,CUST0105,2023-12-14,earn_flight,1044,4884,Bronze,App
LOY000758,CUST0105,2024-01-30,redeem_voucher,-1087,3797,Bronze,Kiosk
LOY000759,CUST0105,2024-12-31,earn_flight,1499,5296,Bronze,Kiosk
LOY000760,CUST0105,2024-02-03,earn_flight,1960,7256,Bronze,Web
LOY000761,CUST0106,2024-11-09,redeem_voucher,-270,12,Bronze,Web
LOY000762,CUST0106,2024-06-08,earn_flight,1907,1919,Bronze,Kiosk
LOY000763,CUST0106,2023-10-12,earn_flight,884,2803,Bronze,Web
LOY000764,CUST0106,2024-10-13,earn_flight,1911,4714,Bronze,Web
LOY000765,CUST0106,2023-08-30,tier_upgrade,0,4714,Bronze,Agent
LOY000766,CUST0106,2024-12-14,earn_bonus,1092,5806,Bronze,Agent
LOY000767,CUST0107,2024-07-05,earn_flight,468,1048,Bronze,App
LOY000768,CUST0107,2024-07-02,earn_bonus,160,1208,Bronze,Agent
LOY000769,CUST0107,2023-10-09,redeem_voucher,-1166,42,Bronze,Agent
LOY000770,CUST0107,2024-04-05,tier_upgrade,0,42,Bronze,App
LOY000771,CUST0107,2024-04-20,redeem_upgrade,-745,0,Bronze,App
LOY000772,CUST0107,2024-03-22,earn_bonus,1733,1733,Bronze,Kiosk
LOY000773,CUST0107,2024-08-08,redeem_voucher,-555,1178,Bronze,Web
LOY000774,CUST0107,2024-04-09,earn_bonus,1751,2929,Bronze,Agent
LOY000775,CUST0107,2023-09-08,redeem_upgrade,-920,2009,Bronze,Web
LOY000776,CUST0107,2024-02-19,redeem_voucher,-1208,801,Bronze,Agent
LOY000777,CUST0108,2023-09-18,earn_flight,576,5014,Gold,Web
LOY000778,CUST0108,2023-08-31,earn_bonus,101,5115,Gold,Agent
LOY000779,CUST0108,2024-03-04,redeem_voucher,-897,4218,Gold,Web
LOY000780,CUST0108,2024-07-07,earn_flight,402,4620,Gold,Web
LOY000781,CUST0108,2023-12-02,redeem_voucher,-947,3673,Gold,App
LOY000782,CUST0108,2024-08-27,redeem_upgrade,-1010,2663,Gold,App
LOY000783,CUST0108,2024-07-20,earn_flight,379,3042,Gold,Web
LOY000784,CUST0108,2024-10-31,redeem_upgrade,-1197,1845,Gold,Agent
LOY000785,CUST0108,2024-02-05,redeem_upgrade,-1350,495,Gold,Agent
LOY000786,CUST0109,2024-02-06,earn_flight,1603,6431,Gold,Agent
LOY000787,CUST0109,2023-12-19,earn_flight,103,6534,Gold,Kiosk
LOY000788,CUST0109,2023-09-13,earn_flight,751,7285,Gold,Web
LOY000789,CUST0109,2023-11-25,redeem_voucher,-488,6797,Gold,Agent
LOY000790,CUST0109,2023-10-29,earn_flight,754,7551,Gold,Web
LOY000791,CUST0109,2023-11-09,redeem_voucher,-887,6664,Gold,Kiosk
LOY000792,CUST0109,2023-08-22,earn_flight,611,7275,Gold,App
LOY000793,CUST0109,2024-08-03,earn_flight,321,7596,Gold,App
LOY000794,CUST0109,2023-09-29,earn_flight,1600,9196,Gold,Kiosk
LOY000795,CUST0109,2024-01-28,redeem_voucher,-1209,7987,Gold,Kiosk
LOY000796,CUST0109,2024-08-04,earn_bonus,307,8294,Gold,Kiosk
LOY000797,CUST0109,2024-03-28,earn_flight,250,8544,Gold,App
LOY000798,CUST0110,2024-07-02,earn_flight,314,616,Bronze,App
LOY000799,CUST0110,2024-07-26,earn_flight,868,1484,Bronze,Web
LOY000800,CUST0111,2023-11-14,earn_flight,1356,2463,Silver,Kiosk
LOY000801,CUST0111,2023-09-11,earn_flight,1438,3901,Silver,Web
LOY000802,CUST0111,2024-10-28,earn_flight,307,4208,Silver,Agent
LOY000803,CUST0111,2024-03-08,tier_upgrade,0,4208,Silver,Kiosk
LOY000804,CUST0111,2024-05-08,redeem_upgrade,-809,3399,Silver,Web
LOY000805,CUST0111,2023-11-17,earn_flight,1270,4669,Silver,Kiosk
LOY000806,CUST0111,2024-01-15,earn_flight,107,4776,Silver,Kiosk
LOY000807,CUST0111,2023-11-08,earn_flight,1455,6231,Silver,Kiosk
LOY000808,CUST0111,2024-03-02,earn_flight,523,6754,Silver,Web
LOY000809,CUST0111,2024-06-04,tier_upgrade,0,6754,Silver,Kiosk
LOY000810,CUST0112,2024-09-21,earn_flight,1932,2051,Bronze,Agent
LOY000811,CUST0112,2023-11-12,earn_bonus,893,2944,Bronze,Web
LOY000812,CUST0112,2024-08-24,redeem_voucher,-956,1988,Bronze,Web
LOY000813,CUST0112,2024-11-09,earn_flight,1000,2988,Bronze,Kiosk
LOY000814,CUST0112,2024-05-06,earn_flight,650,3638,Bronze,App
LOY000815,CUST0112,2024-01-12,redeem_upgrade,-398,3240,Bronze,App
LOY000816,CUST0113,2024-10-07,tier_upgrade,0,685,Bronze,Web
LOY000817,CUST0113,2023-10-12,redeem_voucher,-1270,0,Bronze,Kiosk
LOY000818,CUST0113,2024-12-09,earn_bonus,582,582,Bronze,Kiosk
LOY000819,CUST0113,2024-06-12,earn_flight,1948,2530,Bronze,App
LOY000820,CUST0113,2025-01-06,earn_bonus,1158,3688,Bronze,Web
LOY000821,CUST0113,2023-12-12,redeem_voucher,-1119,2569,Bronze,Web
LOY000822,CUST0113,2024-01-29,tier_upgrade,0,2569,Bronze,Web
LOY000823,CUST0114,2024-10-17,earn_flight,1499,1629,Bronze,Kiosk
LOY000824,CUST0114,2024-03-04,tier_upgrade,0,1629,Bronze,Web
LOY000825,CUST0115,2024-07-03,redeem_voucher,-337,273,Bronze,App
LOY000826,CUST0115,2024-09-11,earn_bonus,1230,1503,Bronze,Agent
LOY000827,CUST0115,2024-05-19,earn_bonus,1978,3481,Bronze,App
LOY000828,CUST0115,2025-01-27,redeem_upgrade,-430,3051,Bronze,Kiosk
LOY000829,CUST0115,2024-01-11,earn_flight,1304,4355,Bronze,App
LOY000830,CUST0115,2023-11-27,earn_bonus,306,4661,Bronze,Agent
LOY000831,CUST0116,2024-10-04,earn_flight,1441,1990,Bronze,Kiosk
LOY000832,CUST0116,2024-12-07,earn_flight,664,2654,Bronze,Kiosk
LOY000833,CUST0116,2024-01-05,earn_bonus,1494,4148,Bronze,Kiosk
LOY000834,CUST0116,2023-09-19,earn_flight,1900,6048,Bronze,Agent
LOY000835,CUST0116,2024-04-10,earn_flight,1073,7121,Bronze,Agent
LOY000836,CUST0116,2024-08-26,earn_flight,1774,8895,Bronze,Agent
LOY000837,CUST0116,2024-06-24,earn_flight,1106,10001,Bronze,App
LOY000838,CUST0117,2024-06-13,tier_upgrade,0,234,Bronze,Kiosk
LOY000839,CUST0117,2024-07-04,earn_flight,953,1187,Bronze,App
LOY000840,CUST0117,2024-02-19,earn_flight,1970,3157,Bronze,Kiosk
LOY000841,CUST0117,2024-12-19,redeem_upgrade,-965,2192,Bronze,App
LOY000842,CUST0118,2023-10-17,earn_flight,1137,1665,Bronze,Kiosk
LOY000843,CUST0118,2023-12-27,redeem_upgrade,-1273,392,Bronze,App
LOY000844,CUST0118,2024-02-04,earn_flight,1805,2197,Bronze,Web
LOY000845,CUST0118,2023-10-09,earn_flight,1034,3231,Bronze,App
LOY000846,CUST0119,2024-05-17,earn_flight,1050,3326,Silver,Kiosk
LOY000847,CUST0119,2023-12-15,redeem_upgrade,-695,2631,Silver,Agent
LOY000848,CUST0119,2024-12-23,earn_bonus,463,3094,Silver,Kiosk
LOY000849,CUST0119,2024-08-03,earn_flight,1815,4909,Silver,Agent
LOY000850,CUST0119,2023-11-11,earn_flight,891,5800,Silver,App
LOY000851,CUST0120,2024-03-17,redeem_voucher,-661,0,Bronze,Web
LOY000852,CUST0120,2024-05-12,redeem_upgrade,-1251,0,Bronze,App
LOY000853,CUST0120,2023-08-20,earn_flight,370,370,Bronze,Web
LOY000854,CUST0120,2023-08-19,earn_flight,1345,1715,Bronze,Agent
LOY000855,CUST0120,2024-05-18,earn_flight,871,2586,Bronze,Agent
LOY000856,CUST0120,2024-11-23,earn_flight,1055,3641,Bronze,Agent
LOY000857,CUST0120,2025-01-25,redeem_voucher,-1013,2628,Bronze,App
LOY000858,CUST0120,2023-08-18,earn_bonus,1456,4084,Bronze,Agent
LOY000859,CUST0120,2024-05-26,earn_flight,321,4405,Bronze,Kiosk
LOY000860,CUST0120,2023-10-15,earn_flight,666,5071,Bronze,Agent
LOY000861,CUST0120,2024-05-20,earn_flight,1556,6627,Bronze,Agent
LOY000862,CUST0121,2025-01-21,redeem_upgrade,-316,0,Bronze,Kiosk
LOY000863,CUST0121,2024-07-03,redeem_upgrade,-252,0,Bronze,Kiosk
LOY000864,CUST0121,2024-06-08,earn_flight,957,957,Bronze,Kiosk
LOY000865,CUST0121,2024-09-11,redeem_upgrade,-1394,0,Bronze,Web
LOY000866,CUST0122,2024-12-10,redeem_voucher,-934,0,Bronze,Agent
LOY000867,CUST0122,2024-02-01,redeem_voucher,-1343,0,Bronze,Web
LOY000868,CUST0122,2024-06-06,earn_flight,362,362,Bronze,Agent
LOY000869,CUST0122,2024-02-14,redeem_voucher,-887,0,Bronze,App
LOY000870,CUST0122,2024-03-25,earn_flight,1624,1624,Bronze,Agent
LOY000871,CUST0123,2024-08-25,earn_flight,702,1133,Bronze,Kiosk
LOY000872,CUST0123,2023-12-09,earn_flight,1874,3007,Bronze,App
LOY000873,CUST0123,2024-12-06,redeem_voucher,-1224,1783,Bronze,App
LOY000874,CUST0123,2024-09-04,earn_bonus,946,2729,Bronze,App
LOY000875,CUST0123,2024-01-12,earn_flight,510,3239,Bronze,Agent
LOY000876,CUST0123,2024-10-03,tier_upgrade,0,3239,Bronze,Kiosk
LOY000877,CUST0123,2024-01-04,earn_flight,1565,4804,Bronze,Web
LOY000878,CUST0124,2024-12-22,earn_flight,462,1260,Bronze,Agent
LOY000879,CUST0124,2023-10-09,earn_flight,660,1920,Bronze,Web
LOY000880,CUST0124,2024-01-30,earn_bonus,424,2344,Bronze,Kiosk
LOY000881,CUST0125,2024-10-28,earn_bonus,926,2086,Silver,Kiosk
LOY000882,CUST0125,2024-12-11,earn_flight,177,2263,Silver,Web
LOY000883,CUST0125,2024-08-27,tier_upgrade,0,2263,Silver,Agent
LOY000884,CUST0125,2024-02-22,earn_flight,108,2371,Silver,Web
LOY000885,CUST0126,2024-06-25,earn_flight,885,1117,Bronze,Agent
LOY000886,CUST0126,2024-01-29,earn_flight,193,1310,Bronze,Agent
LOY000887,CUST0126,2024-06-03,earn_flight,1165,2475,Bronze,Agent
LOY000888,CUST0126,2024-10-28,redeem_voucher,-474,2001,Bronze,Agent
LOY000889,CUST0126,2024-12-24,earn_flight,485,2486,Bronze,Web
LOY000890,CUST0126,2024-09-27,earn_flight,559,3045,Bronze,Web
LOY000891,CUST0126,2024-03-14,redeem_upgrade,-1407,1638,Bronze,Web
LOY000892,CUST0127,2023-09-18,earn_flight,1411,1538,Bronze,Agent
LOY000893,CUST0127,2023-09-29,earn_bonus,198,1736,Bronze,App
LOY000894,CUST0127,2023-08-31,earn_flight,337,2073,Bronze,Kiosk
LOY000895,CUST0127,2024-11-07,earn_flight,1220,3293,Bronze,Agent
LOY000896,CUST0127,2024-12-08,redeem_upgrade,-620,2673,Bronze,App
LOY000897,CUST0127,2024-06-14,earn_flight,306,2979,Bronze,Agent
LOY000898,CUST0127,2023-12-29,earn_flight,1940,4919,Bronze,App
LOY000899,CUST0128,2023-12-09,earn_flight,1707,2231,Bronze,App
LOY000900,CUST0128,2025-01-01,earn_flight,509,2740,Bronze,Agent
LOY000901,CUST0128,2025-01-27,tier_upgrade,0,2740,Bronze,Agent
LOY000902,CUST0128,2024-10-03,earn_flight,180,2920,Bronze,Kiosk
LOY000903,CUST0128,2024-03-10,redeem_upgrade,-1184,1736,Bronze,Agent
LOY000904,CUST0128,2024-04-07,earn_flight,1475,3211,Bronze,App
LOY000905,CUST0128,2023-12-02,redeem_voucher,-1211,2000,Bronze,Web
LOY000906,CUST0128,2023-11-11,redeem_upgrade,-353,1647,Bronze,App
LOY000907,CUST0128,2024-04-29,earn_bonus,1035,2682,Bronze,Agent
LOY000908,CUST0128,2024-05-07,earn_flight,304,2986,Bronze,Web
LOY000909,CUST0128,2023-09-20,redeem_voucher,-937,2049,Bronze,Agent
LOY000910,CUST0129,2023-11-16,redeem_voucher,-293,144,Bronze,App
LOY000911,CUST0129,2023-12-30,redeem_upgrade,-549,0,Bronze,Agent
LOY000912,CUST0129,2024-08-11,redeem_voucher,-1473,0,Bronze,Agent
LOY000913,CUST0130,2024-08-26,redeem_voucher,-574,177,Bronze,App
LOY000914,CUST0130,2024-09-24,earn_flight,1034,1211,Bronze,Agent
LOY000915,CUST0130,2024-09-08,redeem_upgrade,-1179,32,Bronze,Kiosk
LOY000916,CUST0131,2023-12-24,redeem_upgrade,-320,4046,Gold,Web
LOY000917,CUST0131,2023-11-25,earn_flight,1309,5355,Gold,Kiosk
LOY000918,CUST0131,2024-11-01,earn_flight,877,6232,Gold,Agent
LOY000919,CUST0132,2023-12-22,earn_flight,1099,4335,Gold,App
LOY000920,CUST0132,2024-10-05,earn_flight,229,4564,Gold,Agent
LOY000921,CUST0132,2024-06-27,earn_flight,1878,6442,Gold,Web
LOY000922,CUST0132,2024-07-22,earn_bonus,1509,7951,Gold,App
LOY000923,CUST0132,2024-10-27,redeem_upgrade,-709,7242,Gold,Kiosk
LOY000924,CUST0132,2024-07-30,redeem_upgrade,-988,6254,Gold,Web
LOY000925,CUST0132,2023-10-05,earn_flight,421,6675,Gold,Kiosk
LOY000926,CUST0132,2024-12-30,redeem_voucher,-353,6322,Gold,Kiosk
LOY000927,CUST0132,2024-07-04,earn_flight,669,6991,Gold,App
LOY000928,CUST0132,2025-01-11,earn_flight,1417,8408,Gold,Kiosk
LOY000929,CUST0132,2024-09-26,redeem_voucher,-361,8047,Gold,Kiosk
LOY000930,CUST0132,2024-11-07,redeem_voucher,-1117,6930,Gold,App
LOY000931,CUST0133,2024-06-29,earn_flight,1118,1629,Bronze,App
LOY000932,CUST0133,2023-11-24,earn_flight,173,1802,Bronze,App
LOY000933,CUST0133,2023-11-12,redeem_upgrade,-1467,335,Bronze,Agent
LOY000934,CUST0133,2025-01-12,earn_bonus,1440,1775,Bronze,Kiosk
LOY000935,CUST0133,2024-07-25,earn_flight,211,1986,Bronze,Web
LOY000936,CUST0133,2024-11-18,earn_flight,1671,3657,Bronze,Kiosk
LOY000937,CUST0133,2024-08-17,redeem_upgrade,-433,3224,Bronze,App
LOY000938,CUST0133,2024-03-25,earn_flight,827,4051,Bronze,Agent
LOY000939,CUST0133,2025-01-26,earn_flight,317,4368,Bronze,App
LOY000940,CUST0134,2024-01-01,redeem_voucher,-1038,434,Silver,App
LOY000941,CUST0134,2024-04-27,earn_bonus,484,918,Silver,App
LOY000942,CUST0134,2024-09-16,earn_flight,1788,2706,Silver,Web
LOY000943,CUST0134,2024-07-22,earn_flight,948,3654,Silver,App
LOY000944,CUST0134,2023-12-15,redeem_upgrade,-1122,2532,Silver,Kiosk
LOY000945,CUST0134,2025-01-08,earn_flight,1121,3653,Silver,App
LOY000946,CUST0134,2023-09-29,earn_bonus,986,4639,Silver,Kiosk
LOY000947,CUST0134,2025-01-12,redeem_upgrade,-562,4077,Silver,Web
LOY000948,CUST0134,2023-12-20,earn_flight,1446,5523,Silver,Agent
LOY000949,CUST0135,2024-10-12,tier_upgrade,0,517,Bronze,Web
LOY000950,CUST0135,2024-05-17,earn_flight,802,1319,Bronze,Agent
LOY000951,CUST0135,2024-11-16,redeem_voucher,-482,837,Bronze,Kiosk
LOY000952,CUST0135,2025-01-16,earn_flight,1536,2373,Bronze,Agent
LOY000953,CUST0135,2024-03-20,earn_flight,1378,3751,Bronze,Agent
LOY000954,CUST0135,2024-07-29,redeem_voucher,-471,3280,Bronze,Web
LOY000955,CUST0135,2025-01-07,earn_bonus,1404,4684,Bronze,Agent
LOY000956,CUST0135,2023-12-07,redeem_upgrade,-1351,3333,Bronze,Kiosk
LOY000957,CUST0136,2024-05-29,redeem_voucher,-1065,1444,Silver,App
LOY000958,CUST0136,2025-01-27,earn_flight,880,2324,Silver,Web
LOY000959,CUST0136,2023-10-04,redeem_upgrade,-609,1715,Silver,Agent
LOY000960,CUST0136,2024-01-22,tier_upgrade,0,1715,Silver,Agent
LOY000961,CUST0136,2024-01-07,redeem_voucher,-804,911,Silver,Web
LOY000962,CUST0136,2023-09-13,earn_flight,1026,1937,Silver,App
LOY000963,CUST0136,2024-03-27,redeem_upgrade,-1349,588,Silver,Kiosk
LOY000964,CUST0136,2024-04-10,earn_bonus,1731,2319,Silver,Agent
LOY000965,CUST0136,2023-09-28,redeem_voucher,-993,1326,Silver,Kiosk
LOY000966,CUST0136,2024-06-26,tier_upgrade,0,1326,Silver,App
LOY000967,CUST0136,2023-08-24,redeem_upgrade,-615,711,Silver,Kiosk
LOY000968,CUST0136,2024-03-28,redeem_voucher,-953,0,Silver,Web
LOY000969,CUST0137,2024-06-07,earn_flight,1498,2293,Bronze,App
LOY000970,CUST0137,2024-02-18,tier_upgrade,0,2293,Bronze,App
LOY000971,CUST0137,2024-08-31,earn_flight,671,2964,Bronze,Agent
LOY000972,CUST0137,2023-12-22,earn_flight,1832,4796,Bronze,Agent
LOY000973,CUST0137,2023-08-16,earn_flight,1553,6349,Bronze,Web
LOY000974,CUST0138,2024-07-06,earn_bonus,1684,1725,Bronze,Agent
LOY000975,CUST0138,2024-12-25,redeem_upgrade,-1326,399,Bronze,Agent
LOY000976,CUST0138,2023-10-24,redeem_upgrade,-850,0,Bronze,Web
LOY000977,CUST0138,2024-02-15,earn_bonus,1710,1710,Bronze,Web
LOY000978,CUST0139,2024-09-27,earn_flight,553,979,Bronze,Web
LOY000979,CUST0139,2024-07-15,earn_flight,701,1680,Bronze,Web
LOY000980,CUST0139,2024-12-09,tier_upgrade,0,1680,Bronze,App
LOY000981,CUST0139,2023-12-06,redeem_upgrade,-1112,568,Bronze,Web
LOY000982,CUST0139,2024-04-16,tier_upgrade,0,568,Bronze,Agent
LOY000983,CUST0139,2024-09-04,redeem_voucher,-432,136,Bronze,Kiosk
LOY000984,CUST0139,2024-04-29,earn_bonus,679,815,Bronze,App
LOY000985,CUST0139,2025-01-21,redeem_voucher,-967,0,Bronze,Kiosk
LOY000986,CUST0139,2024-12-21,earn_flight,1939,1939,Bronze,Web
LOY000987,CUST0139,2024-07-04,earn_bonus,296,2235,Bronze,Web
LOY000988,CUST0140,2023-08-18,earn_bonus,531,1323,Bronze,Web
LOY000989,CUST0140,2024-10-18,redeem_voucher,-621,702,Bronze,Kiosk
LOY000990,CUST0140,2023-10-23,redeem_upgrade,-514,188,Bronze,App
LOY000991,CUST0140,2024-11-23,redeem_upgrade,-277,0,Bronze,App
LOY000992,CUST0140,2023-10-25,earn_flight,1726,1726,Bronze,Agent
LOY000993,CUST0140,2023-10-22,earn_bonus,566,2292,Bronze,Agent
LOY000994,CUST0140,2024-10-01,earn_flight,1390,3682,Bronze,Kiosk
LOY000995,CUST0140,2024-10-27,earn_flight,897,4579,Bronze,App
LOY000996,CUST0140,2023-08-17,earn_bonus,1366,5945,Bronze,App
LOY000997,CUST0140,2023-09-26,redeem_upgrade,-348,5597,Bronze,Agent
LOY000998,CUST0141,2024-06-02,redeem_upgrade,-817,0,Bronze,App
LOY000999,CUST0141,2024-05-25,redeem_upgrade,-1096,0,Bronze,Kiosk
LOY001000,CUST0141,2024-09-18,redeem_voucher,-263,0,Bronze,Kiosk
LOY001001,CUST0142,2024-03-23,earn_flight,900,1061,Bronze,Agent
LOY001002,CUST0142,2024-01-05,earn_flight,1916,2977,Bronze,Agent
LOY001003,CUST0142,2023-08-22,earn_bonus,1236,4213,Bronze,Web
LOY001004,CUST0142,2023-12-15,earn_flight,1272,5485,Bronze,Kiosk
LOY001005,CUST0142,2023-11-06,earn_flight,1632,7117,Bronze,Agent
LOY001006,CUST0142,2024-03-14,earn_flight,1422,8539,Bronze,Web
LOY001007,CUST0142,2024-01-22,earn_flight,1363,9902,Bronze,Agent
LOY001008,CUST0142,2024-02-25,earn_flight,1474,11376,Bronze,App
LOY001009,CUST0142,2024-11-25,earn_bonus,249,11625,Bronze,Agent
LOY001010,CUST0142,2023-10-18,earn_flight,504,12129,Bronze,Kiosk
LOY001011,CUST0143,2023-12-20,redeem_upgrade,-680,0,Bronze,App
LOY001012,CUST0143,2024-05-28,earn_bonus,1943,1943,Bronze,Web
LOY001013,CUST0143,2024-07-01,earn_flight,772,2715,Bronze,Agent
LOY001014,CUST0143,2024-01-14,earn_bonus,846,3561,Bronze,Agent
LOY001015,CUST0143,2024-10-22,earn_flight,741,4302,Bronze,Web
LOY001016,CUST0143,2024-03-24,redeem_upgrade,-1093,3209,Bronze,Agent
LOY001017,CUST0143,2024-08-13,earn_flight,1601,4810,Bronze,Agent
LOY001018,CUST0144,2024-11-09,earn_flight,725,1217,Bronze,Kiosk
LOY001019,CUST0144,2023-11-30,earn_flight,1342,2559,Bronze,App
LOY001020,CUST0144,2024-05-24,redeem_voucher,-486,2073,Bronze,Web
LOY001021,CUST0144,2024-05-06,redeem_upgrade,-1483,590,Bronze,App
LOY001022,CUST0144,2023-10-27,redeem_voucher,-1238,0,Bronze,App
LOY001023,CUST0144,2024-09-28,redeem_upgrade,-635,0,Bronze,App
LOY001024,CUST0144,2024-05-03,earn_bonus,1205,1205,Bronze,Kiosk
LOY001025,CUST0144,2024-01-10,earn_flight,557,1762,Bronze,Agent
LOY001026,CUST0144,2023-12-26,earn_flight,1145,2907,Bronze,App
LOY001027,CUST0145,2025-01-06,earn_flight,589,6839,Gold,Web
LOY001028,CUST0145,2025-01-18,earn_flight,426,7265,Gold,Web
LOY001029,CUST0145,2024-01-07,redeem_upgrade,-1190,6075,Gold,Agent
LOY001030,CUST0145,2023-09-21,earn_flight,1098,7173,Gold,Web
LOY001031,CUST0145,2023-10-14,earn_flight,579,7752,Gold,App
LOY001032,CUST0145,2024-03-09,earn_bonus,1720,9472,Gold,Agent
LOY001033,CUST0145,2024-09-11,earn_flight,1031,10503,Gold,App
LOY001034,CUST0146,2024-07-07,earn_flight,1167,1208,Bronze,Agent
LOY001035,CUST0146,2024-05-06,earn_bonus,1267,2475,Bronze,Web
LOY001036,CUST0146,2024-08-30,redeem_upgrade,-948,1527,Bronze,App
LOY001037,CUST0146,2025-01-21,earn_flight,1958,3485,Bronze,Web
LOY001038,CUST0146,2025-01-20,earn_flight,1773,5258,Bronze,Agent
LOY001039,CUST0146,2024-12-21,redeem_upgrade,-1437,3821,Bronze,App
LOY001040,CUST0146,2025-01-05,redeem_voucher,-1100,2721,Bronze,Web
LOY001041,CUST0146,2024-04-02,earn_flight,1417,4138,Bronze,Agent
LOY001042,CUST0146,2024-03-14,earn_flight,422,4560,Bronze,Agent
LOY001043,CUST0146,2023-12-10,redeem_upgrade,-1049,3511,Bronze,Agent
LOY001044,CUST0146,2023-12-05,earn_flight,1080,4591,Bronze,Kiosk
LOY001045,CUST0146,2024-03-13,earn_bonus,1425,6016,Bronze,Kiosk
LOY001046,CUST0147,2023-09-24,earn_flight,1313,1336,Bronze,Web
LOY001047,CUST0147,2023-12-26,earn_bonus,180,1516,Bronze,Web
LOY001048,CUST0147,2023-10-07,earn_flight,1989,3505,Bronze,Web
LOY001049,CUST0147,2025-01-21,tier_upgrade,0,3505,Bronze,App
LOY001050,CUST0147,2024-05-27,redeem_voucher,-643,2862,Bronze,Kiosk
LOY001051,CUST0148,2024-12-16,earn_flight,1800,2422,Bronze,Kiosk
LOY001052,CUST0148,2024-01-04,redeem_upgrade,-572,1850,Bronze,Agent
LOY001053,CUST0148,2024-01-29,redeem_upgrade,-901,949,Bronze,Kiosk
LOY001054,CUST0148,2023-10-20,earn_flight,889,1838,Bronze,Web
LOY001055,CUST0148,2023-11-30,earn_flight,1170,3008,Bronze,Kiosk
LOY001056,CUST0148,2024-01-11,earn_bonus,463,3471,Bronze,Kiosk
LOY001057,CUST0148,2023-09-19,redeem_voucher,-1288,2183,Bronze,App
LOY001058,CUST0148,2023-11-14,earn_flight,366,2549,Bronze,App
LOY001059,CUST0148,2024-10-25,earn_bonus,858,3407,Bronze,App
LOY001060,CUST0149,2024-10-23,earn_flight,1743,2458,Bronze,Kiosk
LOY001061,CUST0149,2024-09-04,earn_flight,1747,4205,Bronze,App
LOY001062,CUST0149,2024-10-19,earn_flight,1077,5282,Bronze,Web
LOY001063,CUST0149,2023-11-04,earn_flight,1895,7177,Bronze,Kiosk
LOY001064,CUST0149,2024-04-30,earn_flight,1552,8729,Bronze,App
LOY001065,CUST0149,2025-01-27,earn_flight,114,8843,Bronze,Kiosk
LOY001066,CUST0149,2024-03-08,redeem_upgrade,-846,7997,Bronze,Kiosk
LOY001067,CUST0149,2024-08-15,earn_flight,972,8969,Bronze,Agent
LOY001068,CUST0149,2024-05-04,redeem_voucher,-1067,7902,Bronze,Agent
LOY001069,CUST0149,2024-05-19,tier_upgrade,0,7902,Bronze,Kiosk
LOY001070,CUST0150,2024-12-17,earn_flight,1245,5913,Gold,Kiosk
LOY001071,CUST0150,2024-04-26,tier_upgrade,0,5913,Gold,Agent
LOY001072,CUST0150,2024-09-21,redeem_upgrade,-443,5470,Gold,Web
LOY001073,CUST0150,2024-11-10,redeem_upgrade,-531,4939,Gold,App
LOY001074,CUST0150,2024-03-17,earn_bonus,1709,6648,Gold,Agent
LOY001075,CUST0150,2023-10-03,earn_flight,1402,8050,Gold,App
LOY001076,CUST0150,2023-11-12,redeem_voucher,-1165,6885,Gold,Kiosk
LOY001077,CUST0150,2023-11-09,earn_flight,554,7439,Gold,Agent
LOY001078,CUST0151,2023-09-18,redeem_upgrade,-1020,2635,Gold,Agent
LOY001079,CUST0151,2023-10-08,redeem_voucher,-558,2077,Gold,Kiosk
LOY001080,CUST0151,2024-11-02,earn_flight,1841,3918,Gold,Agent
LOY001081,CUST0151,2024-02-26,earn_flight,1327,5245,Gold,Web
LOY001082,CUST0151,2024-01-31,redeem_upgrade,-936,4309,Gold,Web
LOY001083,CUST0151,2023-08-11,tier_upgrade,0,4309,Gold,App
LOY001084,CUST0151,2024-05-19,redeem_upgrade,-923,3386,Gold,Kiosk
LOY001085,CUST0151,2024-09-29,earn_bonus,1160,4546,Gold,App
LOY001086,CUST0151,2023-10-20,redeem_voucher,-1325,3221,Gold,Agent
LOY001087,CUST0151,2024-08-01,earn_flight,1770,4991,Gold,Agent
LOY001088,CUST0151,2024-03-29,earn_bonus,498,5489,Gold,Kiosk
LOY001089,CUST0152,2023-08-15,earn_flight,933,1347,Bronze,App
LOY001090,CUST0152,2023-10-24,earn_bonus,796,2143,Bronze,App
LOY001091,CUST0152,2025-01-17,tier_upgrade,0,2143,Bronze,Agent
LOY001092,CUST0152,2024-11-06,tier_upgrade,0,2143,Bronze,Kiosk
LOY001093,CUST0152,2024-04-16,redeem_upgrade,-1139,1004,Bronze,Kiosk
LOY001094,CUST0152,2023-09-08,earn_flight,628,1632,Bronze,App
LOY001095,CUST0152,2024-09-05,earn_bonus,551,2183,Bronze,Web
LOY001096,CUST0152,2024-06-29,earn_flight,823,3006,Bronze,App
LOY001097,CUST0152,2024-05-06,earn_flight,290,3296,Bronze,Kiosk
LOY001098,CUST0152,2024-07-26,earn_flight,465,3761,Bronze,Kiosk
LOY001099,CUST0152,2024-06-27,earn_flight,1931,5692,Bronze,Agent
LOY001100,CUST0153,2024-02-21,earn_flight,508,696,Bronze,Web
LOY001101,CUST0153,2024-04-14,redeem_voucher,-623,73,Bronze,Web
LOY001102,CUST0153,2024-03-05,redeem_voucher,-1466,0,Bronze,Agent
LOY001103,CUST0153,2024-01-17,redeem_upgrade,-445,0,Bronze,App
LOY001104,CUST0153,2024-12-27,earn_bonus,1665,1665,Bronze,App
LOY001105,CUST0153,2024-12-16,earn_flight,745,2410,Bronze,Kiosk
LOY001106,CUST0153,2024-05-18,earn_flight,1665,4075,Bronze,Agent
LOY001107,CUST0153,2024-09-21,earn_flight,1281,5356,Bronze,Web
LOY001108,CUST0153,2023-10-05,earn_bonus,966,6322,Bronze,Kiosk
LOY001109,CUST0153,2023-09-13,earn_bonus,906,7228,Bronze,Web
LOY001110,CUST0153,2024-11-21,tier_upgrade,0,7228,Bronze,Kiosk
LOY001111,CUST0153,2024-06-29,redeem_upgrade,-224,7004,Bronze,Web
LOY001112,CUST0154,2023-11-22,earn_flight,1354,7462,Gold,Agent
LOY001113,CUST0154,2024-02-18,earn_bonus,585,8047,Gold,Agent
LOY001114,CUST0154,2024-12-05,tier_upgrade,0,8047,Gold,Agent
LOY001115,CUST0154,2024-08-19,earn_flight,968,9015,Gold,Web
LOY001116,CUST0154,2024-10-13,redeem_upgrade,-962,8053,Gold,Agent
LOY001117,CUST0154,2024-09-24,earn_flight,468,8521,Gold,Web
LOY001118,CUST0154,2024-04-01,redeem_voucher,-752,7769,Gold,Web
LOY001119,CUST0154,2024-10-26,redeem_voucher,-601,7168,Gold,Web
LOY001120,CUST0154,2024-01-11,earn_flight,119,7287,Gold,Web
LOY001121,CUST0154,2024-10-15,earn_flight,1929,9216,Gold,Agent
LOY001122,CUST0154,2024-12-21,earn_flight,1251,10467,Gold,App
LOY001123,CUST0155,2024-01-25,earn_flight,1766,2174,Bronze,Agent
LOY001124,CUST0155,2024-12-10,redeem_voucher,-397,1777,Bronze,Kiosk
LOY001125,CUST0155,2024-07-18,earn_flight,837,2614,Bronze,Agent
LOY001126,CUST0156,2024-10-05,earn_flight,1876,4085,Silver,Web
LOY001127,CUST0156,2024-02-05,tier_upgrade,0,4085,Silver,Agent
LOY001128,CUST0157,2025-01-14,earn_flight,1608,3862,Silver,Kiosk
LOY001129,CUST0157,2023-10-30,earn_flight,686,4548,Silver,Kiosk
LOY001130,CUST0157,2024-01-06,redeem_voucher,-890,3658,Silver,Kiosk
LOY001131,CUST0157,2024-09-28,redeem_voucher,-346,3312,Silver,App
LOY001132,CUST0157,2024-01-23,earn_flight,742,4054,Silver,Agent
LOY001133,CUST0157,2024-06-04,redeem_upgrade,-1439,2615,Silver,Kiosk
LOY001134,CUST0157,2024-05-14,redeem_voucher,-943,1672,Silver,Kiosk
LOY001135,CUST0158,2024-02-15,redeem_voucher,-456,0,Bronze,Web
LOY001136,CUST0158,2024-04-24,redeem_voucher,-363,0,Bronze,Web
LOY001137,CUST0158,2024-01-28,earn_flight,295,295,Bronze,App
LOY001138,CUST0158,2024-12-07,earn_bonus,153,448,Bronze,Kiosk
LOY001139,CUST0159,2023-11-25,earn_flight,418,955,Bronze,App
LOY001140,CUST0159,2024-09-13,earn_flight,606,1561,Bronze,Agent
LOY001141,CUST0159,2024-11-06,earn_bonus,368,1929,Bronze,Web
LOY001142,CUST0160,2024-08-10,redeem_voucher,-866,0,Bronze,Kiosk
LOY001143,CUST0160,2024-12-01,tier_upgrade,0,0,Bronze,Agent
LOY001144,CUST0161,2023-12-27,tier_upgrade,0,562,Bronze,Web
LOY001145,CUST0161,2024-11-20,earn_bonus,1402,1964,Bronze,Kiosk
LOY001146,CUST0161,2025-01-28,earn_bonus,1193,3157,Bronze,Agent
LOY001147,CUST0161,2024-07-31,earn_flight,565,3722,Bronze,App
LOY001148,CUST0161,2024-11-05,earn_flight,944,4666,Bronze,Agent
LOY001149,CUST0161,2024-01-17,earn_flight,100,4766,Bronze,Web
LOY001150,CUST0161,2024-07-28,earn_flight,1195,5961,Bronze,App
LOY001151,CUST0161,2024-12-26,redeem_voucher,-1177,4784,Bronze,Agent
LOY001152,CUST0161,2023-08-20,redeem_upgrade,-799,3985,Bronze,Web
LOY001153,CUST0162,2024-08-27,earn_flight,1906,1914,Bronze,Kiosk
LOY001154,CUST0162,2024-09-18,earn_flight,1564,3478,Bronze,Kiosk
LOY001155,CUST0162,2024-09-01,earn_flight,262,3740,Bronze,Kiosk
LOY001156,CUST0162,2024-04-12,earn_bonus,1738,5478,Bronze,Agent
LOY001157,CUST0162,2024-05-28,earn_bonus,1189,6667,Bronze,Agent
LOY001158,CUST0162,2024-10-06,earn_flight,240,6907,Bronze,Web
LOY001159,CUST0162,2023-12-28,earn_flight,1404,8311,Bronze,Kiosk
LOY001160,CUST0162,2024-11-16,earn_flight,1375,9686,Bronze,Kiosk
LOY001161,CUST0162,2024-02-19,earn_flight,411,10097,Bronze,App
LOY001162,CUST0162,2023-09-02,earn_flight,309,10406,Bronze,Agent
LOY001163,CUST0163,2024-11-01,redeem_upgrade,-676,0,Bronze,App
LOY001164,CUST0163,2024-01-12,earn_flight,544,544,Bronze,Agent
LOY001165,CUST0163,2024-10-14,earn_flight,1737,2281,Bronze,Kiosk
LOY001166,CUST0163,2024-08-25,earn_flight,1720,4001,Bronze,App
LOY001167,CUST0164,2024-01-07,earn_flight,1688,2027,Bronze,Kiosk
LOY001168,CUST0164,2023-10-23,earn_bonus,471,2498,Bronze,Web
LOY001169,CUST0164,2024-04-23,redeem_voucher,-225,2273,Bronze,App
LOY001170,CUST0165,2024-11-06,earn_flight,168,1987,Silver,Web
LOY001171,CUST0165,2024-11-24,redeem_upgrade,-392,1595,Silver,Web
LOY001172,CUST0165,2024-12-07,earn_flight,739,2334,Silver,Agent
LOY001173,CUST0165,2024-01-20,earn_bonus,186,2520,Silver,App
LOY001174,CUST0165,2024-04-26,earn_flight,711,3231,Silver,Web
LOY001175,CUST0165,2024-08-14,redeem_voucher,-646,2585,Silver,App
LOY001176,CUST0165,2024-04-08,earn_bonus,764,3349,Silver,App
LOY001177,CUST0165,2024-01-29,redeem_upgrade,-1397,1952,Silver,App
LOY001178,CUST0166,2023-08-20,tier_upgrade,0,406,Bronze,Kiosk
LOY001179,CUST0166,2024-01-16,earn_flight,283,689,Bronze,Web
LOY001180,CUST0166,2024-01-19,earn_flight,1504,2193,Bronze,Agent
LOY001181,CUST0166,2023-10-11,earn_flight,1420,3613,Bronze,Web
LOY001182,CUST0166,2023-11-28,earn_flight,576,4189,Bronze,Agent
LOY001183,CUST0167,2024-02-24,earn_flight,873,3095,Silver,Agent
LOY001184,CUST0167,2023-12-26,earn_flight,180,3275,Silver,Kiosk
LOY001185,CUST0167,2024-11-01,earn_bonus,1211,4486,Silver,Kiosk
LOY001186,CUST0167,2024-02-21,earn_bonus,1213,5699,Silver,Agent
LOY001187,CUST0167,2024-07-07,redeem_upgrade,-763,4936,Silver,Web
LOY001188,CUST0167,2023-10-20,earn_bonus,1020,5956,Silver,Agent
LOY001189,CUST0167,2024-05-06,earn_bonus,1029,6985,Silver,App
LOY001190,CUST0167,2025-01-10,earn_flight,479,7464,Silver,App
LOY001191,CUST0167,2024-08-17,redeem_upgrade,-689,6775,Silver,Agent
LOY001192,CUST0168,2024-09-10,earn_flight,1499,2238,Bronze,Kiosk
LOY001193,CUST0168,2024-01-15,earn_bonus,760,2998,Bronze,Kiosk
LOY001194,CUST0168,2024-07-05,earn_flight,1171,4169,Bronze,App
LOY001195,CUST0169,2024-02-09,redeem_voucher,-613,366,Silver,App
LOY001196,CUST0169,2024-12-20,earn_flight,165,531,Silver,Kiosk
LOY001197,CUST0169,2024-12-24,earn_bonus,1536,2067,Silver,Agent
LOY001198,CUST0169,2023-09-30,earn_flight,1340,3407,Silver,App
LOY001199,CUST0170,2024-12-26,redeem_voucher,-363,490,Silver,Kiosk
LOY001200,CUST0170,2023-10-12,earn_flight,1622,2112,Silver,Kiosk
LOY001201,CUST0170,2024-08-22,redeem_upgrade,-319,1793,Silver,Agent
LOY001202,CUST0170,2023-09-21,redeem_upgrade,-822,971,Silver,App
LOY001203,CUST0170,2024-03-19,tier_upgrade,0,971,Silver,App
LOY001204,CUST0171,2024-09-08,earn_flight,1177,5006,Gold,Web
LOY001205,CUST0171,2024-02-10,earn_bonus,1243,6249,Gold,Kiosk
LOY001206,CUST0171,2023-11-27,redeem_upgrade,-1380,4869,Gold,Agent
LOY001207,CUST0171,2024-11-22,redeem_upgrade,-1074,3795,Gold,App
LOY001208,CUST0171,2024-01-28,redeem_upgrade,-1326,2469,Gold,Kiosk
LOY001209,CUST0172,2024-01-19,earn_bonus,1328,1845,Bronze,Kiosk
LOY001210,CUST0172,2024-08-05,redeem_voucher,-1326,519,Bronze,Agent
LOY001211,CUST0172,2024-08-25,earn_flight,1396,1915,Bronze,Kiosk
LOY001212,CUST0172,2024-07-07,earn_bonus,1253,3168,Bronze,Web
LOY001213,CUST0172,2024-08-29,redeem_upgrade,-720,2448,Bronze,Agent
LOY001214,CUST0172,2024-11-16,earn_flight,913,3361,Bronze,App
LOY001215,CUST0172,2023-09-15,tier_upgrade,0,3361,Bronze,App
LOY001216,CUST0173,2024-06-15,earn_flight,554,1085,Bronze,Web
LOY001217,CUST0173,2024-06-28,earn_flight,1783,2868,Bronze,Agent
LOY001218,CUST0173,2025-01-15,earn_bonus,1996,4864,Bronze,Web
LOY001219,CUST0173,2023-11-15,earn_flight,828,5692,Bronze,Web
LOY001220,CUST0174,2024-08-20,redeem_voucher,-711,0,Bronze,Web
LOY001221,CUST0174,2024-04-29,redeem_voucher,-388,0,Bronze,Kiosk
LOY001222,CUST0174,2024-03-20,redeem_upgrade,-864,0,Bronze,Kiosk
LOY001223,CUST0174,2024-02-04,earn_flight,1941,1941,Bronze,App
LOY001224,CUST0174,2024-06-13,earn_flight,1755,3696,Bronze,Kiosk
LOY001225,CUST0174,2023-10-30,redeem_upgrade,-884,2812,Bronze,Agent
LOY001226,CUST0175,2023-12-12,redeem_voucher,-664,0,Bronze,App
LOY001227,CUST0175,2024-09-05,earn_flight,1173,1173,Bronze,App
LOY001228,CUST0175,2024-07-02,earn_bonus,406,1579,Bronze,Agent
LOY001229,CUST0175,2025-01-06,redeem_upgrade,-513,1066,Bronze,App
LOY001230,CUST0175,2024-09-16,tier_upgrade,0,1066,Bronze,App
LOY001231,CUST0175,2024-03-25,earn_flight,1710,2776,Bronze,Kiosk
LOY001232,CUST0175,2024-01-09,earn_flight,269,3045,Bronze,Kiosk
LOY001233,CUST0175,2023-09-30,earn_bonus,637,3682,Bronze,App
LOY001234,CUST0176,2024-10-28,redeem_upgrade,-467,5797,Gold,Web
LOY001235,CUST0176,2024-12-15,earn_bonus,1099,6896,Gold,Kiosk
LOY001236,CUST0176,2024-02-27,earn_bonus,1606,8502,Gold,Web
LOY001237,CUST0176,2024-04-15,earn_flight,1690,10192,Gold,Kiosk
LOY001238,CUST0176,2024-07-07,redeem_upgrade,-1379,8813,Gold,App
LOY001239,CUST0176,2023-12-04,redeem_upgrade,-1067,7746,Gold,Agent
LOY001240,CUST0176,2024-08-01,earn_flight,805,8551,Gold,App
LOY001241,CUST0176,2024-06-18,earn_flight,816,9367,Gold,Kiosk
LOY001242,CUST0176,2024-01-07,earn_flight,1992,11359,Gold,Web
LOY001243,CUST0176,2024-03-02,redeem_upgrade,-519,10840,Gold,App
LOY001244,CUST0177,2024-04-15,redeem_voucher,-502,0,Bronze,Agent
LOY001245,CUST0177,2023-08-25,earn_flight,1747,1747,Bronze,App
LOY001246,CUST0178,2024-12-05,earn_flight,528,6027,Gold,Web
LOY001247,CUST0178,2024-03-06,earn_bonus,1636,7663,Gold,Agent
LOY001248,CUST0178,2024-12-17,earn_bonus,389,8052,Gold,App
LOY001249,CUST0178,2024-08-30,earn_bonus,1458,9510,Gold,App
LOY001250,CUST0178,2024-04-28,earn_flight,681,10191,Gold,Web
LOY001251,CUST0178,2024-05-14,earn_flight,1440,11631,Gold,App
LOY001252,CUST0178,2023-10-18,earn_flight,655,12286,Gold,Agent
LOY001253,CUST0178,2023-11-29,earn_flight,1876,14162,Gold,Kiosk
LOY001254,CUST0178,2024-04-03,tier_upgrade,0,14162,Gold,App
LOY001255,CUST0179,2023-11-09,earn_flight,1125,1449,Bronze,Kiosk
LOY001256,CUST0179,2023-09-02,earn_flight,1988,3437,Bronze,Agent
LOY001257,CUST0179,2024-07-17,earn_flight,1624,5061,Bronze,Web
LOY001258,CUST0179,2023-08-29,earn_flight,820,5881,Bronze,Agent
LOY001259,CUST0179,2024-06-15,earn_flight,1126,7007,Bronze,Agent
LOY001260,CUST0179,2023-10-13,earn_bonus,1899,8906,Bronze,Kiosk
LOY001261,CUST0179,2023-09-10,redeem_voucher,-773,8133,Bronze,Web
LOY001262,CUST0179,2024-01-13,earn_flight,904,9037,Bronze,Web
LOY001263,CUST0179,2023-11-08,redeem_upgrade,-1266,7771,Bronze,Web
LOY001264,CUST0180,2024-01-14,earn_flight,739,1167,Bronze,Agent
LOY001265,CUST0180,2024-11-12,earn_bonus,523,1690,Bronze,Web
LOY001266,CUST0180,2024-03-05,redeem_voucher,-832,858,Bronze,Web
LOY001267,CUST0180,2024-10-24,tier_upgrade,0,858,Bronze,Web
LOY001268,CUST0180,2024-01-19,earn_flight,1241,2099,Bronze,App
LOY001269,CUST0181,2024-01-07,redeem_upgrade,-852,0,Bronze,Kiosk
LOY001270,CUST0181,2024-10-05,earn_flight,1627,1627,Bronze,Agent
LOY001271,CUST0181,2024-01-13,redeem_upgrade,-418,1209,Bronze,Web
LOY001272,CUST0181,2024-02-16,earn_flight,1353,2562,Bronze,Agent
LOY001273,CUST0181,2024-04-03,earn_bonus,572,3134,Bronze,App
LOY001274,CUST0181,2024-08-12,earn_flight,1697,4831,Bronze,Kiosk
LOY001275,CUST0181,2023-12-26,earn_bonus,1338,6169,Bronze,Kiosk
LOY001276,CUST0182,2024-08-27,earn_flight,893,1623,Bronze,Kiosk
LOY001277,CUST0182,2024-12-08,earn_flight,495,2118,Bronze,Web
LOY001278,CUST0182,2023-09-13,earn_flight,130,2248,Bronze,Agent
LOY001279,CUST0182,2024-10-06,earn_flight,1474,3722,Bronze,Web
LOY001280,CUST0182,2024-03-07,earn_flight,1998,5720,Bronze,Kiosk
LOY001281,CUST0182,2024-12-24,redeem_upgrade,-1137,4583,Bronze,Web
LOY001282,CUST0182,2024-10-21,earn_flight,185,4768,Bronze,Kiosk
LOY001283,CUST0182,2024-06-26,earn_flight,1620,6388,Bronze,App
LOY001284,CUST0182,2025-01-25,earn_flight,1035,7423,Bronze,App
LOY001285,CUST0182,2024-04-18,earn_bonus,910,8333,Bronze,App
LOY001286,CUST0182,2024-09-10,earn_bonus,1391,9724,Bronze,App
LOY001287,CUST0182,2024-02-21,earn_flight,915,10639,Bronze,Agent
LOY001288,CUST0183,2024-11-25,earn_flight,702,1495,Bronze,App
LOY001289,CUST0183,2025-01-21,redeem_voucher,-1149,346,Bronze,Kiosk
LOY001290,CUST0183,2023-11-11,redeem_upgrade,-431,0,Bronze,Web
LOY001291,CUST0183,2023-12-27,earn_flight,762,762,Bronze,Kiosk
LOY001292,CUST0183,2023-09-05,earn_flight,1308,2070,Bronze,Web
LOY001293,CUST0183,2024-11-18,earn_flight,763,2833,Bronze,Web
LOY001294,CUST0184,2023-11-12,earn_flight,1020,1756,Bronze,Agent
LOY001295,CUST0184,2023-11-06,earn_bonus,886,2642,Bronze,Web
LOY001296,CUST0184,2024-09-01,earn_bonus,189,2831,Bronze,Web
LOY001297,CUST0185,2024-01-11,earn_flight,396,740,Bronze,Web
LOY001298,CUST0185,2023-10-02,earn_flight,733,1473,Bronze,Kiosk
LOY001299,CUST0185,2024-06-01,earn_bonus,340,1813,Bronze,Web
LOY001300,CUST0185,2024-03-05,earn_flight,1667,3480,Bronze,Agent
LOY001301,CUST0185,2023-08-23,earn_flight,1851,5331,Bronze,Kiosk
LOY001302,CUST0185,2023-08-16,earn_bonus,1110,6441,Bronze,Web
LOY001303,CUST0185,2024-03-20,earn_bonus,1074,7515,Bronze,Kiosk
LOY001304,CUST0185,2024-10-03,earn_flight,1331,8846,Bronze,App
LOY001305,CUST0185,2024-04-17,redeem_voucher,-769,8077,Bronze,Web
LOY001306,CUST0185,2023-09-30,earn_flight,212,8289,Bronze,Agent
LOY001307,CUST0185,2023-09-17,earn_flight,166,8455,Bronze,Agent
LOY001308,CUST0186,2023-09-30,earn_flight,465,805,Bronze,Web
LOY001309,CUST0186,2024-05-28,earn_bonus,1516,2321,Bronze,Web
LOY001310,CUST0186,2024-11-19,redeem_upgrade,-937,1384,Bronze,App
LOY001311,CUST0187,2024-07-06,earn_flight,876,972,Bronze,App
LOY001312,CUST0187,2024-10-21,redeem_voucher,-332,640,Bronze,Agent
LOY001313,CUST0187,2024-12-05,earn_flight,1522,2162,Bronze,Agent
LOY001314,CUST0187,2024-07-13,earn_bonus,1174,3336,Bronze,Web
LOY001315,CUST0187,2024-03-12,earn_bonus,323,3659,Bronze,App
LOY001316,CUST0187,2024-12-18,redeem_upgrade,-1438,2221,Bronze,Agent
LOY001317,CUST0188,2024-06-30,earn_flight,1277,3826,Silver,Agent
LOY001318,CUST0188,2023-12-21,earn_bonus,1116,4942,Silver,Kiosk
LOY001319,CUST0188,2024-12-27,redeem_voucher,-1448,3494,Silver,Web
LOY001320,CUST0188,2024-06-03,tier_upgrade,0,3494,Silver,App
LOY001321,CUST0188,2023-12-10,earn_flight,1380,4874,Silver,App
LOY001322,CUST0188,2024-03-10,redeem_upgrade,-1049,3825,Silver,Kiosk
LOY001323,CUST0188,2023-09-26,earn_flight,1247,5072,Silver,Web
LOY001324,CUST0188,2023-08-22,earn_bonus,1513,6585,Silver,Agent
LOY001325,CUST0188,2024-04-27,redeem_upgrade,-830,5755,Silver,Agent
LOY001326,CUST0188,2025-01-10,earn_bonus,1670,7425,Silver,App
LOY001327,CUST0188,2023-12-05,redeem_upgrade,-899,6526,Silver,Kiosk
LOY001328,CUST0189,2023-09-09,redeem_voucher,-597,145,Bronze,Agent
LOY001329,CUST0189,2024-07-22,redeem_voucher,-1181,0,Bronze,Kiosk
LOY001330,CUST0189,2023-09-16,earn_bonus,1086,1086,Bronze,Web
LOY001331,CUST0189,2024-11-24,redeem_voucher,-1299,0,Bronze,Agent
LOY001332,CUST0189,2024-11-26,redeem_upgrade,-1047,0,Bronze,App
LOY001333,CUST0189,2025-01-25,earn_flight,1584,1584,Bronze,Agent
LOY001334,CUST0189,2023-08-30,earn_flight,1503,3087,Bronze,Agent
LOY001335,CUST0189,2024-08-07,earn_flight,405,3492,Bronze,Agent
LOY001336,CUST0189,2023-09-11,earn_flight,868,4360,Bronze,Web
LOY001337,CUST0189,2024-09-12,earn_flight,339,4699,Bronze,Agent
LOY001338,CUST0189,2024-06-28,redeem_upgrade,-756,3943,Bronze,Kiosk
LOY001339,CUST0190,2024-04-10,earn_flight,1798,1887,Bronze,Agent
LOY001340,CUST0190,2024-03-19,earn_bonus,458,2345,Bronze,App
LOY001341,CUST0190,2024-08-28,redeem_upgrade,-613,1732,Bronze,App
LOY001342,CUST0190,2024-11-07,earn_bonus,1736,3468,Bronze,Kiosk
LOY001343,CUST0190,2025-01-04,earn_flight,796,4264,Bronze,Kiosk
LOY001344,CUST0190,2025-01-28,earn_flight,770,5034,Bronze,Web
LOY001345,CUST0190,2023-11-19,redeem_voucher,-1257,3777,Bronze,Web
LOY001346,CUST0190,2024-03-08,redeem_upgrade,-1140,2637,Bronze,Kiosk
LOY001347,CUST0190,2025-01-26,earn_flight,736,3373,Bronze,App
LOY001348,CUST0191,2023-11-08,earn_flight,1921,2625,Bronze,App
LOY001349,CUST0191,2023-11-24,earn_bonus,1449,4074,Bronze,Agent
LOY001350,CUST0191,2023-09-03,earn_bonus,739,4813,Bronze,Web
LOY001351,CUST0191,2024-07-04,earn_flight,686,5499,Bronze,Agent
LOY001352,CUST0191,2024-07-02,redeem_upgrade,-440,5059,Bronze,Agent
LOY001353,CUST0191,2024-01-10,earn_flight,334,5393,Bronze,App
LOY001354,CUST0191,2025-01-18,earn_flight,1211,6604,Bronze,Agent
LOY001355,CUST0191,2024-07-02,earn_flight,1542,8146,Bronze,Agent
LOY001356,CUST0191,2024-04-17,earn_flight,737,8883,Bronze,Agent
LOY001357,CUST0191,2024-11-07,earn_flight,159,9042,Bronze,Kiosk
LOY001358,CUST0191,2023-10-01,earn_flight,210,9252,Bronze,App
LOY001359,CUST0192,2024-02-10,redeem_upgrade,-1413,1133,Silver,Kiosk
LOY001360,CUST0192,2024-08-09,earn_flight,1774,2907,Silver,Web
LOY001361,CUST0192,2023-10-30,tier_upgrade,0,2907,Silver,Kiosk
LOY001362,CUST0192,2023-12-23,earn_flight,1743,4650,Silver,Kiosk
LOY001363,CUST0192,2023-11-18,earn_flight,1501,6151,Silver,Kiosk
LOY001364,CUST0192,2024-12-04,earn_flight,558,6709,Silver,Web
LOY001365,CUST0192,2024-05-01,redeem_voucher,-1002,5707,Silver,Web
LOY001366,CUST0192,2024-07-14,redeem_upgrade,-865,4842,Silver,Kiosk
LOY001367,CUST0193,2023-10-16,earn_flight,819,7812,Gold,Kiosk
LOY001368,CUST0193,2024-11-25,redeem_voucher,-778,7034,Gold,Agent
LOY001369,CUST0194,2023-11-24,earn_flight,1562,2883,Silver,App
LOY001370,CUST0194,2024-07-09,earn_bonus,245,3128,Silver,Agent
LOY001371,CUST0194,2024-11-25,earn_flight,946,4074,Silver,Web
LOY001372,CUST0194,2024-04-16,earn_bonus,1087,5161,Silver,Kiosk
LOY001373,CUST0194,2023-10-17,earn_flight,1766,6927,Silver,Kiosk
LOY001374,CUST0194,2024-10-29,earn_bonus,800,7727,Silver,Web
LOY001375,CUST0194,2024-02-04,redeem_upgrade,-359,7368,Silver,Kiosk
LOY001376,CUST0194,2023-12-06,earn_bonus,1048,8416,Silver,Agent
LOY001377,CUST0194,2023-11-18,redeem_voucher,-560,7856,Silver,Agent
LOY001378,CUST0194,2024-09-29,earn_flight,322,8178,Silver,Kiosk
LOY001379,CUST0195,2023-10-12,earn_flight,1773,7455,Gold,Web
LOY001380,CUST0195,2023-08-11,redeem_upgrade,-505,6950,Gold,Kiosk
LOY001381,CUST0195,2024-06-04,earn_flight,1283,8233,Gold,Kiosk
LOY001382,CUST0195,2024-02-27,earn_flight,1896,10129,Gold,Agent
LOY001383,CUST0195,2024-06-12,earn_bonus,1970,12099,Gold,Agent
LOY001384,CUST0195,2024-10-29,redeem_upgrade,-905,11194,Gold,App
LOY001385,CUST0195,2023-08-19,earn_bonus,1145,12339,Gold,Kiosk
LOY001386,CUST0195,2023-12-19,redeem_voucher,-327,12012,Gold,Agent
LOY001387,CUST0195,2023-10-04,earn_flight,1246,13258,Gold,Agent
LOY001388,CUST0196,2023-09-11,earn_flight,1538,1651,Bronze,Kiosk
LOY001389,CUST0196,2024-07-01,redeem_upgrade,-1031,620,Bronze,Kiosk
LOY001390,CUST0196,2024-10-29,earn_bonus,1456,2076,Bronze,Web
LOY001391,CUST0196,2024-12-09,earn_flight,1237,3313,Bronze,Kiosk
LOY001392,CUST0196,2024-08-13,redeem_voucher,-515,2798,Bronze,Agent
LOY001393,CUST0196,2023-12-17,earn_flight,246,3044,Bronze,App
LOY001394,CUST0197,2024-10-31,tier_upgrade,0,148,Bronze,Web
LOY001395,CUST0197,2023-11-05,earn_flight,1750,1898,Bronze,Kiosk
LOY001396,CUST0197,2024-11-19,redeem_voucher,-1437,461,Bronze,Kiosk
LOY001397,CUST0197,2024-02-11,earn_flight,968,1429,Bronze,Kiosk
LOY001398,CUST0197,2024-09-07,earn_flight,480,1909,Bronze,Kiosk
LOY001399,CUST0197,2023-08-18,earn_bonus,1834,3743,Bronze,Web
LOY001400,CUST0197,2025-01-05,earn_flight,1997,5740,Bronze,Agent
LOY001401,CUST0197,2023-09-14,tier_upgrade,0,5740,Bronze,Kiosk
LOY001402,CUST0197,2024-08-22,earn_flight,1086,6826,Bronze,App
LOY001403,CUST0198,2024-05-23,earn_flight,260,1641,Silver,App
LOY001404,CUST0198,2024-04-18,earn_flight,1618,3259,Silver,App
LOY001405,CUST0198,2024-06-25,earn_bonus,1950,5209,Silver,Agent
LOY001406,CUST0198,2023-08-22,earn_flight,1149,6358,Silver,Kiosk
LOY001407,CUST0198,2024-07-15,earn_flight,1734,8092,Silver,Agent
LOY001408,CUST0198,2024-06-02,earn_flight,1523,9615,Silver,Agent
LOY001409,CUST0198,2024-05-03,earn_flight,1069,10684,Silver,Web
LOY001410,CUST0198,2023-10-02,redeem_upgrade,-797,9887,Silver,App
LOY001411,CUST0198,2024-05-30,earn_flight,359,10246,Silver,App
LOY001412,CUST0198,2024-05-21,earn_flight,1361,11607,Silver,Agent
LOY001413,CUST0199,2023-08-25,redeem_upgrade,-1436,491,Silver,Web
LOY001414,CUST0199,2024-01-12,redeem_upgrade,-957,0,Silver,Web
LOY001415,CUST0199,2024-05-04,redeem_upgrade,-683,0,Silver,Kiosk
LOY001416,CUST0199,2024-02-12,redeem_upgrade,-267,0,Silver,Agent
LOY001417,CUST0199,2023-11-05,tier_upgrade,0,0,Silver,Web
LOY001418,CUST0199,2024-12-30,redeem_upgrade,-1045,0,Silver,Kiosk
LOY001419,CUST0200,2024-11-03,redeem_upgrade,-542,0,Bronze,Web
LOY001420,CUST0200,2024-07-29,earn_flight,641,641,Bronze,App
LOY001421,CUST0200,2023-10-03,earn_flight,916,1557,Bronze,Kiosk
LOY001422,CUST0200,2024-06-14,earn_flight,1640,3197,Bronze,Web
LOY001423,CUST0200,2024-09-02,redeem_upgrade,-998,2199,Bronze,Kiosk
LOY001424,CUST0200,2024-05-05,earn_flight,1882,4081,Bronze,Kiosk
LOY001425,CUST0200,2023-08-23,earn_flight,1732,5813,Bronze,Kiosk
LOY001426,CUST0200,2024-09-05,redeem_upgrade,-1285,4528,Bronze,App
LOY001427,CUST0200,2023-11-18,redeem_voucher,-924,3604,Bronze,Kiosk
LOY001428,CUST0200,2024-05-16,earn_flight,646,4250,Bronze,App
LOY001429,CUST0200,2024-04-28,redeem_upgrade,-1001,3249,Bronze,Kiosk
LOY001430,CUST0200,2024-04-14,redeem_upgrade,-1405,1844,Bronze,Web
LOY001431,CUST0201,2024-02-11,earn_flight,121,654,Bronze,App
LOY001432,CUST0201,2023-10-19,earn_flight,300,954,Bronze,App
LOY001433,CUST0201,2024-11-09,earn_flight,1585,2539,Bronze,Agent
LOY001434,CUST0201,2024-04-24,earn_flight,148,2687,Bronze,App
LOY001435,CUST0201,2023-10-08,redeem_voucher,-644,2043,Bronze,App
LOY001436,CUST0201,2023-12-11,earn_flight,1338,3381,Bronze,Web
LOY001437,CUST0201,2024-08-29,redeem_upgrade,-1359,2022,Bronze,Web
LOY001438,CUST0202,2024-04-26,earn_flight,1452,1566,Bronze,App
LOY001439,CUST0202,2024-11-17,redeem_voucher,-766,800,Bronze,Kiosk
LOY001440,CUST0202,2024-07-07,earn_flight,1698,2498,Bronze,App
LOY001441,CUST0202,2024-05-20,redeem_upgrade,-983,1515,Bronze,Kiosk
LOY001442,CUST0203,2024-05-01,tier_upgrade,0,341,Bronze,Agent
LOY001443,CUST0203,2024-02-09,earn_flight,1107,1448,Bronze,Web
LOY001444,CUST0204,2024-02-09,earn_bonus,322,947,Bronze,Web
LOY001445,CUST0204,2024-10-25,earn_flight,1417,2364,Bronze,App
LOY001446,CUST0204,2024-11-05,redeem_upgrade,-411,1953,Bronze,App
LOY001447,CUST0204,2023-10-24,earn_flight,1590,3543,Bronze,Agent
LOY001448,CUST0204,2024-11-09,earn_flight,1119,4662,Bronze,Web
LOY001449,CUST0204,2023-08-11,redeem_voucher,-999,3663,Bronze,Agent
LOY001450,CUST0204,2024-01-13,redeem_upgrade,-1001,2662,Bronze,App
LOY001451,CUST0204,2025-01-19,redeem_upgrade,-1204,1458,Bronze,Kiosk
LOY001452,CUST0205,2023-10-21,earn_bonus,106,553,Bronze,Kiosk
LOY001453,CUST0205,2024-12-16,earn_flight,1196,1749,Bronze,Agent
LOY001454,CUST0205,2024-07-17,redeem_upgrade,-1020,729,Bronze,App
LOY001455,CUST0205,2023-11-11,earn_flight,1847,2576,Bronze,Agent
LOY001456,CUST0205,2023-11-01,redeem_voucher,-793,1783,Bronze,Web
LOY001457,CUST0205,2024-02-07,earn_bonus,886,2669,Bronze,Web
LOY001458,CUST0205,2024-06-12,redeem_upgrade,-418,2251,Bronze,Agent
LOY001459,CUST0205,2024-12-21,earn_flight,1395,3646,Bronze,Kiosk
LOY001460,CUST0206,2023-09-16,earn_flight,1574,6126,Gold,Web
LOY001461,CUST0206,2024-12-23,earn_flight,1723,7849,Gold,Agent
LOY001462,CUST0206,2025-01-03,earn_bonus,1808,9657,Gold,Kiosk
LOY001463,CUST0206,2023-08-27,earn_flight,214,9871,Gold,Agent
LOY001464,CUST0207,2024-09-29,earn_flight,1752,2491,Bronze,Kiosk
LOY001465,CUST0207,2024-01-10,redeem_upgrade,-677,1814,Bronze,App
LOY001466,CUST0208,2024-12-23,redeem_upgrade,-1165,0,Bronze,App
LOY001467,CUST0208,2024-04-15,redeem_upgrade,-467,0,Bronze,App
LOY001468,CUST0208,2024-02-03,earn_bonus,1952,1952,Bronze,Agent
LOY001469,CUST0208,2023-11-18,earn_flight,449,2401,Bronze,App
LOY001470,CUST0209,2025-01-01,earn_bonus,1360,1469,Bronze,Web
LOY001471,CUST0209,2023-10-14,redeem_voucher,-1072,397,Bronze,Agent
LOY001472,CUST0209,2024-09-25,earn_flight,1501,1898,Bronze,Web
LOY001473,CUST0210,2023-09-26,earn_bonus,787,1117,Bronze,App
LOY001474,CUST0210,2023-12-12,earn_flight,1651,2768,Bronze,Kiosk
LOY001475,CUST0210,2024-01-30,redeem_upgrade,-1333,1435,Bronze,Web
LOY001476,CUST0210,2024-11-02,earn_flight,1291,2726,Bronze,App
LOY001477,CUST0210,2023-12-25,earn_flight,1835,4561,Bronze,Kiosk
LOY001478,CUST0211,2024-12-21,earn_flight,114,4406,Gold,Web
LOY001479,CUST0211,2023-11-10,redeem_upgrade,-1415,2991,Gold,Agent
LOY001480,CUST0212,2023-12-18,earn_flight,1410,1837,Bronze,Agent
LOY001481,CUST0212,2025-01-27,earn_flight,589,2426,Bronze,Web
LOY001482,CUST0212,2023-09-18,earn_bonus,1568,3994,Bronze,Kiosk
LOY001483,CUST0212,2023-11-09,earn_bonus,1702,5696,Bronze,Agent
LOY001484,CUST0212,2024-08-01,earn_flight,1242,6938,Bronze,Web
LOY001485,CUST0212,2024-02-23,earn_flight,1185,8123,Bronze,App
LOY001486,CUST0212,2024-08-15,redeem_voucher,-1305,6818,Bronze,Web
LOY001487,CUST0212,2024-11-28,redeem_upgrade,-626,6192,Bronze,Agent
LOY001488,CUST0212,2023-10-04,earn_flight,1731,7923,Bronze,Web
LOY001489,CUST0213,2024-02-07,earn_flight,1989,8875,Gold,App
LOY001490,CUST0213,2023-10-05,earn_bonus,683,9558,Gold,Web
LOY001491,CUST0213,2024-10-29,earn_flight,1363,10921,Gold,Kiosk
LOY001492,CUST0213,2023-09-24,earn_flight,207,11128,Gold,Web
LOY001493,CUST0213,2024-01-19,redeem_upgrade,-1193,9935,Gold,App
LOY001494,CUST0213,2023-10-22,redeem_voucher,-1110,8825,Gold,Agent
LOY001495,CUST0213,2024-10-13,earn_flight,1486,10311,Gold,Agent
LOY001496,CUST0213,2024-04-02,redeem_upgrade,-867,9444,Gold,Web
LOY001497,CUST0213,2023-11-19,earn_flight,944,10388,Gold,Web
LOY001498,CUST0214,2023-10-25,earn_flight,1092,1477,Bronze,App
LOY001499,CUST0214,2024-10-30,earn_flight,2000,3477,Bronze,Kiosk
LOY001500,CUST0214,2024-02-09,earn_flight,379,3856,Bronze,Kiosk
LOY001501,CUST0214,2024-02-25,earn_bonus,652,4508,Bronze,Web
LOY001502,CUST0214,2024-07-19,earn_flight,1517,6025,Bronze,App
LOY001503,CUST0215,2023-12-02,redeem_voucher,-1139,0,Bronze,Kiosk
LOY001504,CUST0215,2024-02-02,redeem_upgrade,-650,0,Bronze,Agent
LOY001505,CUST0215,2024-01-18,redeem_upgrade,-1452,0,Bronze,Web
LOY001506,CUST0215,2024-04-02,earn_flight,1855,1855,Bronze,Kiosk
LOY001507,CUST0216,2024-12-07,redeem_voucher,-771,915,Silver,App
LOY001508,CUST0216,2024-10-22,redeem_upgrade,-705,210,Silver,Web
LOY001509,CUST0216,2024-07-11,earn_flight,555,765,Silver,Web
LOY001510,CUST0216,2023-08-16,earn_flight,190,955,Silver,App
LOY001511,CUST0216,2024-12-04,redeem_upgrade,-1232,0,Silver,App
LOY001512,CUST0216,2024-10-19,earn_bonus,1081,1081,Silver,App
LOY001513,CUST0216,2024-11-16,earn_flight,270,1351,Silver,App
LOY001514,CUST0216,2024-09-30,redeem_voucher,-471,880,Silver,Agent
LOY001515,CUST0216,2024-06-08,earn_flight,285,1165,Silver,App
LOY001516,CUST0216,2024-12-14,redeem_upgrade,-531,634,Silver,Kiosk
LOY001517,CUST0216,2023-09-04,tier_upgrade,0,634,Silver,Kiosk
LOY001518,CUST0217,2024-09-29,earn_flight,1884,2675,Bronze,Agent
LOY001519,CUST0217,2024-11-28,redeem_upgrade,-202,2473,Bronze,App
LOY001520,CUST0217,2024-09-08,redeem_voucher,-881,1592,Bronze,App
LOY001521,CUST0217,2024-06-09,earn_flight,652,2244,Bronze,Web
LOY001522,CUST0218,2024-07-19,redeem_upgrade,-312,390,Bronze,Agent
LOY001523,CUST0218,2023-10-02,earn_flight,848,1238,Bronze,Kiosk
LOY001524,CUST0218,2023-09-21,earn_flight,458,1696,Bronze,App
LOY001525,CUST0219,2023-12-30,tier_upgrade,0,575,Bronze,Web
LOY001526,CUST0219,2023-12-05,earn_bonus,1610,2185,Bronze,Web
LOY001527,CUST0219,2024-03-28,earn_flight,1938,4123,Bronze,Agent
LOY001528,CUST0219,2025-01-07,redeem_upgrade,-767,3356,Bronze,App
LOY001529,CUST0219,2023-10-14,earn_flight,1026,4382,Bronze,Kiosk
LOY001530,CUST0220,2023-12-14,earn_flight,1189,1703,Bronze,Agent
LOY001531,CUST0220,2024-11-15,earn_bonus,1738,3441,Bronze,App
LOY001532,CUST0220,2024-02-19,redeem_voucher,-1137,2304,Bronze,App
LOY001533,CUST0220,2023-11-01,earn_flight,466,2770,Bronze,Agent
LOY001534,CUST0220,2023-10-28,earn_flight,665,3435,Bronze,App
LOY001535,CUST0220,2024-01-09,earn_flight,1891,5326,Bronze,Web
LOY001536,CUST0220,2025-01-25,tier_upgrade,0,5326,Bronze,App
LOY001537,CUST0220,2024-06-06,earn_flight,1497,6823,Bronze,Web
LOY001538,CUST0220,2024-12-08,earn_flight,1009,7832,Bronze,App
LOY001539,CUST0220,2024-06-04,earn_flight,145,7977,Bronze,Web
LOY001540,CUST0221,2024-07-19,earn_flight,802,1335,Bronze,Agent
LOY001541,CUST0221,2024-12-20,earn_bonus,1527,2862,Bronze,Kiosk
LOY001542,CUST0221,2024-11-21,earn_flight,370,3232,Bronze,Agent
LOY001543,CUST0221,2024-02-02,redeem_upgrade,-664,2568,Bronze,Kiosk
LOY001544,CUST0221,2024-08-25,tier_upgrade,0,2568,Bronze,App
LOY001545,CUST0221,2024-01-09,earn_flight,1033,3601,Bronze,Web
LOY001546,CUST0221,2024-01-22,redeem_upgrade,-784,2817,Bronze,Web
LOY001547,CUST0221,2024-02-06,redeem_voucher,-514,2303,Bronze,Web
LOY001548,CUST0221,2024-04-10,earn_flight,748,3051,Bronze,Web
LOY001549,CUST0221,2024-11-04,earn_flight,477,3528,Bronze,Web
LOY001550,CUST0221,2023-09-15,redeem_upgrade,-904,2624,Bronze,Web
LOY001551,CUST0221,2024-08-26,earn_flight,432,3056,Bronze,Agent
LOY001552,CUST0222,2024-09-28,redeem_voucher,-497,0,Bronze,Kiosk
LOY001553,CUST0222,2024-07-03,earn_flight,1612,1612,Bronze,Agent
LOY001554,CUST0223,2024-06-02,tier_upgrade,0,2010,Silver,Web
LOY001555,CUST0223,2024-11-05,earn_flight,330,2340,Silver,Kiosk
LOY001556,CUST0223,2023-09-21,earn_flight,1228,3568,Silver,App
LOY001557,CUST0223,2024-06-21,earn_flight,1364,4932,Silver,Web
LOY001558,CUST0223,2024-11-09,earn_flight,768,5700,Silver,App
LOY001559,CUST0223,2024-02-26,earn_bonus,554,6254,Silver,Agent
LOY001560,CUST0223,2024-02-27,earn_flight,1202,7456,Silver,Kiosk
LOY001561,CUST0223,2023-11-08,tier_upgrade,0,7456,Silver,Kiosk
LOY001562,CUST0223,2024-02-26,earn_flight,1335,8791,Silver,App
LOY001563,CUST0224,2024-09-21,earn_flight,1848,2531,Bronze,Kiosk
LOY001564,CUST0224,2024-08-23,earn_flight,124,2655,Bronze,Agent
LOY001565,CUST0224,2024-07-29,earn_flight,1012,3667,Bronze,App
LOY001566,CUST0224,2024-03-18,redeem_upgrade,-1109,2558,Bronze,Kiosk
LOY001567,CUST0224,2024-11-06,earn_flight,1750,4308,Bronze,Kiosk
LOY001568,CUST0224,2024-10-08,earn_flight,1302,5610,Bronze,App
LOY001569,CUST0224,2024-01-05,earn_flight,1072,6682,Bronze,Agent
LOY001570,CUST0225,2024-08-29,earn_flight,938,2008,Silver,Agent
LOY001571,CUST0225,2024-10-08,earn_flight,1046,3054,Silver,Web
LOY001572,CUST0225,2024-03-02,earn_flight,881,3935,Silver,Agent
LOY001573,CUST0225,2024-12-25,earn_flight,1792,5727,Silver,Agent
LOY001574,CUST0225,2024-06-17,earn_flight,1615,7342,Silver,Kiosk
LOY001575,CUST0225,2024-03-27,earn_flight,105,7447,Silver,Web
LOY001576,CUST0225,2024-05-05,earn_flight,1411,8858,Silver,Kiosk
LOY001577,CUST0225,2023-12-16,redeem_upgrade,-789,8069,Silver,Kiosk
LOY001578,CUST0225,2024-02-10,earn_flight,1508,9577,Silver,Web
LOY001579,CUST0225,2023-09-09,earn_flight,667,10244,Silver,Kiosk
LOY001580,CUST0225,2023-10-18,earn_bonus,840,11084,Silver,Kiosk
LOY001581,CUST0226,2024-05-01,earn_bonus,1074,1654,Bronze,App
LOY001582,CUST0226,2024-08-27,earn_bonus,1278,2932,Bronze,App
LOY001583,CUST0226,2024-05-02,earn_flight,219,3151,Bronze,Web
LOY001584,CUST0226,2024-07-03,earn_flight,1519,4670,Bronze,Web
LOY001585,CUST0226,2024-08-10,earn_flight,658,5328,Bronze,Agent
LOY001586,CUST0226,2024-10-13,earn_bonus,829,6157,Bronze,App
LOY001587,CUST0226,2024-06-02,earn_flight,1408,7565,Bronze,App
LOY001588,CUST0226,2025-01-18,earn_flight,1386,8951,Bronze,Web
LOY001589,CUST0227,2024-01-29,earn_bonus,1886,5660,Gold,Agent
LOY001590,CUST0227,2024-06-14,earn_flight,1529,7189,Gold,Agent
LOY001591,CUST0227,2023-11-17,earn_bonus,820,8009,Gold,Web
LOY001592,CUST0227,2023-08-24,earn_flight,676,8685,Gold,Agent
LOY001593,CUST0227,2024-12-19,earn_flight,1986,10671,Gold,Web
LOY001594,CUST0227,2023-11-23,earn_flight,1130,11801,Gold,Web
LOY001595,CUST0227,2024-02-19,redeem_upgrade,-1344,10457,Gold,App
LOY001596,CUST0227,2024-10-11,earn_flight,256,10713,Gold,App
LOY001597,CUST0227,2023-12-23,redeem_voucher,-1182,9531,Gold,Agent
LOY001598,CUST0227,2024-06-25,redeem_upgrade,-484,9047,Gold,Kiosk
LOY001599,CUST0227,2025-01-27,redeem_upgrade,-900,8147,Gold,Web
LOY001600,CUST0228,2023-12-10,earn_flight,1854,7349,Gold,Web
LOY001601,CUST0228,2024-03-30,earn_flight,529,7878,Gold,Web
LOY001602,CUST0229,2023-12-03,earn_flight,1686,1767,Bronze,Kiosk
LOY001603,CUST0229,2024-10-25,earn_flight,320,2087,Bronze,App
LOY001604,CUST0229,2025-01-17,earn_bonus,1060,3147,Bronze,App
LOY001605,CUST0229,2024-04-26,earn_flight,717,3864,Bronze,App
LOY001606,CUST0229,2023-11-17,redeem_upgrade,-1432,2432,Bronze,Web
LOY001607,CUST0229,2024-03-02,earn_flight,819,3251,Bronze,App
LOY001608,CUST0229,2023-11-11,earn_flight,1628,4879,Bronze,Agent
LOY001609,CUST0229,2024-08-01,earn_flight,1851,6730,Bronze,Web
LOY001610,CUST0230,2023-10-19,earn_flight,1284,1802,Bronze,App
LOY001611,CUST0230,2024-03-20,redeem_upgrade,-777,1025,Bronze,Web
LOY001612,CUST0230,2023-08-15,tier_upgrade,0,1025,Bronze,App
LOY001613,CUST0230,2024-03-17,redeem_voucher,-1172,0,Bronze,Agent
LOY001614,CUST0230,2024-02-16,earn_flight,319,319,Bronze,Web
LOY001615,CUST0230,2024-08-08,tier_upgrade,0,319,Bronze,Kiosk
LOY001616,CUST0230,2024-03-17,earn_bonus,934,1253,Bronze,App
LOY001617,CUST0230,2024-06-27,earn_flight,325,1578,Bronze,Web
LOY001618,CUST0230,2024-12-30,redeem_upgrade,-790,788,Bronze,App
LOY001619,CUST0230,2023-11-03,earn_flight,336,1124,Bronze,Kiosk
LOY001620,CUST0230,2024-05-27,earn_flight,1607,2731,Bronze,Agent
LOY001621,CUST0231,2024-10-01,earn_flight,1851,8487,Gold,Kiosk
LOY001622,CUST0231,2024-02-20,redeem_voucher,-1174,7313,Gold,Agent
LOY001623,CUST0231,2024-02-10,earn_flight,1480,8793,Gold,Kiosk
LOY001624,CUST0231,2023-11-26,earn_flight,1170,9963,Gold,App
LOY001625,CUST0231,2023-12-11,earn_flight,920,10883,Gold,App
LOY001626,CUST0232,2023-10-16,earn_flight,507,1267,Bronze,Agent
LOY001627,CUST0232,2024-03-03,earn_bonus,927,2194,Bronze,App
LOY001628,CUST0232,2024-04-05,redeem_voucher,-1222,972,Bronze,Agent
LOY001629,CUST0232,2024-05-16,redeem_upgrade,-1019,0,Bronze,Agent
LOY001630,CUST0233,2024-09-28,tier_upgrade,0,488,Bronze,Agent
LOY001631,CUST0233,2024-01-08,redeem_upgrade,-421,67,Bronze,App
LOY001632,CUST0233,2024-04-23,earn_flight,572,639,Bronze,Web
LOY001633,CUST0233,2023-09-10,earn_flight,208,847,Bronze,App
LOY001634,CUST0233,2025-01-02,redeem_upgrade,-566,281,Bronze,Kiosk
LOY001635,CUST0233,2024-07-10,earn_flight,1373,1654,Bronze,App
LOY001636,CUST0233,2023-10-28,redeem_upgrade,-1264,390,Bronze,Kiosk
LOY001637,CUST0233,2024-11-30,earn_flight,1455,1845,Bronze,Kiosk
LOY001638,CUST0233,2024-12-25,earn_bonus,1210,3055,Bronze,Agent
LOY001639,CUST0233,2023-08-29,tier_upgrade,0,3055,Bronze,App
LOY001640,CUST0233,2024-10-24,redeem_voucher,-443,2612,Bronze,Kiosk
LOY001641,CUST0233,2024-11-13,earn_flight,870,3482,Bronze,Kiosk
LOY001642,CUST0234,2023-09-13,earn_flight,1450,1921,Bronze,Agent
LOY001643,CUST0234,2024-01-26,earn_flight,375,2296,Bronze,Agent
LOY001644,CUST0235,2024-12-22,redeem_upgrade,-1365,0,Bronze,Kiosk
LOY001645,CUST0235,2024-12-04,earn_flight,1849,1849,Bronze,Web
LOY001646,CUST0235,2025-01-10,earn_flight,639,2488,Bronze,Kiosk
LOY001647,CUST0235,2024-08-31,earn_bonus,822,3310,Bronze,Agent
LOY001648,CUST0235,2024-07-04,earn_flight,1309,4619,Bronze,App
LOY001649,CUST0235,2023-12-20,redeem_voucher,-914,3705,Bronze,App
LOY001650,CUST0235,2024-07-25,earn_flight,976,4681,Bronze,Agent
LOY001651,CUST0235,2024-08-10,earn_flight,215,4896,Bronze,Web
LOY001652,CUST0236,2024-06-25,earn_bonus,1964,2218,Bronze,App
LOY001653,CUST0236,2024-06-18,earn_flight,447,2665,Bronze,App
LOY001654,CUST0236,2024-07-09,earn_flight,1447,4112,Bronze,Kiosk
LOY001655,CUST0236,2025-01-19,redeem_voucher,-746,3366,Bronze,App
LOY001656,CUST0236,2024-12-03,earn_bonus,748,4114,Bronze,Kiosk
LOY001657,CUST0237,2023-11-19,redeem_voucher,-404,1994,Silver,Web
LOY001658,CUST0237,2024-07-20,earn_flight,1761,3755,Silver,Agent
LOY001659,CUST0237,2024-01-28,earn_bonus,844,4599,Silver,Kiosk
LOY001660,CUST0237,2024-03-04,earn_flight,1835,6434,Silver,App
LOY001661,CUST0237,2024-03-17,earn_flight,197,6631,Silver,Agent
LOY001662,CUST0237,2024-09-25,redeem_voucher,-1479,5152,Silver,App
LOY001663,CUST0237,2023-11-16,earn_bonus,659,5811,Silver,App
LOY001664,CUST0238,2024-12-09,earn_flight,811,8451,Gold,App
LOY001665,CUST0238,2024-06-15,earn_bonus,714,9165,Gold,Kiosk
LOY001666,CUST0238,2024-06-26,earn_flight,923,10088,Gold,Agent
LOY001667,CUST0238,2025-01-19,earn_flight,1663,11751,Gold,Web
LOY001668,CUST0238,2023-08-30,earn_bonus,1157,12908,Gold,Web
LOY001669,CUST0238,2025-01-03,earn_flight,1787,14695,Gold,Kiosk
LOY001670,CUST0238,2024-05-11,redeem_voucher,-1291,13404,Gold,Kiosk
LOY001671,CUST0238,2023-10-11,earn_bonus,846,14250,Gold,Kiosk
LOY001672,CUST0238,2024-01-09,earn_flight,1628,15878,Gold,Agent
LOY001673,CUST0238,2024-10-29,earn_flight,1861,17739,Gold,App
LOY001674,CUST0239,2024-05-10,redeem_voucher,-528,1105,Silver,Agent
LOY001675,CUST0239,2024-04-08,earn_flight,332,1437,Silver,Web
LOY001676,CUST0239,2024-02-23,earn_flight,1732,3169,Silver,Agent
LOY001677,CUST0239,2024-11-28,earn_flight,993,4162,Silver,Kiosk
LOY001678,CUST0239,2023-09-17,earn_flight,658,4820,Silver,Web
LOY001679,CUST0239,2023-09-09,earn_flight,1745,6565,Silver,Agent
LOY001680,CUST0239,2024-02-07,earn_bonus,186,6751,Silver,Kiosk
LOY001681,CUST0239,2023-08-31,earn_flight,1936,8687,Silver,App
LOY001682,CUST0240,2024-06-11,redeem_voucher,-1033,0,Bronze,Agent
LOY001683,CUST0240,2023-11-11,earn_flight,1819,1819,Bronze,Web
LOY001684,CUST0240,2024-04-08,earn_flight,1604,3423,Bronze,App
LOY001685,CUST0240,2025-01-26,redeem_upgrade,-1388,2035,Bronze,Agent
LOY001686,CUST0240,2024-12-31,redeem_voucher,-687,1348,Bronze,App
LOY001687,CUST0240,2024-06-26,earn_flight,1296,2644,Bronze,Kiosk
LOY001688,CUST0240,2024-04-08,redeem_voucher,-646,1998,Bronze,Web
LOY001689,CUST0240,2023-11-28,earn_flight,662,2660,Bronze,Kiosk
LOY001690,CUST0240,2024-10-02,earn_flight,1307,3967,Bronze,App
LOY001691,CUST0240,2024-12-25,earn_bonus,1532,5499,Bronze,App
LOY001692,CUST0240,2024-06-30,earn_bonus,1072,6571,Bronze,Web
LOY001693,CUST0241,2024-08-16,earn_flight,853,1138,Bronze,Agent
LOY001694,CUST0241,2023-09-01,earn_bonus,1953,3091,Bronze,App
LOY001695,CUST0241,2023-10-05,redeem_upgrade,-690,2401,Bronze,Agent
LOY001696,CUST0241,2024-09-07,earn_flight,1534,3935,Bronze,Agent
LOY001697,CUST0242,2024-04-09,redeem_voucher,-995,3004,Gold,App
LOY001698,CUST0242,2024-09-16,redeem_voucher,-723,2281,Gold,Agent
LOY001699,CUST0242,2023-11-11,redeem_voucher,-682,1599,Gold,Agent
LOY001700,CUST0242,2024-03-13,redeem_voucher,-528,1071,Gold,Kiosk
LOY001701,CUST0242,2024-06-30,redeem_voucher,-1032,39,Gold,App
LOY001702,CUST0242,2024-05-17,redeem_voucher,-1206,0,Gold,Kiosk
LOY001703,CUST0242,2024-10-06,redeem_voucher,-881,0,Gold,Kiosk
LOY001704,CUST0242,2023-11-21,redeem_voucher,-734,0,Gold,App
LOY001705,CUST0242,2024-08-05,earn_flight,1593,1593,Gold,Agent
LOY001706,CUST0242,2024-11-17,redeem_upgrade,-306,1287,Gold,Web
LOY001707,CUST0243,2023-12-28,earn_flight,509,1155,Bronze,Agent
LOY001708,CUST0243,2024-06-27,earn_bonus,326,1481,Bronze,Web
LOY001709,CUST0243,2024-04-22,earn_bonus,1672,3153,Bronze,Web
LOY001710,CUST0243,2024-10-04,redeem_upgrade,-854,2299,Bronze,Kiosk
LOY001711,CUST0243,2024-12-12,redeem_voucher,-473,1826,Bronze,Agent
LOY001712,CUST0243,2024-02-04,redeem_upgrade,-870,956,Bronze,Agent
LOY001713,CUST0243,2024-03-01,earn_flight,852,1808,Bronze,Web
LOY001714,CUST0243,2024-09-16,redeem_voucher,-1368,440,Bronze,Web
LOY001715,CUST0243,2023-09-01,redeem_voucher,-1343,0,Bronze,Web
LOY001716,CUST0244,2024-03-01,earn_flight,1844,3008,Silver,Web
LOY001717,CUST0244,2023-09-30,earn_flight,978,3986,Silver,Agent
LOY001718,CUST0244,2024-01-10,earn_flight,853,4839,Silver,Web
LOY001719,CUST0244,2023-12-09,earn_flight,1176,6015,Silver,Kiosk
LOY001720,CUST0244,2024-11-17,redeem_voucher,-1212,4803,Silver,App
LOY001721,CUST0244,2024-03-27,redeem_upgrade,-590,4213,Silver,Agent
LOY001722,CUST0244,2024-05-31,redeem_upgrade,-982,3231,Silver,Web
LOY001723,CUST0244,2024-10-25,redeem_voucher,-1428,1803,Silver,Web
LOY001724,CUST0244,2024-05-26,redeem_upgrade,-587,1216,Silver,Kiosk
LOY001725,CUST0245,2024-01-07,earn_flight,636,821,Bronze,Web
LOY001726,CUST0245,2024-11-14,redeem_voucher,-957,0,Bronze,Kiosk
LOY001727,CUST0245,2023-11-06,earn_flight,372,372,Bronze,Agent
LOY001728,CUST0245,2024-09-21,redeem_upgrade,-985,0,Bronze,Kiosk
LOY001729,CUST0245,2024-04-29,earn_flight,1240,1240,Bronze,App
LOY001730,CUST0245,2023-10-03,earn_flight,580,1820,Bronze,Kiosk
LOY001731,CUST0245,2024-08-07,tier_upgrade,0,1820,Bronze,App
LOY001732,CUST0245,2023-08-16,earn_flight,1369,3189,Bronze,Kiosk
LOY001733,CUST0246,2024-08-24,earn_flight,1927,2237,Bronze,App
LOY001734,CUST0246,2024-02-10,earn_flight,1131,3368,Bronze,Kiosk
LOY001735,CUST0246,2024-07-23,redeem_voucher,-470,2898,Bronze,App
LOY001736,CUST0246,2024-06-30,redeem_upgrade,-1086,1812,Bronze,Web
LOY001737,CUST0246,2024-05-03,earn_flight,190,2002,Bronze,Web
LOY001738,CUST0246,2025-01-03,redeem_voucher,-775,1227,Bronze,Agent
LOY001739,CUST0246,2024-10-24,earn_flight,1895,3122,Bronze,Agent
LOY001740,CUST0246,2024-05-07,earn_bonus,992,4114,Bronze,Web
LOY001741,CUST0247,2024-01-12,earn_bonus,1990,2314,Bronze,Kiosk
LOY001742,CUST0247,2023-10-04,earn_flight,211,2525,Bronze,Web
LOY001743,CUST0247,2024-02-14,earn_flight,632,3157,Bronze,Web
LOY001744,CUST0247,2024-12-01,earn_flight,1933,5090,Bronze,Kiosk
LOY001745,CUST0247,2023-09-21,earn_flight,1552,6642,Bronze,Kiosk
LOY001746,CUST0247,2024-11-21,earn_flight,1832,8474,Bronze,Web
LOY001747,CUST0247,2023-12-15,earn_flight,517,8991,Bronze,Agent
LOY001748,CUST0247,2024-02-11,redeem_voucher,-1241,7750,Bronze,Agent
LOY001749,CUST0247,2024-03-15,earn_bonus,108,7858,Bronze,Web
LOY001750,CUST0248,2024-04-19,redeem_upgrade,-393,2112,Silver,Agent
LOY001751,CUST0248,2023-09-06,earn_flight,1493,3605,Silver,App
LOY001752,CUST0248,2024-09-17,earn_flight,317,3922,Silver,Agent
LOY001753,CUST0249,2023-11-02,earn_flight,1549,1707,Bronze,Kiosk
LOY001754,CUST0249,2024-11-17,earn_bonus,651,2358,Bronze,App
LOY001755,CUST0250,2024-11-16,earn_flight,1598,1936,Bronze,Web
LOY001756,CUST0250,2024-03-14,redeem_voucher,-779,1157,Bronze,Agent
LOY001757,CUST0251,2024-09-04,earn_flight,622,679,Bronze,Web
LOY001758,CUST0251,2024-04-12,tier_upgrade,0,679,Bronze,Kiosk
LOY001759,CUST0251,2023-11-10,earn_flight,526,1205,Bronze,Web
LOY001760,CUST0252,2024-05-28,earn_bonus,1439,7621,Gold,Web
LOY001761,CUST0252,2023-12-12,earn_flight,1740,9361,Gold,Kiosk
LOY001762,CUST0252,2024-06-23,redeem_voucher,-1435,7926,Gold,Web
LOY001763,CUST0252,2024-08-12,redeem_upgrade,-952,6974,Gold,Web
LOY001764,CUST0252,2024-12-24,earn_flight,894,7868,Gold,Kiosk
LOY001765,CUST0252,2024-05-11,earn_bonus,966,8834,Gold,App
LOY001766,CUST0252,2024-10-16,redeem_voucher,-1457,7377,Gold,Web
LOY001767,CUST0252,2024-10-28,earn_bonus,290,7667,Gold,App
LOY001768,CUST0253,2024-11-27,redeem_upgrade,-517,9,Bronze,Kiosk
LOY001769,CUST0253,2025-01-31,earn_bonus,1174,1183,Bronze,App
LOY001770,CUST0253,2024-06-03,earn_flight,262,1445,Bronze,Kiosk
LOY001771,CUST0253,2024-06-13,earn_flight,361,1806,Bronze,Agent
LOY001772,CUST0253,2024-04-21,earn_bonus,705,2511,Bronze,App
LOY001773,CUST0253,2023-10-28,redeem_voucher,-1251,1260,Bronze,App
LOY001774,CUST0253,2025-01-14,earn_flight,293,1553,Bronze,Kiosk
LOY001775,CUST0254,2024-04-26,earn_flight,1299,1976,Bronze,App
LOY001776,CUST0254,2025-01-07,earn_flight,1616,3592,Bronze,Kiosk
LOY001777,CUST0254,2024-02-10,redeem_upgrade,-1004,2588,Bronze,App
LOY001778,CUST0254,2023-11-04,earn_flight,1542,4130,Bronze,Agent
LOY001779,CUST0254,2024-06-27,earn_bonus,1031,5161,Bronze,Kiosk
LOY001780,CUST0254,2024-05-08,earn_flight,1980,7141,Bronze,Web
LOY001781,CUST0254,2024-03-14,earn_flight,1629,8770,Bronze,Agent
LOY001782,CUST0254,2023-11-27,earn_flight,136,8906,Bronze,App
LOY001783,CUST0254,2024-09-18,earn_flight,451,9357,Bronze,Kiosk
LOY001784,CUST0254,2024-11-24,redeem_upgrade,-1432,7925,Bronze,Kiosk
LOY001785,CUST0254,2024-06-16,earn_bonus,1363,9288,Bronze,Agent
LOY001786,CUST0255,2023-11-08,earn_flight,128,6363,Gold,Web
LOY001787,CUST0255,2023-12-03,redeem_voucher,-585,5778,Gold,App
LOY001788,CUST0255,2024-03-12,earn_flight,397,6175,Gold,Web
LOY001789,CUST0255,2024-10-30,redeem_voucher,-1303,4872,Gold,Web
LOY001790,CUST0255,2023-11-07,earn_flight,1049,5921,Gold,Web
LOY001791,CUST0255,2024-12-08,earn_flight,338,6259,Gold,Web
LOY001792,CUST0256,2024-12-19,earn_flight,1860,2017,Bronze,Kiosk
LOY001793,CUST0256,2024-04-15,earn_flight,1266,3283,Bronze,Kiosk
LOY001794,CUST0256,2023-10-02,earn_flight,310,3593,Bronze,Kiosk
LOY001795,CUST0256,2024-10-09,redeem_voucher,-1385,2208,Bronze,Agent
LOY001796,CUST0256,2023-09-17,earn_flight,1095,3303,Bronze,Kiosk
LOY001797,CUST0256,2024-04-04,redeem_upgrade,-1281,2022,Bronze,App
LOY001798,CUST0256,2024-10-16,earn_bonus,1233,3255,Bronze,App
LOY001799,CUST0256,2024-05-11,redeem_voucher,-1054,2201,Bronze,Kiosk
LOY001800,CUST0256,2023-12-08,earn_flight,1423,3624,Bronze,Agent
LOY001801,CUST0257,2023-09-01,earn_flight,1587,2047,Bronze,Web
LOY001802,CUST0257,2024-12-03,earn_flight,575,2622,Bronze,Web
LOY001803,CUST0257,2024-07-23,redeem_voucher,-1159,1463,Bronze,Web
LOY001804,CUST0257,2024-06-06,redeem_upgrade,-999,464,Bronze,Kiosk
LOY001805,CUST0257,2024-08-13,redeem_upgrade,-531,0,Bronze,Web
LOY001806,CUST0257,2024-05-26,redeem_upgrade,-376,0,Bronze,Kiosk
LOY001807,CUST0257,2023-12-21,earn_flight,420,420,Bronze,Kiosk
LOY001808,CUST0257,2023-11-22,redeem_upgrade,-1211,0,Bronze,Agent
LOY001809,CUST0258,2023-09-28,tier_upgrade,0,241,Bronze,Agent
LOY001810,CUST0258,2024-05-04,earn_flight,424,665,Bronze,Web
LOY001811,CUST0258,2025-01-07,earn_flight,230,895,Bronze,Agent
LOY001812,CUST0258,2024-10-24,earn_flight,564,1459,Bronze,App
LOY001813,CUST0258,2024-03-27,earn_flight,796,2255,Bronze,Agent
LOY001814,CUST0259,2024-05-10,redeem_voucher,-1255,0,Bronze,App
LOY001815,CUST0259,2023-10-01,redeem_voucher,-1096,0,Bronze,Kiosk
LOY001816,CUST0260,2023-11-27,redeem_upgrade,-1448,0,Bronze,App
LOY001817,CUST0260,2023-09-22,earn_bonus,442,442,Bronze,App
LOY001818,CUST0260,2024-03-08,redeem_voucher,-521,0,Bronze,Agent
LOY001819,CUST0261,2025-01-10,earn_flight,1882,2608,Bronze,App
LOY001820,CUST0261,2024-01-15,earn_bonus,785,3393,Bronze,Web
LOY001821,CUST0261,2023-12-14,redeem_voucher,-1099,2294,Bronze,Kiosk
LOY001822,CUST0261,2023-08-17,earn_flight,1757,4051,Bronze,Kiosk
LOY001823,CUST0261,2024-07-25,earn_flight,450,4501,Bronze,App
LOY001824,CUST0261,2024-05-09,earn_flight,1645,6146,Bronze,Kiosk
LOY001825,CUST0261,2024-08-14,earn_bonus,602,6748,Bronze,Web
LOY001826,CUST0261,2024-10-15,redeem_upgrade,-482,6266,Bronze,Kiosk
LOY001827,CUST0261,2024-10-07,redeem_voucher,-1139,5127,Bronze,Agent
LOY001828,CUST0262,2024-01-07,redeem_upgrade,-1259,0,Bronze,App
LOY001829,CUST0262,2023-11-05,earn_flight,922,922,Bronze,Web
LOY001830,CUST0262,2024-10-28,earn_flight,1654,2576,Bronze,App
LOY001831,CUST0262,2024-01-12,redeem_voucher,-318,2258,Bronze,Agent
LOY001832,CUST0262,2024-10-13,earn_flight,1494,3752,Bronze,Agent
LOY001833,CUST0262,2024-06-27,redeem_voucher,-216,3536,Bronze,Agent
LOY001834,CUST0262,2025-02-01,earn_bonus,400,3936,Bronze,Kiosk
LOY001835,CUST0262,2024-11-09,earn_bonus,1917,5853,Bronze,Kiosk
LOY001836,CUST0262,2024-07-29,redeem_voucher,-1028,4825,Bronze,Web
LOY001837,CUST0263,2023-09-17,earn_bonus,898,1207,Bronze,Web
LOY001838,CUST0263,2025-01-24,tier_upgrade,0,1207,Bronze,Agent
LOY001839,CUST0263,2024-03-16,earn_flight,1230,2437,Bronze,Agent
LOY001840,CUST0264,2024-01-21,earn_flight,1923,4858,Silver,Agent
LOY001841,CUST0264,2024-04-14,redeem_voucher,-822,4036,Silver,Kiosk
LOY001842,CUST0264,2025-01-09,earn_flight,222,4258,Silver,Agent
LOY001843,CUST0264,2024-05-02,earn_bonus,825,5083,Silver,App
LOY001844,CUST0264,2023-09-28,redeem_upgrade,-455,4628,Silver,Kiosk
LOY001845,CUST0264,2024-06-11,earn_bonus,110,4738,Silver,Kiosk
LOY001846,CUST0264,2024-07-23,tier_upgrade,0,4738,Silver,Web
LOY001847,CUST0265,2024-05-28,redeem_upgrade,-1373,4496,Gold,Web
LOY001848,CUST0265,2024-08-31,earn_bonus,607,5103,Gold,App
LOY001849,CUST0265,2024-07-11,earn_bonus,494,5597,Gold,Agent
LOY001850,CUST0265,2024-11-18,earn_flight,1557,7154,Gold,Kiosk
LOY001851,CUST0265,2024-10-05,earn_flight,227,7381,Gold,Kiosk
LOY001852,CUST0265,2023-12-22,earn_flight,1013,8394,Gold,App
LOY001853,CUST0266,2025-01-30,earn_flight,1244,3556,Silver,Kiosk
LOY001854,CUST0266,2024-05-07,earn_bonus,1403,4959,Silver,Kiosk
LOY001855,CUST0266,2024-11-03,redeem_upgrade,-1202,3757,Silver,Kiosk
LOY001856,CUST0266,2024-01-24,earn_flight,360,4117,Silver,Kiosk
LOY001857,CUST0266,2024-11-21,earn_flight,1542,5659,Silver,App
LOY001858,CUST0266,2024-03-15,earn_flight,166,5825,Silver,Web
LOY001859,CUST0266,2024-08-23,redeem_voucher,-443,5382,Silver,Kiosk
LOY001860,CUST0266,2023-12-01,earn_flight,1270,6652,Silver,Agent
LOY001861,CUST0266,2023-09-21,earn_bonus,341,6993,Silver,Agent
LOY001862,CUST0266,2024-06-18,tier_upgrade,0,6993,Silver,Agent
LOY001863,CUST0266,2024-06-07,earn_flight,1720,8713,Silver,Web
LOY001864,CUST0266,2024-01-03,redeem_upgrade,-1063,7650,Silver,App
LOY001865,CUST0267,2024-03-18,earn_flight,1614,1927,Bronze,Kiosk
LOY001866,CUST0267,2023-08-13,earn_flight,814,2741,Bronze,App
LOY001867,CUST0267,2023-09-25,earn_flight,1273,4014,Bronze,Agent
LOY001868,CUST0267,2024-11-16,redeem_voucher,-972,3042,Bronze,Kiosk
LOY001869,CUST0267,2023-12-24,redeem_upgrade,-1233,1809,Bronze,Kiosk
LOY001870,CUST0267,2024-11-13,redeem_upgrade,-505,1304,Bronze,Agent
LOY001871,CUST0268,2024-10-03,earn_flight,1943,3108,Silver,Kiosk
LOY001872,CUST0268,2024-07-23,earn_bonus,1473,4581,Silver,Kiosk
LOY001873,CUST0268,2024-05-21,earn_bonus,1873,6454,Silver,Web
LOY001874,CUST0268,2023-09-05,earn_bonus,1730,8184,Silver,Agent
LOY001875,CUST0268,2023-12-15,earn_bonus,274,8458,Silver,Web
LOY001876,CUST0268,2023-10-04,tier_upgrade,0,8458,Silver,Web
LOY001877,CUST0268,2024-12-10,earn_bonus,138,8596,Silver,App
LOY001878,CUST0268,2024-02-11,tier_upgrade,0,8596,Silver,Agent
LOY001879,CUST0268,2024-03-08,earn_flight,1545,10141,Silver,Kiosk
LOY001880,CUST0268,2023-11-05,redeem_voucher,-1442,8699,Silver,Agent
LOY001881,CUST0268,2024-09-25,earn_bonus,1106,9805,Silver,App
LOY001882,CUST0269,2024-02-11,earn_flight,1860,2209,Bronze,Agent
LOY001883,CUST0269,2024-09-05,earn_flight,334,2543,Bronze,App
LOY001884,CUST0269,2024-01-30,earn_flight,474,3017,Bronze,Agent
LOY001885,CUST0269,2023-11-10,earn_flight,934,3951,Bronze,Web
LOY001886,CUST0269,2023-10-10,earn_bonus,766,4717,Bronze,Web
LOY001887,CUST0269,2023-09-07,redeem_upgrade,-810,3907,Bronze,Kiosk
LOY001888,CUST0269,2023-11-20,earn_flight,945,4852,Bronze,Agent
LOY001889,CUST0269,2024-05-01,earn_flight,1795,6647,Bronze,App
LOY001890,CUST0270,2024-04-12,redeem_upgrade,-1400,0,Bronze,Web
LOY001891,CUST0270,2024-12-27,earn_bonus,1133,1133,Bronze,Kiosk
LOY001892,CUST0270,2023-12-06,earn_flight,751,1884,Bronze,Kiosk
LOY001893,CUST0270,2024-09-30,earn_flight,159,2043,Bronze,Kiosk
LOY001894,CUST0270,2024-04-06,redeem_voucher,-238,1805,Bronze,Agent
LOY001895,CUST0271,2023-11-22,earn_flight,1236,1804,Bronze,Web
LOY001896,CUST0271,2024-06-17,earn_bonus,1013,2817,Bronze,App
LOY001897,CUST0271,2025-01-04,earn_flight,391,3208,Bronze,Agent
LOY001898,CUST0271,2024-01-30,redeem_upgrade,-1300,1908,Bronze,Kiosk
LOY001899,CUST0271,2024-11-15,earn_flight,1764,3672,Bronze,Kiosk
LOY001900,CUST0271,2024-06-02,redeem_upgrade,-542,3130,Bronze,App
LOY001901,CUST0271,2023-10-11,redeem_voucher,-1187,1943,Bronze,Agent
LOY001902,CUST0271,2024-04-23,redeem_voucher,-978,965,Bronze,Agent
LOY001903,CUST0271,2024-03-15,earn_bonus,1145,2110,Bronze,Agent
LOY001904,CUST0271,2023-09-26,earn_flight,1193,3303,Bronze,App
LOY001905,CUST0271,2024-06-13,earn_flight,1530,4833,Bronze,App
LOY001906,CUST0272,2024-05-23,redeem_voucher,-631,0,Bronze,Agent
LOY001907,CUST0272,2024-07-26,earn_bonus,1641,1641,Bronze,Kiosk
LOY001908,CUST0272,2024-05-16,earn_flight,758,2399,Bronze,Agent
LOY001909,CUST0272,2024-03-13,earn_flight,1327,3726,Bronze,Agent
LOY001910,CUST0272,2023-08-27,redeem_voucher,-473,3253,Bronze,App
LOY001911,CUST0272,2024-12-10,earn_flight,119,3372,Bronze,Web
LOY001912,CUST0272,2024-10-07,earn_bonus,1526,4898,Bronze,Kiosk
LOY001913,CUST0272,2024-09-16,earn_bonus,1712,6610,Bronze,App
LOY001914,CUST0272,2023-09-11,redeem_voucher,-1111,5499,Bronze,App
LOY001915,CUST0272,2024-08-06,tier_upgrade,0,5499,Bronze,Kiosk
LOY001916,CUST0273,2024-09-10,earn_flight,1672,9597,Gold,App
LOY001917,CUST0273,2023-12-16,earn_flight,495,10092,Gold,Kiosk
LOY001918,CUST0273,2023-08-20,earn_flight,140,10232,Gold,Agent
LOY001919,CUST0273,2024-08-11,earn_flight,1771,12003,Gold,Agent
LOY001920,CUST0273,2024-03-24,earn_flight,1111,13114,Gold,Agent
LOY001921,CUST0273,2023-09-17,earn_flight,1952,15066,Gold,Web
LOY001922,CUST0273,2023-08-18,earn_flight,1781,16847,Gold,Kiosk
LOY001923,CUST0274,2025-01-04,earn_flight,1230,2484,Silver,Web
LOY001924,CUST0274,2024-02-06,earn_flight,362,2846,Silver,App
LOY001925,CUST0274,2023-12-19,earn_flight,1267,4113,Silver,Web
LOY001926,CUST0274,2025-01-27,redeem_upgrade,-761,3352,Silver,Web
LOY001927,CUST0274,2023-09-03,tier_upgrade,0,3352,Silver,Agent
LOY001928,CUST0274,2024-11-17,earn_flight,974,4326,Silver,App
LOY001929,CUST0275,2024-09-30,earn_flight,1492,1823,Bronze,Kiosk
LOY001930,CUST0275,2024-12-30,earn_flight,1654,3477,Bronze,App
LOY001931,CUST0275,2024-03-27,earn_flight,1980,5457,Bronze,Kiosk
LOY001932,CUST0275,2024-11-12,earn_flight,902,6359,Bronze,Web
LOY001933,CUST0275,2024-07-18,earn_flight,1271,7630,Bronze,App
LOY001934,CUST0275,2024-03-29,tier_upgrade,0,7630,Bronze,Kiosk
LOY001935,CUST0275,2023-10-26,redeem_voucher,-603,7027,Bronze,Web
LOY001936,CUST0275,2024-07-13,earn_flight,1382,8409,Bronze,App
LOY001937,CUST0276,2024-10-26,redeem_voucher,-1413,0,Bronze,Agent
LOY001938,CUST0276,2024-04-23,earn_flight,1069,1069,Bronze,Web
LOY001939,CUST0276,2024-07-24,redeem_voucher,-883,186,Bronze,Web
LOY001940,CUST0276,2023-10-24,redeem_upgrade,-1468,0,Bronze,Kiosk
LOY001941,CUST0276,2023-11-16,earn_bonus,1285,1285,Bronze,App
LOY001942,CUST0276,2023-11-06,tier_upgrade,0,1285,Bronze,App
LOY001943,CUST0276,2024-08-31,earn_flight,1836,3121,Bronze,App
LOY001944,CUST0276,2023-12-19,earn_flight,1743,4864,Bronze,Kiosk
LOY001945,CUST0276,2023-10-06,earn_flight,1382,6246,Bronze,Kiosk
LOY001946,CUST0277,2023-10-07,earn_bonus,703,771,Bronze,Kiosk
LOY001947,CUST0277,2024-09-25,earn_flight,1640,2411,Bronze,Kiosk
LOY001948,CUST0277,2024-04-05,redeem_voucher,-1477,934,Bronze,App
LOY001949,CUST0278,2024-11-28,redeem_upgrade,-1470,0,Bronze,App
LOY001950,CUST0278,2024-07-23,redeem_upgrade,-253,0,Bronze,Kiosk
LOY001951,CUST0278,2025-01-21,earn_flight,494,494,Bronze,App
LOY001952,CUST0278,2023-11-24,earn_flight,1560,2054,Bronze,App
LOY001953,CUST0278,2024-02-25,redeem_voucher,-458,1596,Bronze,Agent
LOY001954,CUST0278,2024-08-08,earn_flight,1584,3180,Bronze,Kiosk
LOY001955,CUST0278,2024-02-17,earn_flight,1732,4912,Bronze,App
LOY001956,CUST0278,2023-10-11,earn_flight,1297,6209,Bronze,Kiosk
LOY001957,CUST0279,2024-08-11,earn_flight,1912,9115,Gold,Web
LOY001958,CUST0279,2024-01-08,earn_flight,1335,10450,Gold,Agent
LOY001959,CUST0279,2024-06-04,earn_flight,116,10566,Gold,Web
LOY001960,CUST0279,2023-10-08,earn_flight,1777,12343,Gold,App
LOY001961,CUST0279,2024-10-16,earn_flight,510,12853,Gold,Web
LOY001962,CUST0279,2023-10-20,earn_flight,1467,14320,Gold,Kiosk
LOY001963,CUST0279,2024-12-01,earn_bonus,778,15098,Gold,Agent
LOY001964,CUST0279,2024-06-12,earn_flight,432,15530,Gold,App
LOY001965,CUST0279,2024-11-18,redeem_voucher,-286,15244,Gold,Kiosk
LOY001966,CUST0279,2024-03-22,redeem_voucher,-656,14588,Gold,Web
LOY001967,CUST0279,2024-11-30,earn_bonus,589,15177,Gold,Kiosk
LOY001968,CUST0279,2024-07-15,redeem_voucher,-969,14208,Gold,Web
LOY001969,CUST0280,2023-08-17,earn_flight,251,661,Bronze,Agent
LOY001970,CUST0280,2023-09-10,earn_bonus,391,1052,Bronze,Agent
LOY001971,CUST0280,2024-11-03,earn_flight,1299,2351,Bronze,Agent
LOY001972,CUST0280,2023-09-24,tier_upgrade,0,2351,Bronze,Web
LOY001973,CUST0281,2024-02-05,earn_flight,636,839,Bronze,Web
LOY001974,CUST0281,2024-07-23,redeem_voucher,-703,136,Bronze,Web
LOY001975,CUST0281,2024-02-27,earn_flight,1826,1962,Bronze,Agent
LOY001976,CUST0281,2023-11-22,earn_flight,1487,3449,Bronze,Web
LOY001977,CUST0281,2024-09-02,redeem_upgrade,-427,3022,Bronze,Agent
LOY001978,CUST0281,2024-03-13,earn_flight,591,3613,Bronze,Agent
LOY001979,CUST0282,2024-02-02,redeem_voucher,-1476,0,Bronze,Kiosk
LOY001980,CUST0282,2023-10-16,earn_flight,1907,1907,Bronze,Web
LOY001981,CUST0282,2024-02-21,earn_flight,874,2781,Bronze,Agent
LOY001982,CUST0282,2024-07-01,earn_bonus,1402,4183,Bronze,Web
LOY001983,CUST0282,2023-09-27,redeem_upgrade,-1402,2781,Bronze,Web
LOY001984,CUST0282,2024-06-07,redeem_upgrade,-871,1910,Bronze,Web
LOY001985,CUST0282,2023-10-04,earn_bonus,673,2583,Bronze,Web
LOY001986,CUST0282,2025-01-12,tier_upgrade,0,2583,Bronze,Kiosk
LOY001987,CUST0282,2024-03-12,redeem_upgrade,-1163,1420,Bronze,App
LOY001988,CUST0282,2024-01-29,earn_bonus,1638,3058,Bronze,Agent
LOY001989,CUST0282,2025-01-02,earn_bonus,466,3524,Bronze,Agent
LOY001990,CUST0282,2024-08-27,earn_bonus,1089,4613,Bronze,Kiosk
LOY001991,CUST0283,2024-09-24,earn_bonus,1719,2205,Bronze,App
LOY001992,CUST0283,2024-03-10,earn_flight,515,2720,Bronze,Kiosk
LOY001993,CUST0283,2024-04-07,earn_flight,726,3446,Bronze,Kiosk
LOY001994,CUST0283,2024-08-31,earn_bonus,1825,5271,Bronze,Agent
LOY001995,CUST0283,2024-04-27,earn_bonus,375,5646,Bronze,App
LOY001996,CUST0283,2024-06-08,earn_flight,820,6466,Bronze,Web
LOY001997,CUST0284,2024-11-29,earn_bonus,788,1386,Bronze,Kiosk
LOY001998,CUST0284,2024-11-14,earn_flight,937,2323,Bronze,Agent
LOY001999,CUST0285,2024-05-16,earn_flight,467,977,Bronze,Kiosk
LOY002000,CUST0285,2024-04-06,earn_flight,255,1232,Bronze,Agent
LOY002001,CUST0285,2023-11-03,earn_flight,1127,2359,Bronze,App
LOY002002,CUST0285,2024-05-20,redeem_voucher,-401,1958,Bronze,App
LOY002003,CUST0285,2023-10-23,earn_flight,1218,3176,Bronze,Web
LOY002004,CUST0285,2024-07-17,earn_flight,774,3950,Bronze,Agent
LOY002005,CUST0285,2024-06-15,redeem_upgrade,-762,3188,Bronze,Web
LOY002006,CUST0286,2024-05-04,earn_flight,713,8661,Gold,Agent
LOY002007,CUST0286,2024-07-30,redeem_upgrade,-1027,7634,Gold,Kiosk
LOY002008,CUST0286,2023-08-23,earn_flight,1149,8783,Gold,Web
LOY002009,CUST0286,2024-09-21,earn_flight,1581,10364,Gold,Web
LOY002010,CUST0287,2025-01-20,earn_bonus,1231,1717,Bronze,Kiosk
LOY002011,CUST0287,2024-11-25,earn_flight,275,1992,Bronze,Agent
LOY002012,CUST0287,2024-02-19,earn_flight,1529,3521,Bronze,Kiosk
LOY002013,CUST0287,2024-03-12,earn_flight,1846,5367,Bronze,App
LOY002014,CUST0287,2024-08-28,earn_flight,1889,7256,Bronze,Web
LOY002015,CUST0288,2025-01-03,redeem_voucher,-926,0,Bronze,Agent
LOY002016,CUST0288,2024-03-28,earn_flight,1504,1504,Bronze,Kiosk
LOY002017,CUST0289,2024-06-12,earn_flight,147,929,Bronze,App
LOY002018,CUST0289,2023-12-31,earn_flight,776,1705,Bronze,Kiosk
LOY002019,CUST0289,2024-09-04,earn_flight,900,2605,Bronze,App
LOY002020,CUST0289,2024-09-09,earn_flight,322,2927,Bronze,Agent
LOY002021,CUST0289,2024-11-15,earn_bonus,723,3650,Bronze,App
LOY002022,CUST0289,2024-02-02,earn_flight,1232,4882,Bronze,Web
LOY002023,CUST0289,2023-09-12,redeem_voucher,-1435,3447,Bronze,Kiosk
LOY002024,CUST0289,2023-09-07,earn_flight,242,3689,Bronze,Kiosk
LOY002025,CUST0289,2024-05-27,earn_flight,696,4385,Bronze,App
LOY002026,CUST0289,2024-11-18,earn_flight,1161,5546,Bronze,App
LOY002027,CUST0290,2024-10-04,earn_flight,326,502,Bronze,Web
LOY002028,CUST0290,2024-10-12,earn_flight,240,742,Bronze,Kiosk
LOY002029,CUST0290,2024-03-09,earn_flight,521,1263,Bronze,Agent
LOY002030,CUST0290,2024-10-26,redeem_voucher,-1172,91,Bronze,Web
LOY002031,CUST0290,2024-06-23,earn_bonus,1129,1220,Bronze,Kiosk
LOY002032,CUST0290,2024-05-19,earn_flight,392,1612,Bronze,Kiosk
LOY002033,CUST0290,2023-10-15,redeem_voucher,-1438,174,Bronze,Web
LOY002034,CUST0291,2024-12-25,earn_flight,1279,1818,Bronze,App
LOY002035,CUST0291,2023-11-12,earn_flight,1904,3722,Bronze,Kiosk
LOY002036,CUST0291,2024-07-31,redeem_upgrade,-809,2913,Bronze,Kiosk
LOY002037,CUST0291,2024-02-06,earn_flight,467,3380,Bronze,Kiosk
LOY002038,CUST0291,2024-11-21,earn_flight,1449,4829,Bronze,Web
LOY002039,CUST0291,2023-11-16,earn_flight,189,5018,Bronze,Web
LOY002040,CUST0291,2024-01-19,earn_flight,1386,6404,Bronze,Agent
LOY002041,CUST0292,2024-12-28,earn_flight,1660,5206,Gold,App
LOY002042,CUST0292,2024-08-22,earn_flight,315,5521,Gold,Agent
LOY002043,CUST0292,2024-10-03,earn_flight,617,6138,Gold,Web
LOY002044,CUST0292,2025-01-10,earn_flight,154,6292,Gold,App
LOY002045,CUST0292,2024-11-25,earn_flight,1627,7919,Gold,Kiosk
LOY002046,CUST0293,2023-09-18,earn_flight,334,534,Bronze,Web
LOY002047,CUST0293,2024-07-10,redeem_upgrade,-1150,0,Bronze,Kiosk
LOY002048,CUST0293,2024-11-25,earn_flight,1223,1223,Bronze,Web
LOY002049,CUST0293,2024-11-01,earn_flight,1780,3003,Bronze,Agent
LOY002050,CUST0293,2024-01-23,earn_flight,136,3139,Bronze,App
LOY002051,CUST0293,2024-02-08,earn_flight,1194,4333,Bronze,Kiosk
LOY002052,CUST0293,2024-01-30,earn_flight,1663,5996,Bronze,App
LOY002053,CUST0293,2024-05-16,earn_flight,833,6829,Bronze,Web
LOY002054,CUST0294,2024-03-19,earn_flight,197,419,Bronze,App
LOY002055,CUST0294,2024-09-13,redeem_upgrade,-1109,0,Bronze,App
LOY002056,CUST0295,2023-09-29,redeem_upgrade,-613,0,Bronze,Web
LOY002057,CUST0295,2024-08-28,redeem_voucher,-609,0,Bronze,App
LOY002058,CUST0296,2023-09-08,tier_upgrade,0,17,Bronze,Agent
LOY002059,CUST0296,2024-02-23,redeem_upgrade,-329,0,Bronze,Web
LOY002060,CUST0296,2023-11-17,redeem_upgrade,-543,0,Bronze,Web
LOY002061,CUST0296,2023-09-25,earn_flight,320,320,Bronze,Agent
LOY002062,CUST0296,2024-07-06,earn_bonus,488,808,Bronze,Web
LOY002063,CUST0296,2024-09-18,redeem_voucher,-447,361,Bronze,Web
LOY002064,CUST0296,2024-03-16,earn_flight,762,1123,Bronze,Web
LOY002065,CUST0296,2023-08-26,earn_flight,747,1870,Bronze,App
LOY002066,CUST0297,2024-11-22,earn_flight,1447,3841,Silver,Agent
LOY002067,CUST0297,2024-08-22,earn_flight,1913,5754,Silver,Web
LOY002068,CUST0297,2024-10-04,earn_flight,1326,7080,Silver,Kiosk
LOY002069,CUST0297,2023-11-23,redeem_upgrade,-1365,5715,Silver,Web
LOY002070,CUST0297,2024-04-24,tier_upgrade,0,5715,Silver,Agent
LOY002071,CUST0298,2023-12-25,earn_flight,1401,2048,Bronze,Agent
LOY002072,CUST0298,2024-12-16,earn_flight,136,2184,Bronze,Kiosk
LOY002073,CUST0298,2024-09-05,earn_bonus,1619,3803,Bronze,Web
LOY002074,CUST0298,2025-01-07,earn_bonus,127,3930,Bronze,Web
LOY002075,CUST0298,2023-09-01,earn_bonus,1936,5866,Bronze,App
LOY002076,CUST0298,2024-06-22,earn_flight,977,6843,Bronze,Web
LOY002077,CUST0298,2023-10-31,earn_flight,867,7710,Bronze,Kiosk
LOY002078,CUST0298,2024-06-09,earn_flight,869,8579,Bronze,Web
LOY002079,CUST0299,2024-11-07,redeem_upgrade,-873,82,Silver,Web
LOY002080,CUST0299,2024-05-21,earn_flight,1711,1793,Silver,App
LOY002081,CUST0299,2025-01-25,redeem_upgrade,-1049,744,Silver,Agent
LOY002082,CUST0299,2023-09-04,earn_flight,1600,2344,Silver,Agent
LOY002083,CUST0299,2024-07-26,earn_flight,1204,3548,Silver,App
LOY002084,CUST0300,2024-03-25,earn_bonus,881,2698,Silver,Agent
LOY002085,CUST0300,2024-02-14,earn_flight,112,2810,Silver,App
LOY002086,CUST0300,2024-12-26,earn_flight,494,3304,Silver,App
LOY002087,CUST0300,2024-01-02,redeem_voucher,-457,2847,Silver,App
LOY002088,CUST0300,2024-02-04,earn_bonus,1802,4649,Silver,Web
LOY002089,CUST0300,2024-04-08,earn_bonus,972,5621,Silver,Kiosk
LOY002090,CUST0300,2024-06-24,earn_flight,504,6125,Silver,Web
LOY002091,CUST0300,2024-10-18,earn_flight,609,6734,Silver,Agent
LOY002092,CUST0300,2024-05-29,earn_bonus,1401,8135,Silver,Web
LOY002093,CUST0300,2024-05-15,redeem_voucher,-1185,6950,Silver,App
LOY002094,CUST0300,2024-08-13,earn_flight,443,7393,Silver,Kiosk
LOY002095,CUST0300,2024-11-04,earn_flight,1348,8741,Silver,Kiosk
